algorithm,sweep_parameter,sweep_value,num_users_per_request,request_seed,topology_seed,num_nodes,num_edges,average_edge_length_km,trial,throughput_qbps,realized_throughput,realized_successful_ghz_count,ilp_expected_objective,ilp_expected_throughput_term,ilp_covered_requests,ilp_selected_tree_count,deployed_source_count,served_requests,failed_requests,per_request_ghz,request_batch,ordered_requests,cost,used_budget,candidate_edge_count,effective_capacity,placement_runtime,link_deployment_runtime,routing_runtime,placement_and_routing_runtime,algorithm_running_time,total_runtime,deployed_dict,seed,source_seed,link_seed,operation_seed_base,request_operation_seeds,master_seed,request_order_seed,source_metadata,ci95_halfwidth,throughput_ci95_halfwidth,placement_runtime_ci95_halfwidth,link_deployment_runtime_ci95_halfwidth,routing_runtime_ci95_halfwidth,placement_and_routing_runtime_ci95_halfwidth,algorithm_running_time_ci95_halfwidth,total_runtime_ci95_halfwidth
BT-MP_t,num_users_per_request,3,3,593145736,,25,40,10.0,0,1.0,1.0,1.0,,,,,40,1,3,"[1, 0, 0, 0]","[[4, 18, 12], [19, 13, 21], [3, 1, 15], [12, 6, 4]]","[[4, 18, 12], [19, 13, 21], [3, 1, 15], [12, 6, 4]]",40,40,40,160,0.0023577000000010173,0.0006721000000009525,0.0021079000000003845,0.004465600000001402,0.005654399999999171,0.005654399999999171,"{(12, 13): 1, (7, 12): 1, (11, 12): 1, (12, 17): 1, (6, 7): 1, (7, 8): 1, (6, 11): 1, (8, 13): 1, (11, 16): 1, (13, 18): 1, (16, 17): 1, (17, 18): 1, (2, 7): 1, (10, 11): 1, (13, 14): 1, (17, 22): 1, (16, 21): 1, (18, 19): 1, (18, 23): 1, (3, 8): 1, (5, 6): 1, (8, 9): 1, (15, 16): 1, (1, 6): 1, (1, 2): 1, (2, 3): 1, (5, 10): 1, (9, 14): 1, (10, 15): 1, (14, 19): 1, (21, 22): 1, (22, 23): 1, (4, 9): 1, (0, 1): 1, (0, 5): 1, (3, 4): 1, (15, 20): 1, (19, 24): 1, (20, 21): 1, (23, 24): 1}",1917356134,3074377297,2012288188,689960118,"[4265918666, 2813778286, 1199889537, 3769681090]",1,4029182149,"{'betweenness_scores': {(0, 1): 0.04896031746031746, (0, 5): 0.04896031746031746, (1, 2): 0.06992857142857144, (1, 6): 0.0758253968253968, (5, 6): 0.07582539682539681, (5, 10): 0.06992857142857144, (2, 3): 0.06992857142857144, (2, 7): 0.08376190476190479, (6, 7): 0.11528571428571432, (6, 11): 0.11528571428571428, (3, 4): 0.04896031746031746, (3, 8): 0.07582539682539681, (7, 8): 0.11528571428571431, (7, 12): 0.12957142857142856, (4, 9): 0.04896031746031747, (8, 9): 0.07582539682539681, (8, 13): 0.11528571428571428, (9, 14): 0.06992857142857144, (10, 11): 0.08376190476190479, (10, 15): 0.06992857142857144, (11, 12): 0.12957142857142856, (11, 16): 0.11528571428571428, (12, 13): 0.1295714285714286, (12, 17): 0.12957142857142856, (13, 14): 0.08376190476190479, (13, 18): 0.11528571428571428, (14, 19): 0.06992857142857144, (15, 16): 0.07582539682539681, (15, 20): 0.04896031746031746, (16, 17): 0.11528571428571428, (16, 21): 0.07582539682539682, (17, 18): 0.11528571428571428, (17, 22): 0.08376190476190476, (18, 19): 0.07582539682539682, (18, 23): 0.07582539682539682, (19, 24): 0.04896031746031746, (20, 21): 0.04896031746031746, (21, 22): 0.06992857142857144, (22, 23): 0.06992857142857144, (23, 24): 0.04896031746031746}, 'allocation': {(0, 1): 1, (0, 5): 1, (1, 2): 1, (1, 6): 1, (2, 3): 1, (2, 7): 1, (3, 4): 1, (3, 8): 1, (4, 9): 1, (5, 6): 1, (5, 10): 1, (6, 7): 1, (6, 11): 1, (7, 8): 1, (7, 12): 1, (8, 9): 1, (8, 13): 1, (9, 14): 1, (10, 11): 1, (10, 15): 1, (11, 12): 1, (11, 16): 1, (12, 13): 1, (12, 17): 1, (13, 14): 1, (13, 18): 1, (14, 19): 1, (15, 16): 1, (15, 20): 1, (16, 17): 1, (16, 21): 1, (17, 18): 1, (17, 22): 1, (18, 19): 1, (18, 23): 1, (19, 24): 1, (20, 21): 1, (21, 22): 1, (22, 23): 1, (23, 24): 1}, 'used_budget': 40, 'candidate_edge_count': 40, 'effective_capacity': 160}",,,,,,,,
BT-MP_t,num_users_per_request,3,3,593145736,,25,40,10.0,SUMMARY,1.0,1.0,1.0,,,,,,,,,,,,,,,0.0023577000000010173,0.0006721000000009525,0.0021079000000003845,0.004465600000001402,0.005654399999999171,0.005654399999999171,,,,,,,1,,,0.0,0.0,0.0,0.0,0.0,0.0,0.0,0.0
DP-MP_t,num_users_per_request,3,3,593145736,,25,40,10.0,0,1.0,1.0,1.0,,,,,40,1,3,"[1, 0, 0, 0]","[[4, 18, 12], [19, 13, 21], [3, 1, 15], [12, 6, 4]]","[[4, 18, 12], [19, 13, 21], [3, 1, 15], [12, 6, 4]]",40,40,40,160,0.027497399999999672,0.0005047999999998609,0.0017822000000009552,0.029279600000000627,0.030235599999999252,0.030235599999999252,"{(1, 2): 2, (1, 6): 2, (2, 3): 2, (3, 4): 2, (3, 8): 1, (4, 9): 2, (5, 10): 1, (6, 7): 1, (6, 11): 2, (7, 8): 2, (7, 12): 2, (8, 9): 1, (8, 13): 1, (9, 14): 1, (10, 15): 2, (11, 12): 2, (11, 16): 1, (12, 13): 2, (12, 17): 2, (13, 14): 2, (13, 18): 2, (14, 19): 1, (16, 21): 1, (17, 18): 1, (18, 19): 1, (21, 22): 1}",1401080234,1198487884,2012288188,689960118,"[4265918666, 2813778286, 1199889537, 3769681090]",1,4029182149,"{'used_budget': 40, 'candidate_edge_count': 40, 'effective_capacity': 160, 'dp_candidate_seed': 3229805457, 'dp_candidate_tree_counts': {0: 4, 1: 4, 2: 4, 3: 4}, 'dp_path_edge_count': 40, 'dp_allocation': {(0, 1): 0, (0, 5): 0, (1, 2): 2, (1, 6): 2, (2, 3): 2, (2, 7): 0, (3, 4): 2, (3, 8): 1, (4, 9): 2, (5, 6): 0, (5, 10): 1, (6, 7): 1, (6, 11): 2, (7, 8): 2, (7, 12): 2, (8, 9): 1, (8, 13): 1, (9, 14): 1, (10, 11): 0, (10, 15): 2, (11, 12): 2, (11, 16): 1, (12, 13): 2, (12, 17): 2, (13, 14): 2, (13, 18): 2, (14, 19): 1, (15, 16): 0, (15, 20): 0, (16, 17): 0, (16, 21): 1, (17, 18): 1, (17, 22): 0, (18, 19): 1, (18, 23): 0, (19, 24): 0, (20, 21): 0, (21, 22): 1, (22, 23): 0, (23, 24): 0}, 'dp_value': 10.063972155731298, 'dp_parts': {'F_topo': {(3, 4): 0.6617981174942295, (3, 8): 0.9259980525802042, (8, 13): 0.9578059071728648, (13, 18): 0.9675430055175571, (4, 9): 0.5709185329437713, (8, 9): 0.2671210645893824, (9, 14): 0.40214216163577754, (13, 14): 0.3326841934436417, (14, 19): 0.4904251866276513, (18, 19): 0.72963323596225, (2, 3): 0.6975008114247667, (2, 7): 0.39857189224272405, (7, 12): 0.7182732878934429, (7, 8): 0.5443037974682803, (12, 13): 0.9999999999998637, (1, 2): 0.6062966569294855, (1, 6): 0.7705290490099567, (6, 11): 0.881207400194622, (11, 16): 0.6919831223627751, (16, 21): 0.7101590392728669, (6, 7): 0.7426160337551729, (11, 12): 0.6432976306393149, (12, 17): 0.5705939629989485, (16, 17): 0.7169750081141508, (17, 18): 0.8493995456019614, (17, 22): 0.20772476468676174, (21, 22): 0.372606296656879, (18, 23): 0.08893216488151985, (22, 23): 0.12690684842581848, (19, 24): 0.0, (23, 24): 0.0, (0, 1): 0.006815968841284368, (0, 5): 0.006815968841284368, (5, 10): 0.12236286919829556, (10, 15): 0.3612463485880717, (5, 6): 0.07757221681271256, (10, 11): 0.20090879584547738, (15, 16): 0.7215189873416737, (20, 21): 0.030185004868545064, (15, 20): 0.030185004868545064}, 'F_demand': {(0, 1): 0.16666666666663887, (0, 5): 0.16666666666663887, (1, 2): 0.6666666666665555, (1, 6): 0.6666666666665555, (2, 3): 0.8333333333331945, (2, 7): 0.16666666666663887, (3, 4): 0.6666666666665555, (3, 8): 0.4999999999999167, (4, 9): 0.6666666666665555, (5, 6): 0.16666666666663887, (5, 10): 0.33333333333327775, (6, 7): 0.4999999999999167, (6, 11): 0.6666666666665555, (7, 8): 0.4999999999999167, (7, 12): 0.6666666666665555, (8, 9): 0.33333333333327775, (8, 13): 0.33333333333327775, (9, 14): 0.33333333333327775, (10, 11): 0.16666666666663887, (10, 15): 0.4999999999999167, (11, 12): 0.4999999999999167, (11, 16): 0.33333333333327775, (12, 13): 0.9999999999998334, (12, 17): 0.4999999999999167, (13, 14): 0.4999999999999167, (13, 18): 0.6666666666665555, (14, 19): 0.4999999999999167, (15, 16): 0.16666666666663887, (15, 20): 0.0, (16, 17): 0.16666666666663887, (16, 21): 0.33333333333327775, (17, 18): 0.4999999999999167, (17, 22): 0.16666666666663887, (18, 19): 0.4999999999999167, (18, 23): 0.0, (19, 24): 0.16666666666663887, (20, 21): 0.0, (21, 22): 0.33333333333327775, (22, 23): 0.16666666666663887, (23, 24): 0.16666666666663887}, 'F_qual': {(0, 1): 0.0, (0, 5): 0.0, (1, 2): 0.0, (1, 6): 0.0, (2, 3): 0.0, (2, 7): 0.0, (3, 4): 0.0, (3, 8): 0.0, (4, 9): 0.0, (5, 6): 0.0, (5, 10): 0.0, (6, 7): 0.0, (6, 11): 0.0, (7, 8): 0.0, (7, 12): 0.0, (8, 9): 0.0, (8, 13): 0.0, (9, 14): 0.0, (10, 11): 0.0, (10, 15): 0.0, (11, 12): 0.0, (11, 16): 0.0, (12, 13): 0.0, (12, 17): 0.0, (13, 14): 0.0, (13, 18): 0.0, (14, 19): 0.0, (15, 16): 0.0, (15, 20): 0.0, (16, 17): 0.0, (16, 21): 0.0, (17, 18): 0.0, (17, 22): 0.0, (18, 19): 0.0, (18, 23): 0.0, (19, 24): 0.0, (20, 21): 0.0, (21, 22): 0.0, (22, 23): 0.0, (23, 24): 0.0}, 'F_overlap': {(0, 1): 0.0, (0, 5): 0.0, (1, 2): 0.0, (1, 6): 0.0, (2, 3): 0.0, (2, 7): 0.0, (3, 4): 0.0, (3, 8): 0.0, (4, 9): 0.0, (5, 6): 0.0, (5, 10): 0.0, (6, 7): 0.0, (6, 11): 0.0, (7, 8): 0.0, (7, 12): 0.0, (8, 9): 0.0, (8, 13): 0.0, (9, 14): 0.0, (10, 11): 0.0, (10, 15): 0.0, (11, 12): 0.0, (11, 16): 0.0, (12, 13): 0.0, (12, 17): 0.0, (13, 14): 0.0, (13, 18): 0.0, (14, 19): 0.0, (15, 16): 0.0, (15, 20): 0.0, (16, 17): 0.0, (16, 21): 0.0, (17, 18): 0.0, (17, 22): 0.0, (18, 19): 0.0, (18, 23): 0.0, (19, 24): 0.0, (20, 21): 0.0, (21, 22): 0.0, (22, 23): 0.0, (23, 24): 0.0}}, 'dp_total_pairs': 40}",,,,,,,,
DP-MP_t,num_users_per_request,3,3,593145736,,25,40,10.0,SUMMARY,1.0,1.0,1.0,,,,,,,,,,,,,,,0.027497399999999672,0.0005047999999998609,0.0017822000000009552,0.029279600000000627,0.030235599999999252,0.030235599999999252,,,,,,,1,,,0.0,0.0,0.0,0.0,0.0,0.0,0.0,0.0
LP_R-MP_t,num_users_per_request,3,3,593145736,,25,40,10.0,0,1.0,1.0,1.0,4000.238187250793,0.2381872507928977,4,7,40,1,3,"[1, 0, 0, 0]","[[4, 18, 12], [19, 13, 21], [3, 1, 15], [12, 6, 4]]","[[4, 18, 12], [19, 13, 21], [3, 1, 15], [12, 6, 4]]",40,40,40,160,0.49968460000000015,0.0004257000000009725,0.0024581000000001296,0.5021427000000003,0.502893199999999,0.502893199999999,"{(0, 1): 1, (0, 5): 1, (1, 2): 2, (1, 6): 1, (2, 3): 2, (3, 4): 3, (3, 8): 2, (4, 9): 2, (5, 10): 1, (6, 7): 2, (6, 11): 1, (7, 8): 2, (7, 12): 2, (8, 9): 2, (8, 13): 2, (10, 15): 1, (11, 12): 1, (12, 13): 2, (12, 17): 1, (13, 14): 1, (13, 18): 3, (14, 19): 1, (17, 18): 1, (17, 22): 1, (18, 19): 1, (21, 22): 1}",148139878,1899179786,2012288188,689960118,"[4265918666, 2813778286, 1199889537, 3769681090]",1,4029182149,"{'lp_objective': 4000.238187250793, 'ilp_expected_objective': 4000.238187250793, 'ilp_expected_throughput_term': 0.2381872507928977, 'ilp_covered_requests': 4, 'ilp_selected_tree_count': 7, 'deployed_source_count': 40, 'ilp_objective_mode': 'coverage_expected_throughput', 'lp_status': 'OPTIMAL', 'lp_candidate_seed': 1934997417, 'lp_solver_seed': 1901584977, 'lp_selected_trees': 7, 'lp_candidate_tree_counts': {0: 10, 1: 8, 2: 5, 3: 11}, 'lp_minimum_routing_source_placement': None, 'lp_used_budget': 40, 'lp_memory_load': {0: 2, 1: 4, 2: 4, 3: 7, 4: 5, 5: 2, 6: 4, 7: 6, 8: 8, 9: 4, 10: 2, 11: 2, 12: 6, 13: 8, 14: 2, 15: 1, 17: 3, 18: 5, 19: 2, 21: 1, 22: 2}, 'used_budget': 40, 'candidate_edge_count': 40, 'effective_capacity': 160}",,,,,,,,
LP_R-MP_t,num_users_per_request,3,3,593145736,,25,40,10.0,SUMMARY,1.0,1.0,1.0,,,,,,,,,,,,,,,0.49968460000000015,0.0004257000000009725,0.0024581000000001296,0.5021427000000003,0.502893199999999,0.502893199999999,,,,,,,1,,,0.0,0.0,0.0,0.0,0.0,0.0,0.0,0.0
ILP_CG-MP_t,num_users_per_request,3,3,593145736,,25,40,10.0,0,0.0,0.0,0.0,4000.1850939921896,0.18509399218934652,4,7,40,0,4,"[0, 0, 0, 0]","[[4, 18, 12], [19, 13, 21], [3, 1, 15], [12, 6, 4]]","[[4, 18, 12], [19, 13, 21], [3, 1, 15], [12, 6, 4]]",40,40,40,160,0.4665809000000003,0.0004758999999996405,0.0006670999999993654,0.46724799999999966,0.4681653000000008,0.4681653000000008,"{(0, 1): 1, (0, 5): 1, (1, 2): 2, (1, 6): 1, (2, 3): 3, (2, 7): 1, (3, 4): 2, (3, 8): 1, (4, 9): 1, (5, 10): 1, (6, 7): 2, (6, 11): 1, (7, 8): 2, (7, 12): 3, (8, 9): 1, (10, 15): 1, (11, 16): 1, (12, 17): 1, (13, 14): 2, (13, 18): 1, (14, 19): 2, (15, 16): 1, (17, 18): 2, (17, 22): 1, (19, 24): 1, (21, 22): 2, (22, 23): 1, (23, 24): 1}",3403111947,1899179786,2012288188,689960118,"[4265918666, 2813778286, 1199889537, 3769681090]",1,4029182149,"{'ilp_objective': 4000.1850939921896, 'ilp_expected_objective': 4000.1850939921896, 'ilp_expected_throughput_term': 0.18509399218934652, 'ilp_covered_requests': 4, 'ilp_selected_tree_count': 7, 'deployed_source_count': 40, 'ilp_objective_mode': 'coverage_expected_throughput', 'ilp_use_redundancy_reward': False, 'ilp_spend_remaining_budget_after_solve': True, 'ilp_status': 'OPTIMAL', 'ilp_cg_iterations': 1, 'ilp_cg_added_columns': 4, 'ilp_cg_pricing_mode': 'candidate_pool_exact', 'ilp_cg_pricing_pool_trees': 32, 'ilp_cg_pricing_pool_seed': 1934997417, 'ilp_cg_initial_seed': 1934997417, 'ilp_cg_final_solver_seed': 4122478884, 'ilp_cg_max_trees_per_request': 2, 'ilp_cg_max_pricing_columns_per_request': 1, 'ilp_selected_trees': 7, 'ilp_candidate_tree_counts': {0: 3, 1: 3, 2: 3, 3: 3}, 'ilp_minimum_routing_source_placement': {(0, 1): 1, (0, 5): 1, (1, 2): 2, (1, 6): 1, (2, 3): 3, (2, 7): 1, (3, 4): 2, (3, 8): 1, (4, 9): 1, (5, 10): 1, (6, 7): 2, (6, 11): 1, (7, 8): 2, (7, 12): 3, (8, 9): 1, (10, 15): 1, (11, 16): 1, (12, 17): 1, (13, 14): 2, (13, 18): 1, (14, 19): 2, (15, 16): 1, (17, 18): 2, (17, 22): 1, (19, 24): 1, (21, 22): 2, (22, 23): 1, (23, 24): 1}, 'ilp_optimized_z_used_budget': 40, 'ilp_deployed_used_budget': 40, 'ilp_redundant_used_budget': 40, 'ilp_redundant_routing_source_placement': {(0, 1): 1, (0, 5): 1, (1, 2): 2, (1, 6): 1, (2, 3): 3, (2, 7): 1, (3, 4): 2, (3, 8): 1, (4, 9): 1, (5, 10): 1, (6, 7): 2, (6, 11): 1, (7, 8): 2, (7, 12): 3, (8, 9): 1, (10, 15): 1, (11, 16): 1, (12, 17): 1, (13, 14): 2, (13, 18): 1, (14, 19): 2, (15, 16): 1, (17, 18): 2, (17, 22): 1, (19, 24): 1, (21, 22): 2, (22, 23): 1, (23, 24): 1}, 'ilp_redundant_memory_load': {0: 2, 1: 4, 2: 6, 3: 6, 4: 3, 5: 2, 6: 4, 7: 8, 8: 4, 9: 2, 10: 2, 11: 2, 12: 4, 13: 3, 14: 4, 15: 2, 16: 2, 17: 4, 18: 3, 19: 3, 21: 2, 22: 4, 23: 2, 24: 2}, 'used_budget': 40, 'candidate_edge_count': 40, 'effective_capacity': 160}",,,,,,,,
ILP_CG-MP_t,num_users_per_request,3,3,593145736,,25,40,10.0,SUMMARY,0.0,0.0,0.0,,,,,,,,,,,,,,,0.4665809000000003,0.0004758999999996405,0.0006670999999993654,0.46724799999999966,0.4681653000000008,0.4681653000000008,,,,,,,1,,,0.0,0.0,0.0,0.0,0.0,0.0,0.0,0.0
ILP-MP_t,num_users_per_request,3,3,593145736,,25,40,10.0,0,1.0,1.0,1.0,4000.1850939921896,0.18509399218934652,4,7,40,1,3,"[1, 0, 0, 0]","[[4, 18, 12], [19, 13, 21], [3, 1, 15], [12, 6, 4]]","[[4, 18, 12], [19, 13, 21], [3, 1, 15], [12, 6, 4]]",40,40,40,160,0.03765469999999915,0.000456800000000257,0.0016124999999984624,0.039267199999997615,0.04005820000000071,0.04005820000000071,"{(0, 1): 1, (0, 5): 1, (1, 2): 1, (2, 3): 1, (3, 4): 2, (3, 8): 2, (4, 9): 3, (5, 10): 1, (6, 7): 1, (6, 11): 1, (7, 8): 2, (7, 12): 2, (8, 9): 2, (8, 13): 2, (9, 14): 1, (10, 15): 1, (11, 12): 1, (12, 13): 3, (12, 17): 1, (13, 14): 1, (13, 18): 2, (14, 19): 2, (17, 18): 1, (18, 19): 1, (19, 24): 1, (21, 22): 1, (22, 23): 1, (23, 24): 1}",314954152,1899179786,2012288188,689960118,"[4265918666, 2813778286, 1199889537, 3769681090]",1,4029182149,"{'ilp_objective': 4000.1850939921896, 'ilp_expected_objective': 4000.1850939921896, 'ilp_expected_throughput_term': 0.18509399218934652, 'ilp_covered_requests': 4, 'ilp_selected_tree_count': 7, 'deployed_source_count': 40, 'ilp_objective_mode': 'coverage_expected_throughput', 'ilp_use_redundancy_reward': False, 'ilp_spend_remaining_budget_after_solve': True, 'ilp_status': 'OPTIMAL', 'ilp_candidate_seed': 1934997417, 'ilp_solver_seed': 1714257075, 'ilp_selected_trees': 7, 'ilp_candidate_tree_counts': {0: 4, 1: 4, 2: 4, 3: 4}, 'ilp_minimum_routing_source_placement': {(0, 1): 1, (0, 5): 1, (1, 2): 1, (2, 3): 1, (3, 4): 2, (3, 8): 2, (4, 9): 3, (5, 10): 1, (6, 7): 1, (6, 11): 1, (7, 8): 2, (7, 12): 2, (8, 9): 2, (8, 13): 2, (9, 14): 1, (10, 15): 1, (11, 12): 1, (12, 13): 3, (12, 17): 1, (13, 14): 1, (13, 18): 2, (14, 19): 2, (17, 18): 1, (18, 19): 1, (19, 24): 1, (21, 22): 1, (22, 23): 1, (23, 24): 1}, 'ilp_optimized_z_used_budget': 40, 'ilp_deployed_used_budget': 40, 'ilp_redundant_used_budget': 40, 'ilp_redundant_routing_source_placement': {(0, 1): 1, (0, 5): 1, (1, 2): 1, (2, 3): 1, (3, 4): 2, (3, 8): 2, (4, 9): 3, (5, 10): 1, (6, 7): 1, (6, 11): 1, (7, 8): 2, (7, 12): 2, (8, 9): 2, (8, 13): 2, (9, 14): 1, (10, 15): 1, (11, 12): 1, (12, 13): 3, (12, 17): 1, (13, 14): 1, (13, 18): 2, (14, 19): 2, (17, 18): 1, (18, 19): 1, (19, 24): 1, (21, 22): 1, (22, 23): 1, (23, 24): 1}, 'ilp_redundant_memory_load': {0: 2, 1: 2, 2: 2, 3: 5, 4: 5, 5: 2, 6: 2, 7: 5, 8: 8, 9: 6, 10: 2, 11: 2, 12: 7, 13: 8, 14: 4, 15: 1, 17: 2, 18: 4, 19: 4, 21: 1, 22: 2, 23: 2, 24: 2}, 'used_budget': 40, 'candidate_edge_count': 40, 'effective_capacity': 160}",,,,,,,,
ILP-MP_t,num_users_per_request,3,3,593145736,,25,40,10.0,SUMMARY,1.0,1.0,1.0,,,,,,,,,,,,,,,0.03765469999999915,0.000456800000000257,0.0016124999999984624,0.039267199999997615,0.04005820000000071,0.04005820000000071,,,,,,,1,,,0.0,0.0,0.0,0.0,0.0,0.0,0.0,0.0
BT-MP_t,num_users_per_request,4,4,593145736,,25,40,10.0,0,1.0,1.0,1.0,,,,,40,1,3,"[1, 0, 0, 0]","[[4, 18, 12, 7], [19, 13, 21, 8], [3, 1, 15, 17], [12, 6, 4, 1]]","[[4, 18, 12, 7], [19, 13, 21, 8], [3, 1, 15, 17], [12, 6, 4, 1]]",40,40,40,160,0.002265400000000639,0.00042179999999980566,0.0015471999999991937,0.003812599999999833,0.0046882999999997566,0.0046882999999997566,"{(12, 13): 1, (7, 12): 1, (11, 12): 1, (12, 17): 1, (6, 7): 1, (7, 8): 1, (6, 11): 1, (8, 13): 1, (11, 16): 1, (13, 18): 1, (16, 17): 1, (17, 18): 1, (2, 7): 1, (10, 11): 1, (13, 14): 1, (17, 22): 1, (16, 21): 1, (18, 19): 1, (18, 23): 1, (3, 8): 1, (5, 6): 1, (8, 9): 1, (15, 16): 1, (1, 6): 1, (1, 2): 1, (2, 3): 1, (5, 10): 1, (9, 14): 1, (10, 15): 1, (14, 19): 1, (21, 22): 1, (22, 23): 1, (4, 9): 1, (0, 1): 1, (0, 5): 1, (3, 4): 1, (15, 20): 1, (19, 24): 1, (20, 21): 1, (23, 24): 1}",1917356134,3074377297,2012288188,689960118,"[4265918666, 2813778286, 1199889537, 3769681090]",1,4029182149,"{'betweenness_scores': {(0, 1): 0.04896031746031746, (0, 5): 0.04896031746031746, (1, 2): 0.06992857142857144, (1, 6): 0.0758253968253968, (5, 6): 0.07582539682539681, (5, 10): 0.06992857142857144, (2, 3): 0.06992857142857144, (2, 7): 0.08376190476190479, (6, 7): 0.11528571428571432, (6, 11): 0.11528571428571428, (3, 4): 0.04896031746031746, (3, 8): 0.07582539682539681, (7, 8): 0.11528571428571431, (7, 12): 0.12957142857142856, (4, 9): 0.04896031746031747, (8, 9): 0.07582539682539681, (8, 13): 0.11528571428571428, (9, 14): 0.06992857142857144, (10, 11): 0.08376190476190479, (10, 15): 0.06992857142857144, (11, 12): 0.12957142857142856, (11, 16): 0.11528571428571428, (12, 13): 0.1295714285714286, (12, 17): 0.12957142857142856, (13, 14): 0.08376190476190479, (13, 18): 0.11528571428571428, (14, 19): 0.06992857142857144, (15, 16): 0.07582539682539681, (15, 20): 0.04896031746031746, (16, 17): 0.11528571428571428, (16, 21): 0.07582539682539682, (17, 18): 0.11528571428571428, (17, 22): 0.08376190476190476, (18, 19): 0.07582539682539682, (18, 23): 0.07582539682539682, (19, 24): 0.04896031746031746, (20, 21): 0.04896031746031746, (21, 22): 0.06992857142857144, (22, 23): 0.06992857142857144, (23, 24): 0.04896031746031746}, 'allocation': {(0, 1): 1, (0, 5): 1, (1, 2): 1, (1, 6): 1, (2, 3): 1, (2, 7): 1, (3, 4): 1, (3, 8): 1, (4, 9): 1, (5, 6): 1, (5, 10): 1, (6, 7): 1, (6, 11): 1, (7, 8): 1, (7, 12): 1, (8, 9): 1, (8, 13): 1, (9, 14): 1, (10, 11): 1, (10, 15): 1, (11, 12): 1, (11, 16): 1, (12, 13): 1, (12, 17): 1, (13, 14): 1, (13, 18): 1, (14, 19): 1, (15, 16): 1, (15, 20): 1, (16, 17): 1, (16, 21): 1, (17, 18): 1, (17, 22): 1, (18, 19): 1, (18, 23): 1, (19, 24): 1, (20, 21): 1, (21, 22): 1, (22, 23): 1, (23, 24): 1}, 'used_budget': 40, 'candidate_edge_count': 40, 'effective_capacity': 160}",,,,,,,,
BT-MP_t,num_users_per_request,4,4,593145736,,25,40,10.0,SUMMARY,1.0,1.0,1.0,,,,,,,,,,,,,,,0.002265400000000639,0.00042179999999980566,0.0015471999999991937,0.003812599999999833,0.0046882999999997566,0.0046882999999997566,,,,,,,1,,,0.0,0.0,0.0,0.0,0.0,0.0,0.0,0.0
DP-MP_t,num_users_per_request,4,4,593145736,,25,40,10.0,0,1.0,1.0,1.0,,,,,40,1,3,"[1, 0, 0, 0]","[[4, 18, 12, 7], [19, 13, 21, 8], [3, 1, 15, 17], [12, 6, 4, 1]]","[[4, 18, 12, 7], [19, 13, 21, 8], [3, 1, 15, 17], [12, 6, 4, 1]]",40,40,40,160,0.05064759999999957,0.0013164000000003284,0.0032845999999988607,0.05393219999999843,0.055677800000001554,0.055677800000001554,"{(1, 2): 2, (1, 6): 2, (2, 3): 3, (3, 4): 2, (3, 8): 1, (4, 9): 2, (6, 7): 1, (6, 11): 1, (7, 8): 1, (7, 12): 2, (8, 9): 1, (8, 13): 2, (9, 14): 1, (10, 15): 1, (11, 12): 1, (12, 13): 2, (12, 17): 2, (13, 14): 1, (13, 18): 2, (14, 19): 1, (15, 16): 1, (16, 17): 2, (16, 21): 1, (17, 18): 2, (17, 22): 1, (18, 19): 1, (21, 22): 1}",1401080234,1198487884,2012288188,689960118,"[4265918666, 2813778286, 1199889537, 3769681090]",1,4029182149,"{'used_budget': 40, 'candidate_edge_count': 40, 'effective_capacity': 160, 'dp_candidate_seed': 3229805457, 'dp_candidate_tree_counts': {0: 4, 1: 4, 2: 4, 3: 4}, 'dp_path_edge_count': 40, 'dp_allocation': {(0, 1): 0, (0, 5): 0, (1, 2): 2, (1, 6): 2, (2, 3): 3, (2, 7): 0, (3, 4): 2, (3, 8): 1, (4, 9): 2, (5, 6): 0, (5, 10): 0, (6, 7): 1, (6, 11): 1, (7, 8): 1, (7, 12): 2, (8, 9): 1, (8, 13): 2, (9, 14): 1, (10, 11): 0, (10, 15): 1, (11, 12): 1, (11, 16): 0, (12, 13): 2, (12, 17): 2, (13, 14): 1, (13, 18): 2, (14, 19): 1, (15, 16): 1, (15, 20): 0, (16, 17): 2, (16, 21): 1, (17, 18): 2, (17, 22): 1, (18, 19): 1, (18, 23): 0, (19, 24): 0, (20, 21): 0, (21, 22): 1, (22, 23): 0, (23, 24): 0}, 'dp_value': 10.508029533438421, 'dp_parts': {'F_topo': {(3, 4): 0.4611044623012146, (3, 8): 0.7546589160539724, (8, 13): 0.9999999999999282, (13, 18): 0.8052658574114656, (4, 9): 0.4036587450846005, (8, 9): 0.25799281928532924, (9, 14): 0.26927679945287847, (13, 14): 0.23747649170796722, (14, 19): 0.3492904770045908, (18, 19): 0.5231663532227353, (2, 3): 0.4763207385877583, (2, 7): 0.3727132843220794, (7, 12): 0.9516156607966494, (7, 8): 0.8216789194733553, (12, 13): 0.7888527953495758, (1, 2): 0.4210976235253585, (1, 6): 0.5195759958966969, (6, 11): 0.611386561805393, (11, 16): 0.5093178321080161, (16, 21): 0.5069242605573239, (6, 7): 0.7190972815865444, (11, 12): 0.4657206360061212, (12, 17): 0.8534792272182667, (16, 17): 0.6002735510343215, (17, 18): 0.755000854846928, (17, 22): 0.18481791759273772, (21, 22): 0.2788510856556477, (18, 23): 0.05402632928705373, (22, 23): 0.07402974867498185, (19, 24): 0.0, (23, 24): 0.0, (0, 1): 0.0035903573260383805, (0, 5): 0.0035903573260383805, (5, 10): 0.08360403487775087, (10, 15): 0.25491537014872506, (5, 6): 0.06001025816378438, (10, 11): 0.15130791588304615, (15, 16): 0.5308599760642461, (20, 21): 0.015900153872455688, (15, 20): 0.015900153872455688}, 'F_demand': {(0, 1): 0.14285714285712245, (0, 5): 0.14285714285712245, (1, 2): 0.8571428571427346, (1, 6): 0.8571428571427346, (2, 3): 0.9999999999998571, (2, 7): 0.14285714285712245, (3, 4): 0.5714285714284898, (3, 8): 0.2857142857142449, (4, 9): 0.5714285714284898, (5, 6): 0.0, (5, 10): 0.14285714285712245, (6, 7): 0.4285714285713673, (6, 11): 0.4285714285713673, (7, 8): 0.2857142857142449, (7, 12): 0.9999999999998571, (8, 9): 0.2857142857142449, (8, 13): 0.8571428571427346, (9, 14): 0.2857142857142449, (10, 11): 0.14285714285712245, (10, 15): 0.2857142857142449, (11, 12): 0.4285714285713673, (11, 16): 0.14285714285712245, (12, 13): 0.8571428571427346, (12, 17): 0.5714285714284898, (13, 14): 0.4285714285713673, (13, 18): 0.7142857142856123, (14, 19): 0.4285714285713673, (15, 16): 0.4285714285713673, (15, 20): 0.14285714285712245, (16, 17): 0.5714285714284898, (16, 21): 0.2857142857142449, (17, 18): 0.5714285714284898, (17, 22): 0.2857142857142449, (18, 19): 0.4285714285713673, (18, 23): 0.0, (19, 24): 0.14285714285712245, (20, 21): 0.14285714285712245, (21, 22): 0.4285714285713673, (22, 23): 0.14285714285712245, (23, 24): 0.14285714285712245}, 'F_qual': {(0, 1): 0.0, (0, 5): 0.0, (1, 2): 0.0, (1, 6): 0.0, (2, 3): 0.0, (2, 7): 0.0, (3, 4): 0.0, (3, 8): 0.0, (4, 9): 0.0, (5, 6): 0.0, (5, 10): 0.0, (6, 7): 0.0, (6, 11): 0.0, (7, 8): 0.0, (7, 12): 0.0, (8, 9): 0.0, (8, 13): 0.0, (9, 14): 0.0, (10, 11): 0.0, (10, 15): 0.0, (11, 12): 0.0, (11, 16): 0.0, (12, 13): 0.0, (12, 17): 0.0, (13, 14): 0.0, (13, 18): 0.0, (14, 19): 0.0, (15, 16): 0.0, (15, 20): 0.0, (16, 17): 0.0, (16, 21): 0.0, (17, 18): 0.0, (17, 22): 0.0, (18, 19): 0.0, (18, 23): 0.0, (19, 24): 0.0, (20, 21): 0.0, (21, 22): 0.0, (22, 23): 0.0, (23, 24): 0.0}, 'F_overlap': {(0, 1): 0.0, (0, 5): 0.0, (1, 2): 0.0, (1, 6): 0.0, (2, 3): 0.0, (2, 7): 0.0, (3, 4): 0.0, (3, 8): 0.0, (4, 9): 0.0, (5, 6): 0.0, (5, 10): 0.0, (6, 7): 0.0, (6, 11): 0.0, (7, 8): 0.0, (7, 12): 0.0, (8, 9): 0.0, (8, 13): 0.0, (9, 14): 0.0, (10, 11): 0.0, (10, 15): 0.0, (11, 12): 0.0, (11, 16): 0.0, (12, 13): 0.0, (12, 17): 0.0, (13, 14): 0.0, (13, 18): 0.0, (14, 19): 0.0, (15, 16): 0.0, (15, 20): 0.0, (16, 17): 0.0, (16, 21): 0.0, (17, 18): 0.0, (17, 22): 0.0, (18, 19): 0.0, (18, 23): 0.0, (19, 24): 0.0, (20, 21): 0.0, (21, 22): 0.0, (22, 23): 0.0, (23, 24): 0.0}}, 'dp_total_pairs': 40}",,,,,,,,
DP-MP_t,num_users_per_request,4,4,593145736,,25,40,10.0,SUMMARY,1.0,1.0,1.0,,,,,,,,,,,,,,,0.05064759999999957,0.0013164000000003284,0.0032845999999988607,0.05393219999999843,0.055677800000001554,0.055677800000001554,,,,,,,1,,,0.0,0.0,0.0,0.0,0.0,0.0,0.0,0.0
LP_R-MP_t,num_users_per_request,4,4,593145736,,25,40,10.0,0,1.0,1.0,1.0,4000.1112212711955,0.11122127119584423,4,6,40,1,3,"[1, 0, 0, 0]","[[4, 18, 12, 7], [19, 13, 21, 8], [3, 1, 15, 17], [12, 6, 4, 1]]","[[4, 18, 12, 7], [19, 13, 21, 8], [3, 1, 15, 17], [12, 6, 4, 1]]",40,40,40,160,0.7085604000000014,0.0006057999999988795,0.0027904000000003037,0.7113508000000017,0.7127514000000001,0.7127514000000001,"{(1, 2): 2, (1, 6): 3, (2, 3): 3, (2, 7): 1, (3, 4): 3, (3, 8): 1, (4, 9): 1, (6, 7): 1, (6, 11): 2, (7, 8): 2, (7, 12): 3, (8, 9): 1, (8, 13): 1, (9, 14): 1, (11, 12): 1, (11, 16): 1, (12, 13): 1, (12, 17): 1, (13, 14): 1, (13, 18): 2, (14, 19): 1, (15, 16): 1, (16, 17): 1, (17, 18): 2, (17, 22): 1, (18, 19): 1, (21, 22): 1}",148139878,1899179786,2012288188,689960118,"[4265918666, 2813778286, 1199889537, 3769681090]",1,4029182149,"{'lp_objective': 4000.1112212711955, 'ilp_expected_objective': 4000.1112212711955, 'ilp_expected_throughput_term': 0.11122127119584423, 'ilp_covered_requests': 4, 'ilp_selected_tree_count': 6, 'deployed_source_count': 40, 'ilp_objective_mode': 'coverage_expected_throughput', 'lp_status': 'OPTIMAL', 'lp_candidate_seed': 1934997417, 'lp_solver_seed': 1901584977, 'lp_selected_trees': 6, 'lp_candidate_tree_counts': {0: 9, 1: 16, 2: 27, 3: 13}, 'lp_minimum_routing_source_placement': None, 'lp_used_budget': 40, 'lp_memory_load': {1: 5, 2: 6, 3: 7, 4: 4, 6: 6, 7: 7, 8: 5, 9: 3, 11: 4, 12: 6, 13: 5, 14: 3, 15: 1, 16: 3, 17: 5, 18: 5, 19: 2, 21: 1, 22: 2}, 'used_budget': 40, 'candidate_edge_count': 40, 'effective_capacity': 160}",,,,,,,,
LP_R-MP_t,num_users_per_request,4,4,593145736,,25,40,10.0,SUMMARY,1.0,1.0,1.0,,,,,,,,,,,,,,,0.7085604000000014,0.0006057999999988795,0.0027904000000003037,0.7113508000000017,0.7127514000000001,0.7127514000000001,,,,,,,1,,,0.0,0.0,0.0,0.0,0.0,0.0,0.0,0.0
ILP_CG-MP_t,num_users_per_request,4,4,593145736,,25,40,10.0,0,1.0,1.0,1.0,4000.0942071371987,0.09420713719830197,4,6,40,1,3,"[1, 0, 0, 0]","[[4, 18, 12, 7], [19, 13, 21, 8], [3, 1, 15, 17], [12, 6, 4, 1]]","[[4, 18, 12, 7], [19, 13, 21, 8], [3, 1, 15, 17], [12, 6, 4, 1]]",40,40,40,160,0.6598430000000004,0.00045399999999951035,0.0018258000000006547,0.6616688000000011,0.6625516999999999,0.6625516999999999,"{(1, 2): 2, (1, 6): 3, (2, 3): 2, (3, 4): 3, (3, 8): 2, (6, 7): 2, (6, 11): 1, (7, 8): 2, (7, 12): 3, (8, 13): 2, (11, 16): 1, (12, 13): 1, (12, 17): 1, (13, 14): 2, (13, 18): 2, (14, 19): 2, (15, 16): 1, (16, 17): 1, (17, 18): 1, (17, 22): 1, (19, 24): 1, (21, 22): 2, (22, 23): 1, (23, 24): 1}",3403111947,1899179786,2012288188,689960118,"[4265918666, 2813778286, 1199889537, 3769681090]",1,4029182149,"{'ilp_objective': 4000.0942071371987, 'ilp_expected_objective': 4000.0942071371987, 'ilp_expected_throughput_term': 0.09420713719830197, 'ilp_covered_requests': 4, 'ilp_selected_tree_count': 6, 'deployed_source_count': 40, 'ilp_objective_mode': 'coverage_expected_throughput', 'ilp_use_redundancy_reward': False, 'ilp_spend_remaining_budget_after_solve': True, 'ilp_status': 'OPTIMAL', 'ilp_cg_iterations': 1, 'ilp_cg_added_columns': 4, 'ilp_cg_pricing_mode': 'candidate_pool_exact', 'ilp_cg_pricing_pool_trees': 32, 'ilp_cg_pricing_pool_seed': 1934997417, 'ilp_cg_initial_seed': 1934997417, 'ilp_cg_final_solver_seed': 4122478884, 'ilp_cg_max_trees_per_request': 2, 'ilp_cg_max_pricing_columns_per_request': 1, 'ilp_selected_trees': 6, 'ilp_candidate_tree_counts': {0: 3, 1: 3, 2: 3, 3: 3}, 'ilp_minimum_routing_source_placement': {(1, 2): 2, (1, 6): 3, (2, 3): 2, (3, 4): 3, (3, 8): 2, (6, 7): 2, (6, 11): 1, (7, 8): 2, (7, 12): 3, (8, 13): 2, (11, 16): 1, (12, 13): 1, (13, 14): 2, (13, 18): 2, (14, 19): 2, (15, 16): 1, (16, 17): 1, (17, 18): 1, (17, 22): 1, (19, 24): 1, (21, 22): 2, (22, 23): 1, (23, 24): 1}, 'ilp_optimized_z_used_budget': 39, 'ilp_deployed_used_budget': 40, 'ilp_redundant_used_budget': 40, 'ilp_redundant_routing_source_placement': {(1, 2): 2, (1, 6): 3, (2, 3): 2, (3, 4): 3, (3, 8): 2, (6, 7): 2, (6, 11): 1, (7, 8): 2, (7, 12): 3, (8, 13): 2, (11, 16): 1, (12, 13): 1, (12, 17): 1, (13, 14): 2, (13, 18): 2, (14, 19): 2, (15, 16): 1, (16, 17): 1, (17, 18): 1, (17, 22): 1, (19, 24): 1, (21, 22): 2, (22, 23): 1, (23, 24): 1}, 'ilp_redundant_memory_load': {1: 5, 2: 4, 3: 7, 4: 3, 6: 6, 7: 7, 8: 6, 11: 2, 12: 5, 13: 7, 14: 4, 15: 1, 16: 3, 17: 4, 18: 3, 19: 3, 21: 2, 22: 4, 23: 2, 24: 2}, 'used_budget': 40, 'candidate_edge_count': 40, 'effective_capacity': 160}",,,,,,,,
ILP_CG-MP_t,num_users_per_request,4,4,593145736,,25,40,10.0,SUMMARY,1.0,1.0,1.0,,,,,,,,,,,,,,,0.6598430000000004,0.00045399999999951035,0.0018258000000006547,0.6616688000000011,0.6625516999999999,0.6625516999999999,,,,,,,1,,,0.0,0.0,0.0,0.0,0.0,0.0,0.0,0.0
ILP-MP_t,num_users_per_request,4,4,593145736,,25,40,10.0,0,1.0,1.0,1.0,4000.0956159139273,0.09561591392716283,4,6,40,1,3,"[1, 0, 0, 0]","[[4, 18, 12, 7], [19, 13, 21, 8], [3, 1, 15, 17], [12, 6, 4, 1]]","[[4, 18, 12, 7], [19, 13, 21, 8], [3, 1, 15, 17], [12, 6, 4, 1]]",40,40,40,160,0.05025790000000008,0.00044819999999923255,0.0029156999999990774,0.053173599999999155,0.05395599999999945,0.05395599999999945,"{(0, 1): 1, (0, 5): 1, (1, 2): 3, (1, 6): 2, (2, 3): 3, (3, 4): 3, (3, 8): 1, (4, 9): 1, (5, 10): 1, (6, 7): 1, (6, 11): 1, (7, 8): 2, (7, 12): 3, (8, 9): 1, (8, 13): 1, (10, 15): 1, (11, 12): 2, (11, 16): 1, (12, 13): 3, (13, 18): 3, (15, 16): 1, (16, 17): 1, (16, 21): 1, (17, 18): 1, (18, 19): 1}",314954152,1899179786,2012288188,689960118,"[4265918666, 2813778286, 1199889537, 3769681090]",1,4029182149,"{'ilp_objective': 4000.0956159139273, 'ilp_expected_objective': 4000.0956159139273, 'ilp_expected_throughput_term': 0.09561591392716283, 'ilp_covered_requests': 4, 'ilp_selected_tree_count': 6, 'deployed_source_count': 40, 'ilp_objective_mode': 'coverage_expected_throughput', 'ilp_use_redundancy_reward': False, 'ilp_spend_remaining_budget_after_solve': True, 'ilp_status': 'OPTIMAL', 'ilp_candidate_seed': 1934997417, 'ilp_solver_seed': 1714257075, 'ilp_selected_trees': 6, 'ilp_candidate_tree_counts': {0: 4, 1: 4, 2: 4, 3: 4}, 'ilp_minimum_routing_source_placement': {(0, 1): 1, (0, 5): 1, (1, 2): 3, (1, 6): 2, (2, 3): 3, (3, 4): 3, (3, 8): 1, (4, 9): 1, (5, 10): 1, (6, 7): 1, (6, 11): 1, (7, 8): 2, (7, 12): 3, (8, 9): 1, (8, 13): 1, (10, 15): 1, (11, 12): 2, (11, 16): 1, (12, 13): 3, (13, 18): 3, (15, 16): 1, (16, 17): 1, (16, 21): 1, (18, 19): 1}, 'ilp_optimized_z_used_budget': 39, 'ilp_deployed_used_budget': 40, 'ilp_redundant_used_budget': 40, 'ilp_redundant_routing_source_placement': {(0, 1): 1, (0, 5): 1, (1, 2): 3, (1, 6): 2, (2, 3): 3, (3, 4): 3, (3, 8): 1, (4, 9): 1, (5, 10): 1, (6, 7): 1, (6, 11): 1, (7, 8): 2, (7, 12): 3, (8, 9): 1, (8, 13): 1, (10, 15): 1, (11, 12): 2, (11, 16): 1, (12, 13): 3, (13, 18): 3, (15, 16): 1, (16, 17): 1, (16, 21): 1, (17, 18): 1, (18, 19): 1}, 'ilp_redundant_memory_load': {0: 2, 1: 6, 2: 6, 3: 7, 4: 4, 5: 2, 6: 4, 7: 6, 8: 5, 9: 2, 10: 2, 11: 4, 12: 8, 13: 7, 15: 2, 16: 4, 17: 2, 18: 5, 19: 1, 21: 1}, 'used_budget': 40, 'candidate_edge_count': 40, 'effective_capacity': 160}",,,,,,,,
ILP-MP_t,num_users_per_request,4,4,593145736,,25,40,10.0,SUMMARY,1.0,1.0,1.0,,,,,,,,,,,,,,,0.05025790000000008,0.00044819999999923255,0.0029156999999990774,0.053173599999999155,0.05395599999999945,0.05395599999999945,,,,,,,1,,,0.0,0.0,0.0,0.0,0.0,0.0,0.0,0.0
BT-MP_t,num_users_per_request,5,5,593145736,,25,40,10.0,0,1.0,1.0,1.0,,,,,40,1,3,"[0, 1, 0, 0]","[[4, 18, 12, 7, 23], [19, 13, 21, 8, 0], [3, 1, 15, 17, 6], [12, 6, 4, 1, 11]]","[[4, 18, 12, 7, 23], [19, 13, 21, 8, 0], [3, 1, 15, 17, 6], [12, 6, 4, 1, 11]]",40,40,40,160,0.0029562999999992456,0.0005232999999993382,0.0026132000000007594,0.005569500000000005,0.006541800000000819,0.006541800000000819,"{(12, 13): 1, (7, 12): 1, (11, 12): 1, (12, 17): 1, (6, 7): 1, (7, 8): 1, (6, 11): 1, (8, 13): 1, (11, 16): 1, (13, 18): 1, (16, 17): 1, (17, 18): 1, (2, 7): 1, (10, 11): 1, (13, 14): 1, (17, 22): 1, (16, 21): 1, (18, 19): 1, (18, 23): 1, (3, 8): 1, (5, 6): 1, (8, 9): 1, (15, 16): 1, (1, 6): 1, (1, 2): 1, (2, 3): 1, (5, 10): 1, (9, 14): 1, (10, 15): 1, (14, 19): 1, (21, 22): 1, (22, 23): 1, (4, 9): 1, (0, 1): 1, (0, 5): 1, (3, 4): 1, (15, 20): 1, (19, 24): 1, (20, 21): 1, (23, 24): 1}",1917356134,3074377297,2012288188,689960118,"[4265918666, 2813778286, 1199889537, 3769681090]",1,4029182149,"{'betweenness_scores': {(0, 1): 0.04896031746031746, (0, 5): 0.04896031746031746, (1, 2): 0.06992857142857144, (1, 6): 0.0758253968253968, (5, 6): 0.07582539682539681, (5, 10): 0.06992857142857144, (2, 3): 0.06992857142857144, (2, 7): 0.08376190476190479, (6, 7): 0.11528571428571432, (6, 11): 0.11528571428571428, (3, 4): 0.04896031746031746, (3, 8): 0.07582539682539681, (7, 8): 0.11528571428571431, (7, 12): 0.12957142857142856, (4, 9): 0.04896031746031747, (8, 9): 0.07582539682539681, (8, 13): 0.11528571428571428, (9, 14): 0.06992857142857144, (10, 11): 0.08376190476190479, (10, 15): 0.06992857142857144, (11, 12): 0.12957142857142856, (11, 16): 0.11528571428571428, (12, 13): 0.1295714285714286, (12, 17): 0.12957142857142856, (13, 14): 0.08376190476190479, (13, 18): 0.11528571428571428, (14, 19): 0.06992857142857144, (15, 16): 0.07582539682539681, (15, 20): 0.04896031746031746, (16, 17): 0.11528571428571428, (16, 21): 0.07582539682539682, (17, 18): 0.11528571428571428, (17, 22): 0.08376190476190476, (18, 19): 0.07582539682539682, (18, 23): 0.07582539682539682, (19, 24): 0.04896031746031746, (20, 21): 0.04896031746031746, (21, 22): 0.06992857142857144, (22, 23): 0.06992857142857144, (23, 24): 0.04896031746031746}, 'allocation': {(0, 1): 1, (0, 5): 1, (1, 2): 1, (1, 6): 1, (2, 3): 1, (2, 7): 1, (3, 4): 1, (3, 8): 1, (4, 9): 1, (5, 6): 1, (5, 10): 1, (6, 7): 1, (6, 11): 1, (7, 8): 1, (7, 12): 1, (8, 9): 1, (8, 13): 1, (9, 14): 1, (10, 11): 1, (10, 15): 1, (11, 12): 1, (11, 16): 1, (12, 13): 1, (12, 17): 1, (13, 14): 1, (13, 18): 1, (14, 19): 1, (15, 16): 1, (15, 20): 1, (16, 17): 1, (16, 21): 1, (17, 18): 1, (17, 22): 1, (18, 19): 1, (18, 23): 1, (19, 24): 1, (20, 21): 1, (21, 22): 1, (22, 23): 1, (23, 24): 1}, 'used_budget': 40, 'candidate_edge_count': 40, 'effective_capacity': 160}",,,,,,,,
BT-MP_t,num_users_per_request,5,5,593145736,,25,40,10.0,SUMMARY,1.0,1.0,1.0,,,,,,,,,,,,,,,0.0029562999999992456,0.0005232999999993382,0.0026132000000007594,0.005569500000000005,0.006541800000000819,0.006541800000000819,,,,,,,1,,,0.0,0.0,0.0,0.0,0.0,0.0,0.0,0.0
DP-MP_t,num_users_per_request,5,5,593145736,,25,40,10.0,0,0.0,0.0,0.0,,,,,40,0,4,"[0, 0, 0, 0]","[[4, 18, 12, 7, 23], [19, 13, 21, 8, 0], [3, 1, 15, 17, 6], [12, 6, 4, 1, 11]]","[[4, 18, 12, 7, 23], [19, 13, 21, 8, 0], [3, 1, 15, 17, 6], [12, 6, 4, 1, 11]]",40,40,40,160,0.06367359999999955,0.0005617999999998347,0.0023511999999996647,0.06602479999999922,0.06703860000000006,0.06703860000000006,"{(1, 2): 2, (1, 6): 3, (2, 3): 2, (3, 4): 2, (3, 8): 2, (4, 9): 2, (6, 7): 2, (6, 11): 2, (7, 8): 2, (7, 12): 2, (8, 13): 2, (10, 15): 1, (11, 12): 2, (12, 13): 2, (12, 17): 2, (13, 14): 1, (13, 18): 2, (14, 19): 1, (15, 16): 1, (16, 17): 1, (17, 18): 2, (18, 19): 1, (18, 23): 1}",1401080234,1198487884,2012288188,689960118,"[4265918666, 2813778286, 1199889537, 3769681090]",1,4029182149,"{'used_budget': 40, 'candidate_edge_count': 40, 'effective_capacity': 160, 'dp_candidate_seed': 3229805457, 'dp_candidate_tree_counts': {0: 4, 1: 4, 2: 4, 3: 4}, 'dp_path_edge_count': 40, 'dp_allocation': {(0, 1): 0, (0, 5): 0, (1, 2): 2, (1, 6): 3, (2, 3): 2, (2, 7): 0, (3, 4): 2, (3, 8): 2, (4, 9): 2, (5, 6): 0, (5, 10): 0, (6, 7): 2, (6, 11): 2, (7, 8): 2, (7, 12): 2, (8, 9): 0, (8, 13): 2, (9, 14): 0, (10, 11): 0, (10, 15): 1, (11, 12): 2, (11, 16): 0, (12, 13): 2, (12, 17): 2, (13, 14): 1, (13, 18): 2, (14, 19): 1, (15, 16): 1, (15, 20): 0, (16, 17): 1, (16, 21): 0, (17, 18): 2, (17, 22): 0, (18, 19): 1, (18, 23): 1, (19, 24): 0, (20, 21): 0, (21, 22): 0, (22, 23): 0, (23, 24): 0}, 'dp_value': 8.357761338920993, 'dp_parts': {'F_topo': {(3, 4): 0.42370390165684374, (3, 8): 0.6953500801709923, (8, 13): 0.9999999999999439, (13, 18): 0.9803580972741299, (4, 9): 0.34513629075358787, (8, 9): 0.1968198824158092, (9, 14): 0.21846606092997153, (13, 14): 0.1932121859967821, (14, 19): 0.29422768572953956, (18, 19): 0.48303046499195534, (2, 3): 0.5243185462319322, (2, 7): 0.38027792624262935, (7, 12): 0.9755478353820937, (7, 8): 0.7951630144307407, (12, 13): 0.8689203634419606, (18, 23): 0.5531801175841479, (19, 24): 0.0, (23, 24): 0.0, (1, 2): 0.5495724211651211, (1, 6): 0.6672902191341152, (6, 11): 0.8653126670229336, (11, 16): 0.6380277926242293, (16, 21): 0.4970603955103941, (6, 7): 0.8091929449491796, (11, 12): 0.835248530197708, (12, 17): 0.8969802244788373, (16, 17): 0.6090326028861228, (17, 18): 0.8017103153393453, (17, 22): 0.24652592196684864, (21, 22): 0.28955104222339356, (22, 23): 0.27084446819880886, (0, 1): 0.4377338321752825, (0, 5): 0.33110636023514944, (5, 10): 0.20163014430784534, (10, 15): 0.2830037413147889, (5, 6): 0.19962586851949693, (10, 11): 0.1876002137894068, (15, 16): 0.47180652057720457, (20, 21): 0.0, (15, 20): 0.0}, 'F_demand': {(0, 1): 0.12499999999998437, (0, 5): 0.12499999999998437, (1, 2): 0.4999999999999375, (1, 6): 0.999999999999875, (2, 3): 0.6249999999999218, (2, 7): 0.0, (3, 4): 0.37499999999995315, (3, 8): 0.37499999999995315, (4, 9): 0.37499999999995315, (5, 6): 0.12499999999998437, (5, 10): 0.12499999999998437, (6, 7): 0.4999999999999375, (6, 11): 0.6249999999999218, (7, 8): 0.6249999999999218, (7, 12): 0.6249999999999218, (8, 9): 0.12499999999998437, (8, 13): 0.6249999999999218, (9, 14): 0.12499999999998437, (10, 11): 0.0, (10, 15): 0.24999999999996875, (11, 12): 0.4999999999999375, (11, 16): 0.0, (12, 13): 0.6249999999999218, (12, 17): 0.4999999999999375, (13, 14): 0.24999999999996875, (13, 18): 0.4999999999999375, (14, 19): 0.24999999999996875, (15, 16): 0.24999999999996875, (15, 20): 0.0, (16, 17): 0.37499999999995315, (16, 21): 0.12499999999998437, (17, 18): 0.37499999999995315, (17, 22): 0.0, (18, 19): 0.24999999999996875, (18, 23): 0.37499999999995315, (19, 24): 0.0, (20, 21): 0.0, (21, 22): 0.12499999999998437, (22, 23): 0.0, (23, 24): 0.0}, 'F_qual': {(0, 1): 0.0, (0, 5): 0.0, (1, 2): 0.0, (1, 6): 0.0, (2, 3): 0.0, (2, 7): 0.0, (3, 4): 0.0, (3, 8): 0.0, (4, 9): 0.0, (5, 6): 0.0, (5, 10): 0.0, (6, 7): 0.0, (6, 11): 0.0, (7, 8): 0.0, (7, 12): 0.0, (8, 9): 0.0, (8, 13): 0.0, (9, 14): 0.0, (10, 11): 0.0, (10, 15): 0.0, (11, 12): 0.0, (11, 16): 0.0, (12, 13): 0.0, (12, 17): 0.0, (13, 14): 0.0, (13, 18): 0.0, (14, 19): 0.0, (15, 16): 0.0, (15, 20): 0.0, (16, 17): 0.0, (16, 21): 0.0, (17, 18): 0.0, (17, 22): 0.0, (18, 19): 0.0, (18, 23): 0.0, (19, 24): 0.0, (20, 21): 0.0, (21, 22): 0.0, (22, 23): 0.0, (23, 24): 0.0}, 'F_overlap': {(0, 1): 0.0, (0, 5): 0.0, (1, 2): 0.0, (1, 6): 0.0, (2, 3): 0.0, (2, 7): 0.0, (3, 4): 0.0, (3, 8): 0.0, (4, 9): 0.0, (5, 6): 0.0, (5, 10): 0.0, (6, 7): 0.0, (6, 11): 0.0, (7, 8): 0.0, (7, 12): 0.0, (8, 9): 0.0, (8, 13): 0.0, (9, 14): 0.0, (10, 11): 0.0, (10, 15): 0.0, (11, 12): 0.0, (11, 16): 0.0, (12, 13): 0.0, (12, 17): 0.0, (13, 14): 0.0, (13, 18): 0.0, (14, 19): 0.0, (15, 16): 0.0, (15, 20): 0.0, (16, 17): 0.0, (16, 21): 0.0, (17, 18): 0.0, (17, 22): 0.0, (18, 19): 0.0, (18, 23): 0.0, (19, 24): 0.0, (20, 21): 0.0, (21, 22): 0.0, (22, 23): 0.0, (23, 24): 0.0}}, 'dp_total_pairs': 40}",,,,,,,,
DP-MP_t,num_users_per_request,5,5,593145736,,25,40,10.0,SUMMARY,0.0,0.0,0.0,,,,,,,,,,,,,,,0.06367359999999955,0.0005617999999998347,0.0023511999999996647,0.06602479999999922,0.06703860000000006,0.06703860000000006,,,,,,,1,,,0.0,0.0,0.0,0.0,0.0,0.0,0.0,0.0
LP_R-MP_t,num_users_per_request,5,5,593145736,,25,40,10.0,0,0.0,0.0,0.0,4000.0572871151703,0.05728711517036257,4,5,40,0,4,"[0, 0, 0, 0]","[[4, 18, 12, 7, 23], [19, 13, 21, 8, 0], [3, 1, 15, 17, 6], [12, 6, 4, 1, 11]]","[[4, 18, 12, 7, 23], [19, 13, 21, 8, 0], [3, 1, 15, 17, 6], [12, 6, 4, 1, 11]]",40,40,40,160,0.9277479,0.0005862000000007583,0.0018776999999978727,0.9296255999999978,0.9306409999999996,0.9306409999999996,"{(0, 5): 1, (1, 2): 2, (1, 6): 2, (2, 3): 3, (2, 7): 1, (3, 4): 3, (3, 8): 1, (4, 9): 1, (5, 6): 1, (6, 7): 1, (6, 11): 3, (7, 8): 1, (7, 12): 2, (8, 9): 1, (8, 13): 1, (11, 12): 2, (11, 16): 2, (12, 13): 2, (12, 17): 1, (13, 18): 2, (15, 16): 1, (16, 17): 1, (16, 21): 1, (17, 18): 1, (18, 19): 1, (18, 23): 2}",148139878,1899179786,2012288188,689960118,"[4265918666, 2813778286, 1199889537, 3769681090]",1,4029182149,"{'lp_objective': 4000.0572871151703, 'ilp_expected_objective': 4000.0572871151703, 'ilp_expected_throughput_term': 0.05728711517036257, 'ilp_covered_requests': 4, 'ilp_selected_tree_count': 5, 'deployed_source_count': 40, 'ilp_objective_mode': 'coverage_expected_throughput', 'lp_status': 'OPTIMAL', 'lp_candidate_seed': 1934997417, 'lp_solver_seed': 1901584977, 'lp_selected_trees': 5, 'lp_candidate_tree_counts': {0: 9, 1: 20, 2: 12, 3: 8}, 'lp_minimum_routing_source_placement': None, 'lp_used_budget': 40, 'lp_memory_load': {0: 1, 1: 4, 2: 6, 3: 7, 4: 4, 5: 2, 6: 7, 7: 5, 8: 4, 9: 2, 11: 7, 12: 7, 13: 5, 15: 1, 16: 5, 17: 3, 18: 6, 19: 1, 21: 1, 23: 2}, 'used_budget': 40, 'candidate_edge_count': 40, 'effective_capacity': 160}",,,,,,,,
LP_R-MP_t,num_users_per_request,5,5,593145736,,25,40,10.0,SUMMARY,0.0,0.0,0.0,,,,,,,,,,,,,,,0.9277479,0.0005862000000007583,0.0018776999999978727,0.9296255999999978,0.9306409999999996,0.9306409999999996,,,,,,,1,,,0.0,0.0,0.0,0.0,0.0,0.0,0.0,0.0
ILP_CG-MP_t,num_users_per_request,5,5,593145736,,25,40,10.0,0,0.0,0.0,0.0,4000.0520496294907,0.05204962949095409,4,5,40,0,4,"[0, 0, 0, 0]","[[4, 18, 12, 7, 23], [19, 13, 21, 8, 0], [3, 1, 15, 17, 6], [12, 6, 4, 1, 11]]","[[4, 18, 12, 7, 23], [19, 13, 21, 8, 0], [3, 1, 15, 17, 6], [12, 6, 4, 1, 11]]",40,40,40,160,0.8785348000000006,0.00045670000000086475,0.0012082000000006587,0.8797430000000013,0.8806331000000007,0.8806331000000007,"{(0, 5): 1, (1, 2): 2, (1, 6): 3, (2, 3): 3, (2, 7): 1, (3, 4): 2, (3, 8): 1, (4, 9): 1, (5, 6): 1, (6, 7): 1, (6, 11): 3, (7, 8): 1, (7, 12): 1, (8, 9): 1, (8, 13): 1, (9, 14): 1, (11, 12): 2, (11, 16): 1, (12, 13): 1, (12, 17): 1, (13, 14): 2, (13, 18): 1, (14, 19): 1, (15, 16): 1, (16, 17): 1, (17, 18): 2, (17, 22): 1, (18, 23): 1, (21, 22): 1}",3403111947,1899179786,2012288188,689960118,"[4265918666, 2813778286, 1199889537, 3769681090]",1,4029182149,"{'ilp_objective': 4000.0520496294907, 'ilp_expected_objective': 4000.0520496294907, 'ilp_expected_throughput_term': 0.05204962949095409, 'ilp_covered_requests': 4, 'ilp_selected_tree_count': 5, 'deployed_source_count': 40, 'ilp_objective_mode': 'coverage_expected_throughput', 'ilp_use_redundancy_reward': False, 'ilp_spend_remaining_budget_after_solve': True, 'ilp_status': 'OPTIMAL', 'ilp_cg_iterations': 1, 'ilp_cg_added_columns': 3, 'ilp_cg_pricing_mode': 'candidate_pool_exact', 'ilp_cg_pricing_pool_trees': 32, 'ilp_cg_pricing_pool_seed': 1934997417, 'ilp_cg_initial_seed': 1934997417, 'ilp_cg_final_solver_seed': 4122478884, 'ilp_cg_max_trees_per_request': 2, 'ilp_cg_max_pricing_columns_per_request': 1, 'ilp_selected_trees': 5, 'ilp_candidate_tree_counts': {0: 2, 1: 3, 2: 3, 3: 3}, 'ilp_minimum_routing_source_placement': {(0, 5): 1, (1, 2): 2, (1, 6): 3, (2, 3): 3, (2, 7): 1, (3, 4): 2, (4, 9): 1, (5, 6): 1, (6, 7): 1, (6, 11): 3, (7, 8): 1, (7, 12): 1, (8, 13): 1, (9, 14): 1, (11, 12): 2, (11, 16): 1, (12, 13): 1, (12, 17): 1, (13, 14): 2, (13, 18): 1, (14, 19): 1, (15, 16): 1, (16, 17): 1, (17, 18): 2, (17, 22): 1, (18, 23): 1, (21, 22): 1}, 'ilp_optimized_z_used_budget': 38, 'ilp_deployed_used_budget': 40, 'ilp_redundant_used_budget': 40, 'ilp_redundant_routing_source_placement': {(0, 5): 1, (1, 2): 2, (1, 6): 3, (2, 3): 3, (2, 7): 1, (3, 4): 2, (3, 8): 1, (4, 9): 1, (5, 6): 1, (6, 7): 1, (6, 11): 3, (7, 8): 1, (7, 12): 1, (8, 9): 1, (8, 13): 1, (9, 14): 1, (11, 12): 2, (11, 16): 1, (12, 13): 1, (12, 17): 1, (13, 14): 2, (13, 18): 1, (14, 19): 1, (15, 16): 1, (16, 17): 1, (17, 18): 2, (17, 22): 1, (18, 23): 1, (21, 22): 1}, 'ilp_redundant_memory_load': {0: 1, 1: 5, 2: 6, 3: 6, 4: 3, 5: 2, 6: 8, 7: 4, 8: 4, 9: 3, 11: 6, 12: 5, 13: 5, 14: 4, 15: 1, 16: 3, 17: 5, 18: 4, 19: 1, 21: 1, 22: 2, 23: 1}, 'used_budget': 40, 'candidate_edge_count': 40, 'effective_capacity': 160}",,,,,,,,
ILP_CG-MP_t,num_users_per_request,5,5,593145736,,25,40,10.0,SUMMARY,0.0,0.0,0.0,,,,,,,,,,,,,,,0.8785348000000006,0.00045670000000086475,0.0012082000000006587,0.8797430000000013,0.8806331000000007,0.8806331000000007,,,,,,,1,,,0.0,0.0,0.0,0.0,0.0,0.0,0.0,0.0
ILP-MP_t,num_users_per_request,5,5,593145736,,25,40,10.0,0,0.0,0.0,0.0,4000.0520496294907,0.05204962949095409,4,5,40,0,4,"[0, 0, 0, 0]","[[4, 18, 12, 7, 23], [19, 13, 21, 8, 0], [3, 1, 15, 17, 6], [12, 6, 4, 1, 11]]","[[4, 18, 12, 7, 23], [19, 13, 21, 8, 0], [3, 1, 15, 17, 6], [12, 6, 4, 1, 11]]",40,40,40,160,0.07857840000000138,0.0006144999999975198,0.0014520999999980688,0.08003049999999945,0.08096499999999907,0.08096499999999907,"{(0, 1): 1, (1, 2): 3, (1, 6): 3, (2, 3): 4, (2, 7): 1, (3, 4): 2, (3, 8): 1, (4, 9): 1, (6, 7): 1, (6, 11): 3, (7, 8): 1, (7, 12): 2, (8, 9): 1, (8, 13): 1, (9, 14): 1, (11, 12): 2, (11, 16): 1, (12, 13): 1, (12, 17): 2, (13, 18): 1, (15, 16): 1, (16, 17): 2, (16, 21): 1, (17, 18): 1, (18, 19): 1, (18, 23): 1}",314954152,1899179786,2012288188,689960118,"[4265918666, 2813778286, 1199889537, 3769681090]",1,4029182149,"{'ilp_objective': 4000.0520496294907, 'ilp_expected_objective': 4000.0520496294907, 'ilp_expected_throughput_term': 0.05204962949095409, 'ilp_covered_requests': 4, 'ilp_selected_tree_count': 5, 'deployed_source_count': 40, 'ilp_objective_mode': 'coverage_expected_throughput', 'ilp_use_redundancy_reward': False, 'ilp_spend_remaining_budget_after_solve': True, 'ilp_status': 'OPTIMAL', 'ilp_candidate_seed': 1934997417, 'ilp_solver_seed': 1714257075, 'ilp_selected_trees': 5, 'ilp_candidate_tree_counts': {0: 4, 1: 4, 2: 4, 3: 4}, 'ilp_minimum_routing_source_placement': {(0, 1): 1, (1, 2): 3, (1, 6): 3, (2, 3): 4, (2, 7): 1, (3, 4): 2, (3, 8): 1, (4, 9): 1, (6, 11): 3, (7, 8): 1, (7, 12): 2, (8, 9): 1, (8, 13): 1, (11, 12): 2, (11, 16): 1, (12, 13): 1, (12, 17): 2, (13, 18): 1, (15, 16): 1, (16, 17): 2, (16, 21): 1, (17, 18): 1, (18, 19): 1, (18, 23): 1}, 'ilp_optimized_z_used_budget': 38, 'ilp_deployed_used_budget': 40, 'ilp_redundant_used_budget': 40, 'ilp_redundant_routing_source_placement': {(0, 1): 1, (1, 2): 3, (1, 6): 3, (2, 3): 4, (2, 7): 1, (3, 4): 2, (3, 8): 1, (4, 9): 1, (6, 7): 1, (6, 11): 3, (7, 8): 1, (7, 12): 2, (8, 9): 1, (8, 13): 1, (9, 14): 1, (11, 12): 2, (11, 16): 1, (12, 13): 1, (12, 17): 2, (13, 18): 1, (15, 16): 1, (16, 17): 2, (16, 21): 1, (17, 18): 1, (18, 19): 1, (18, 23): 1}, 'ilp_redundant_memory_load': {0: 1, 1: 7, 2: 8, 3: 7, 4: 3, 6: 7, 7: 5, 8: 4, 9: 3, 11: 6, 12: 7, 13: 3, 14: 1, 15: 1, 16: 5, 17: 5, 18: 4, 19: 1, 21: 1, 23: 1}, 'used_budget': 40, 'candidate_edge_count': 40, 'effective_capacity': 160}",,,,,,,,
ILP-MP_t,num_users_per_request,5,5,593145736,,25,40,10.0,SUMMARY,0.0,0.0,0.0,,,,,,,,,,,,,,,0.07857840000000138,0.0006144999999975198,0.0014520999999980688,0.08003049999999945,0.08096499999999907,0.08096499999999907,,,,,,,1,,,0.0,0.0,0.0,0.0,0.0,0.0,0.0,0.0
BT-MP_t,num_users_per_request,6,6,593145736,,25,40,10.0,0,1.0,1.0,1.0,,,,,40,1,3,"[0, 1, 0, 0]","[[4, 18, 12, 7, 23, 20], [19, 13, 21, 8, 0, 14], [3, 1, 15, 17, 6, 19], [12, 6, 4, 1, 11, 3]]","[[4, 18, 12, 7, 23, 20], [19, 13, 21, 8, 0, 14], [3, 1, 15, 17, 6, 19], [12, 6, 4, 1, 11, 3]]",40,40,40,160,0.0033804000000010603,0.000505999999997897,0.00225889999999751,0.0056392999999985705,0.006679000000001878,0.006679000000001878,"{(12, 13): 1, (7, 12): 1, (11, 12): 1, (12, 17): 1, (6, 7): 1, (7, 8): 1, (6, 11): 1, (8, 13): 1, (11, 16): 1, (13, 18): 1, (16, 17): 1, (17, 18): 1, (2, 7): 1, (10, 11): 1, (13, 14): 1, (17, 22): 1, (16, 21): 1, (18, 19): 1, (18, 23): 1, (3, 8): 1, (5, 6): 1, (8, 9): 1, (15, 16): 1, (1, 6): 1, (1, 2): 1, (2, 3): 1, (5, 10): 1, (9, 14): 1, (10, 15): 1, (14, 19): 1, (21, 22): 1, (22, 23): 1, (4, 9): 1, (0, 1): 1, (0, 5): 1, (3, 4): 1, (15, 20): 1, (19, 24): 1, (20, 21): 1, (23, 24): 1}",1917356134,3074377297,2012288188,689960118,"[4265918666, 2813778286, 1199889537, 3769681090]",1,4029182149,"{'betweenness_scores': {(0, 1): 0.04896031746031746, (0, 5): 0.04896031746031746, (1, 2): 0.06992857142857144, (1, 6): 0.0758253968253968, (5, 6): 0.07582539682539681, (5, 10): 0.06992857142857144, (2, 3): 0.06992857142857144, (2, 7): 0.08376190476190479, (6, 7): 0.11528571428571432, (6, 11): 0.11528571428571428, (3, 4): 0.04896031746031746, (3, 8): 0.07582539682539681, (7, 8): 0.11528571428571431, (7, 12): 0.12957142857142856, (4, 9): 0.04896031746031747, (8, 9): 0.07582539682539681, (8, 13): 0.11528571428571428, (9, 14): 0.06992857142857144, (10, 11): 0.08376190476190479, (10, 15): 0.06992857142857144, (11, 12): 0.12957142857142856, (11, 16): 0.11528571428571428, (12, 13): 0.1295714285714286, (12, 17): 0.12957142857142856, (13, 14): 0.08376190476190479, (13, 18): 0.11528571428571428, (14, 19): 0.06992857142857144, (15, 16): 0.07582539682539681, (15, 20): 0.04896031746031746, (16, 17): 0.11528571428571428, (16, 21): 0.07582539682539682, (17, 18): 0.11528571428571428, (17, 22): 0.08376190476190476, (18, 19): 0.07582539682539682, (18, 23): 0.07582539682539682, (19, 24): 0.04896031746031746, (20, 21): 0.04896031746031746, (21, 22): 0.06992857142857144, (22, 23): 0.06992857142857144, (23, 24): 0.04896031746031746}, 'allocation': {(0, 1): 1, (0, 5): 1, (1, 2): 1, (1, 6): 1, (2, 3): 1, (2, 7): 1, (3, 4): 1, (3, 8): 1, (4, 9): 1, (5, 6): 1, (5, 10): 1, (6, 7): 1, (6, 11): 1, (7, 8): 1, (7, 12): 1, (8, 9): 1, (8, 13): 1, (9, 14): 1, (10, 11): 1, (10, 15): 1, (11, 12): 1, (11, 16): 1, (12, 13): 1, (12, 17): 1, (13, 14): 1, (13, 18): 1, (14, 19): 1, (15, 16): 1, (15, 20): 1, (16, 17): 1, (16, 21): 1, (17, 18): 1, (17, 22): 1, (18, 19): 1, (18, 23): 1, (19, 24): 1, (20, 21): 1, (21, 22): 1, (22, 23): 1, (23, 24): 1}, 'used_budget': 40, 'candidate_edge_count': 40, 'effective_capacity': 160}",,,,,,,,
BT-MP_t,num_users_per_request,6,6,593145736,,25,40,10.0,SUMMARY,1.0,1.0,1.0,,,,,,,,,,,,,,,0.0033804000000010603,0.000505999999997897,0.00225889999999751,0.0056392999999985705,0.006679000000001878,0.006679000000001878,,,,,,,1,,,0.0,0.0,0.0,0.0,0.0,0.0,0.0,0.0
DP-MP_t,num_users_per_request,6,6,593145736,,25,40,10.0,0,0.0,0.0,0.0,,,,,40,0,4,"[0, 0, 0, 0]","[[4, 18, 12, 7, 23, 20], [19, 13, 21, 8, 0, 14], [3, 1, 15, 17, 6, 19], [12, 6, 4, 1, 11, 3]]","[[4, 18, 12, 7, 23, 20], [19, 13, 21, 8, 0, 14], [3, 1, 15, 17, 6, 19], [12, 6, 4, 1, 11, 3]]",40,40,40,160,0.10783319999999819,0.00044290000000302143,0.001935299999999529,0.10976849999999772,0.11055570000000259,0.11055570000000259,"{(1, 2): 2, (1, 6): 2, (2, 3): 2, (3, 4): 2, (3, 8): 1, (4, 9): 1, (6, 7): 2, (6, 11): 2, (7, 8): 2, (7, 12): 2, (8, 13): 1, (9, 14): 1, (10, 15): 1, (11, 12): 2, (12, 13): 1, (12, 17): 2, (13, 14): 1, (13, 18): 1, (14, 19): 2, (15, 16): 1, (15, 20): 1, (16, 17): 2, (17, 18): 1, (18, 19): 1, (18, 23): 1, (20, 21): 1, (21, 22): 1, (22, 23): 1}",1401080234,1198487884,2012288188,689960118,"[4265918666, 2813778286, 1199889537, 3769681090]",1,4029182149,"{'used_budget': 40, 'candidate_edge_count': 40, 'effective_capacity': 160, 'dp_candidate_seed': 3229805457, 'dp_candidate_tree_counts': {0: 4, 1: 4, 2: 4, 3: 2}, 'dp_path_edge_count': 40, 'dp_allocation': {(0, 1): 0, (0, 5): 0, (1, 2): 2, (1, 6): 2, (2, 3): 2, (2, 7): 0, (3, 4): 2, (3, 8): 1, (4, 9): 1, (5, 6): 0, (5, 10): 0, (6, 7): 2, (6, 11): 2, (7, 8): 2, (7, 12): 2, (8, 9): 0, (8, 13): 1, (9, 14): 1, (10, 11): 0, (10, 15): 1, (11, 12): 2, (11, 16): 0, (12, 13): 1, (12, 17): 2, (13, 14): 1, (13, 18): 1, (14, 19): 2, (15, 16): 1, (15, 20): 1, (16, 17): 2, (16, 21): 0, (17, 18): 1, (17, 22): 0, (18, 19): 1, (18, 23): 1, (19, 24): 0, (20, 21): 1, (21, 22): 1, (22, 23): 1, (23, 24): 0}, 'dp_value': 11.212540710172867, 'dp_parts': {'F_topo': {(3, 4): 0.36849177023847746, (3, 8): 0.6364348897099689, (8, 13): 0.9480461314522013, (13, 18): 0.9205016235583491, (4, 9): 0.3496808867987739, (8, 9): 0.2380472511476763, (9, 14): 0.32336804389204576, (13, 14): 0.6092262904489685, (14, 19): 0.37778524241404526, (18, 19): 0.5024073452020812, (2, 3): 0.4595230097413286, (2, 7): 0.3287425820176753, (7, 12): 0.9006830142200901, (7, 8): 0.7756130332549187, (12, 13): 0.999999999999953, (18, 23): 0.5092374874034018, (19, 24): 0.0, (23, 24): 0.0, (1, 2): 0.48404433993951335, (0, 1): 0.3759937297055021, (0, 5): 0.3179935057664163, (5, 10): 0.2318889262120593, (10, 15): 0.39010189228528, (15, 20): 0.3616616280371567, (1, 6): 0.6026200873362161, (5, 6): 0.1811667226514302, (6, 7): 0.7597133579665972, (6, 11): 0.81905721643709, (10, 11): 0.21990818497367662, (11, 12): 0.8621654909864114, (11, 16): 0.6826783114992397, (15, 16): 0.5704848281267225, (12, 17): 0.8519762624565714, (16, 17): 0.6937632963833504, (17, 18): 0.8227522113984607, (16, 21): 0.572836188556685, (20, 21): 0.37061919157987255, (17, 22): 0.27443735303996, (21, 22): 0.4233568469376125, (22, 23): 0.30623670361660166}, 'F_demand': {(0, 1): 0.16666666666663887, (0, 5): 0.16666666666663887, (1, 2): 0.6666666666665555, (1, 6): 0.9999999999998334, (2, 3): 0.8333333333331945, (2, 7): 0.0, (3, 4): 0.6666666666665555, (3, 8): 0.4999999999999167, (4, 9): 0.33333333333327775, (5, 6): 0.16666666666663887, (5, 10): 0.16666666666663887, (6, 7): 0.6666666666665555, (6, 11): 0.6666666666665555, (7, 8): 0.8333333333331945, (7, 12): 0.6666666666665555, (8, 9): 0.16666666666663887, (8, 13): 0.4999999999999167, (9, 14): 0.33333333333327775, (10, 11): 0.16666666666663887, (10, 15): 0.4999999999999167, (11, 12): 0.6666666666665555, (11, 16): 0.16666666666663887, (12, 13): 0.4999999999999167, (12, 17): 0.6666666666665555, (13, 14): 0.33333333333327775, (13, 18): 0.33333333333327775, (14, 19): 0.6666666666665555, (15, 16): 0.4999999999999167, (15, 20): 0.33333333333327775, (16, 17): 0.6666666666665555, (16, 21): 0.16666666666663887, (17, 18): 0.6666666666665555, (17, 22): 0.16666666666663887, (18, 19): 0.6666666666665555, (18, 23): 0.4999999999999167, (19, 24): 0.16666666666663887, (20, 21): 0.33333333333327775, (21, 22): 0.4999999999999167, (22, 23): 0.4999999999999167, (23, 24): 0.16666666666663887}, 'F_qual': {(0, 1): 0.0, (0, 5): 0.0, (1, 2): 0.0, (1, 6): 0.0, (2, 3): 0.0, (2, 7): 0.0, (3, 4): 0.0, (3, 8): 0.0, (4, 9): 0.0, (5, 6): 0.0, (5, 10): 0.0, (6, 7): 0.0, (6, 11): 0.0, (7, 8): 0.0, (7, 12): 0.0, (8, 9): 0.0, (8, 13): 0.0, (9, 14): 0.0, (10, 11): 0.0, (10, 15): 0.0, (11, 12): 0.0, (11, 16): 0.0, (12, 13): 0.0, (12, 17): 0.0, (13, 14): 0.0, (13, 18): 0.0, (14, 19): 0.0, (15, 16): 0.0, (15, 20): 0.0, (16, 17): 0.0, (16, 21): 0.0, (17, 18): 0.0, (17, 22): 0.0, (18, 19): 0.0, (18, 23): 0.0, (19, 24): 0.0, (20, 21): 0.0, (21, 22): 0.0, (22, 23): 0.0, (23, 24): 0.0}, 'F_overlap': {(0, 1): 0.0, (0, 5): 0.0, (1, 2): 0.0, (1, 6): 0.0, (2, 3): 0.0, (2, 7): 0.0, (3, 4): 0.0, (3, 8): 0.0, (4, 9): 0.0, (5, 6): 0.0, (5, 10): 0.0, (6, 7): 0.0, (6, 11): 0.0, (7, 8): 0.0, (7, 12): 0.0, (8, 9): 0.0, (8, 13): 0.0, (9, 14): 0.0, (10, 11): 0.0, (10, 15): 0.0, (11, 12): 0.0, (11, 16): 0.0, (12, 13): 0.0, (12, 17): 0.0, (13, 14): 0.0, (13, 18): 0.0, (14, 19): 0.0, (15, 16): 0.0, (15, 20): 0.0, (16, 17): 0.0, (16, 21): 0.0, (17, 18): 0.0, (17, 22): 0.0, (18, 19): 0.0, (18, 23): 0.0, (19, 24): 0.0, (20, 21): 0.0, (21, 22): 0.0, (22, 23): 0.0, (23, 24): 0.0}}, 'dp_total_pairs': 40}",,,,,,,,
DP-MP_t,num_users_per_request,6,6,593145736,,25,40,10.0,SUMMARY,0.0,0.0,0.0,,,,,,,,,,,,,,,0.10783319999999819,0.00044290000000302143,0.001935299999999529,0.10976849999999772,0.11055570000000259,0.11055570000000259,,,,,,,1,,,0.0,0.0,0.0,0.0,0.0,0.0,0.0,0.0
LP_R-MP_t,num_users_per_request,6,6,593145736,,25,40,10.0,0,0.0,0.0,0.0,4000.030872711074,0.030872711073885502,4,4,40,0,4,"[0, 0, 0, 0]","[[4, 18, 12, 7, 23, 20], [19, 13, 21, 8, 0, 14], [3, 1, 15, 17, 6, 19], [12, 6, 4, 1, 11, 3]]","[[4, 18, 12, 7, 23, 20], [19, 13, 21, 8, 0, 14], [3, 1, 15, 17, 6, 19], [12, 6, 4, 1, 11, 3]]",40,40,40,160,0.7355643000000001,0.00044579999999783126,0.0018526999999970428,0.7374169999999971,0.7381746000000007,0.7381746000000007,"{(0, 1): 1, (1, 2): 2, (1, 6): 3, (2, 3): 2, (3, 4): 2, (3, 8): 1, (6, 7): 1, (6, 11): 3, (7, 8): 1, (7, 12): 1, (8, 9): 1, (8, 13): 1, (9, 14): 1, (11, 12): 2, (11, 16): 2, (12, 13): 1, (12, 17): 1, (13, 14): 1, (14, 19): 1, (15, 16): 2, (15, 20): 1, (16, 17): 2, (16, 21): 1, (17, 18): 2, (18, 19): 1, (18, 23): 1, (21, 22): 1, (22, 23): 1}",148139878,1899179786,2012288188,689960118,"[4265918666, 2813778286, 1199889537, 3769681090]",1,4029182149,"{'lp_objective': 4000.030872711074, 'ilp_expected_objective': 4000.030872711074, 'ilp_expected_throughput_term': 0.030872711073885502, 'ilp_covered_requests': 4, 'ilp_selected_tree_count': 4, 'deployed_source_count': 40, 'ilp_objective_mode': 'coverage_expected_throughput', 'lp_status': 'OPTIMAL', 'lp_candidate_seed': 1934997417, 'lp_solver_seed': 1901584977, 'lp_selected_trees': 4, 'lp_candidate_tree_counts': {0: 22, 1: 32, 2: 32, 3: 2}, 'lp_minimum_routing_source_placement': None, 'lp_used_budget': 40, 'lp_memory_load': {0: 1, 1: 6, 2: 4, 3: 5, 4: 2, 6: 7, 7: 3, 8: 4, 9: 2, 11: 7, 12: 5, 13: 3, 14: 3, 15: 3, 16: 7, 17: 5, 18: 4, 19: 2, 20: 1, 21: 2, 22: 2, 23: 2}, 'used_budget': 40, 'candidate_edge_count': 40, 'effective_capacity': 160}",,,,,,,,
LP_R-MP_t,num_users_per_request,6,6,593145736,,25,40,10.0,SUMMARY,0.0,0.0,0.0,,,,,,,,,,,,,,,0.7355643000000001,0.00044579999999783126,0.0018526999999970428,0.7374169999999971,0.7381746000000007,0.7381746000000007,,,,,,,1,,,0.0,0.0,0.0,0.0,0.0,0.0,0.0,0.0
ILP_CG-MP_t,num_users_per_request,6,6,593145736,,25,40,10.0,0,0.0,0.0,0.0,4000.025004992305,0.0250049923049561,4,4,40,0,4,"[0, 0, 0, 0]","[[4, 18, 12, 7, 23, 20], [19, 13, 21, 8, 0, 14], [3, 1, 15, 17, 6, 19], [12, 6, 4, 1, 11, 3]]","[[4, 18, 12, 7, 23, 20], [19, 13, 21, 8, 0, 14], [3, 1, 15, 17, 6, 19], [12, 6, 4, 1, 11, 3]]",40,40,40,160,0.7315341000000011,0.0007158000000018205,0.0009629999999987149,0.7324970999999998,0.7335118999999999,0.7335118999999999,"{(0, 1): 1, (1, 2): 3, (1, 6): 2, (2, 3): 3, (3, 4): 1, (3, 8): 1, (4, 9): 1, (5, 6): 1, (5, 10): 1, (6, 7): 1, (6, 11): 2, (7, 8): 1, (7, 12): 1, (8, 13): 1, (9, 14): 1, (11, 12): 1, (11, 16): 1, (12, 13): 2, (12, 17): 1, (13, 14): 2, (13, 18): 1, (14, 19): 1, (15, 16): 1, (16, 17): 2, (16, 21): 1, (17, 18): 1, (18, 19): 1, (18, 23): 1, (20, 21): 1, (21, 22): 1, (22, 23): 1}",3403111947,1899179786,2012288188,689960118,"[4265918666, 2813778286, 1199889537, 3769681090]",1,4029182149,"{'ilp_objective': 4000.025004992305, 'ilp_expected_objective': 4000.025004992305, 'ilp_expected_throughput_term': 0.0250049923049561, 'ilp_covered_requests': 4, 'ilp_selected_tree_count': 4, 'deployed_source_count': 40, 'ilp_objective_mode': 'coverage_expected_throughput', 'ilp_use_redundancy_reward': False, 'ilp_spend_remaining_budget_after_solve': True, 'ilp_status': 'OPTIMAL', 'ilp_cg_iterations': 1, 'ilp_cg_added_columns': 3, 'ilp_cg_pricing_mode': 'candidate_pool_exact', 'ilp_cg_pricing_pool_trees': 32, 'ilp_cg_pricing_pool_seed': 1934997417, 'ilp_cg_initial_seed': 1934997417, 'ilp_cg_final_solver_seed': 4122478884, 'ilp_cg_max_trees_per_request': 2, 'ilp_cg_max_pricing_columns_per_request': 1, 'ilp_selected_trees': 4, 'ilp_candidate_tree_counts': {0: 3, 1: 3, 2: 3, 3: 2}, 'ilp_minimum_routing_source_placement': {(0, 1): 1, (1, 2): 3, (1, 6): 2, (2, 3): 3, (3, 4): 1, (3, 8): 1, (4, 9): 1, (6, 11): 2, (7, 12): 1, (8, 13): 1, (9, 14): 1, (11, 12): 1, (11, 16): 1, (12, 13): 2, (12, 17): 1, (13, 14): 2, (13, 18): 1, (14, 19): 1, (15, 16): 1, (16, 17): 2, (16, 21): 1, (17, 18): 1, (18, 19): 1, (18, 23): 1, (20, 21): 1, (21, 22): 1, (22, 23): 1}, 'ilp_optimized_z_used_budget': 36, 'ilp_deployed_used_budget': 40, 'ilp_redundant_used_budget': 40, 'ilp_redundant_routing_source_placement': {(0, 1): 1, (1, 2): 3, (1, 6): 2, (2, 3): 3, (3, 4): 1, (3, 8): 1, (4, 9): 1, (5, 6): 1, (5, 10): 1, (6, 7): 1, (6, 11): 2, (7, 8): 1, (7, 12): 1, (8, 13): 1, (9, 14): 1, (11, 12): 1, (11, 16): 1, (12, 13): 2, (12, 17): 1, (13, 14): 2, (13, 18): 1, (14, 19): 1, (15, 16): 1, (16, 17): 2, (16, 21): 1, (17, 18): 1, (18, 19): 1, (18, 23): 1, (20, 21): 1, (21, 22): 1, (22, 23): 1}, 'ilp_redundant_memory_load': {0: 1, 1: 6, 2: 6, 3: 5, 4: 2, 5: 2, 6: 6, 7: 3, 8: 3, 9: 2, 10: 1, 11: 4, 12: 5, 13: 6, 14: 4, 15: 1, 16: 5, 17: 4, 18: 4, 19: 2, 20: 1, 21: 3, 22: 2, 23: 2}, 'used_budget': 40, 'candidate_edge_count': 40, 'effective_capacity': 160}",,,,,,,,
ILP_CG-MP_t,num_users_per_request,6,6,593145736,,25,40,10.0,SUMMARY,0.0,0.0,0.0,,,,,,,,,,,,,,,0.7315341000000011,0.0007158000000018205,0.0009629999999987149,0.7324970999999998,0.7335118999999999,0.7335118999999999,,,,,,,1,,,0.0,0.0,0.0,0.0,0.0,0.0,0.0,0.0
ILP-MP_t,num_users_per_request,6,6,593145736,,25,40,10.0,0,0.0,0.0,0.0,4000.0248548976697,0.0248548976696591,4,4,40,0,4,"[0, 0, 0, 0]","[[4, 18, 12, 7, 23, 20], [19, 13, 21, 8, 0, 14], [3, 1, 15, 17, 6, 19], [12, 6, 4, 1, 11, 3]]","[[4, 18, 12, 7, 23, 20], [19, 13, 21, 8, 0, 14], [3, 1, 15, 17, 6, 19], [12, 6, 4, 1, 11, 3]]",40,40,40,160,0.1180595000000011,0.0007462000000018065,0.001854900000001436,0.11991440000000253,0.12099819999999895,0.12099819999999895,"{(0, 1): 1, (1, 2): 3, (1, 6): 2, (2, 3): 2, (2, 7): 1, (3, 4): 1, (3, 8): 1, (4, 9): 1, (6, 7): 1, (6, 11): 2, (7, 8): 2, (7, 12): 1, (8, 9): 1, (8, 13): 1, (10, 15): 1, (11, 12): 2, (11, 16): 2, (12, 13): 2, (12, 17): 1, (13, 14): 1, (13, 18): 1, (14, 19): 1, (15, 16): 1, (16, 17): 1, (16, 21): 1, (17, 18): 1, (18, 19): 1, (18, 23): 1, (20, 21): 1, (21, 22): 1, (22, 23): 1}",314954152,1899179786,2012288188,689960118,"[4265918666, 2813778286, 1199889537, 3769681090]",1,4029182149,"{'ilp_objective': 4000.0248548976697, 'ilp_expected_objective': 4000.0248548976697, 'ilp_expected_throughput_term': 0.0248548976696591, 'ilp_covered_requests': 4, 'ilp_selected_tree_count': 4, 'deployed_source_count': 40, 'ilp_objective_mode': 'coverage_expected_throughput', 'ilp_use_redundancy_reward': False, 'ilp_spend_remaining_budget_after_solve': True, 'ilp_status': 'OPTIMAL', 'ilp_candidate_seed': 1934997417, 'ilp_solver_seed': 1714257075, 'ilp_selected_trees': 4, 'ilp_candidate_tree_counts': {0: 4, 1: 4, 2: 4, 3: 2}, 'ilp_minimum_routing_source_placement': {(0, 1): 1, (1, 2): 3, (1, 6): 2, (2, 3): 2, (2, 7): 1, (3, 4): 1, (4, 9): 1, (6, 11): 2, (7, 8): 2, (7, 12): 1, (8, 9): 1, (8, 13): 1, (11, 12): 2, (11, 16): 2, (12, 13): 2, (13, 14): 1, (13, 18): 1, (14, 19): 1, (15, 16): 1, (16, 17): 1, (16, 21): 1, (17, 18): 1, (18, 19): 1, (18, 23): 1, (20, 21): 1, (21, 22): 1, (22, 23): 1}, 'ilp_optimized_z_used_budget': 36, 'ilp_deployed_used_budget': 40, 'ilp_redundant_used_budget': 40, 'ilp_redundant_routing_source_placement': {(0, 1): 1, (1, 2): 3, (1, 6): 2, (2, 3): 2, (2, 7): 1, (3, 4): 1, (3, 8): 1, (4, 9): 1, (6, 7): 1, (6, 11): 2, (7, 8): 2, (7, 12): 1, (8, 9): 1, (8, 13): 1, (10, 15): 1, (11, 12): 2, (11, 16): 2, (12, 13): 2, (12, 17): 1, (13, 14): 1, (13, 18): 1, (14, 19): 1, (15, 16): 1, (16, 17): 1, (16, 21): 1, (17, 18): 1, (18, 19): 1, (18, 23): 1, (20, 21): 1, (21, 22): 1, (22, 23): 1}, 'ilp_redundant_memory_load': {0: 1, 1: 6, 2: 6, 3: 4, 4: 2, 6: 5, 7: 5, 8: 5, 9: 2, 10: 1, 11: 6, 12: 6, 13: 5, 14: 2, 15: 2, 16: 5, 17: 3, 18: 4, 19: 2, 20: 1, 21: 3, 22: 2, 23: 2}, 'used_budget': 40, 'candidate_edge_count': 40, 'effective_capacity': 160}",,,,,,,,
ILP-MP_t,num_users_per_request,6,6,593145736,,25,40,10.0,SUMMARY,0.0,0.0,0.0,,,,,,,,,,,,,,,0.1180595000000011,0.0007462000000018065,0.001854900000001436,0.11991440000000253,0.12099819999999895,0.12099819999999895,,,,,,,1,,,0.0,0.0,0.0,0.0,0.0,0.0,0.0,0.0
BT-MP_t,num_users_per_request,7,7,593145736,,25,40,10.0,0,0.0,0.0,0.0,,,,,40,0,4,"[0, 0, 0, 0]","[[4, 18, 12, 7, 23, 20, 21], [19, 13, 21, 8, 0, 14, 23], [3, 1, 15, 17, 6, 19, 5], [12, 6, 4, 1, 11, 3, 24]]","[[4, 18, 12, 7, 23, 20, 21], [19, 13, 21, 8, 0, 14, 23], [3, 1, 15, 17, 6, 19, 5], [12, 6, 4, 1, 11, 3, 24]]",40,40,40,160,0.002216600000000568,0.0005661000000003469,0.0021854999999995073,0.004402100000000075,0.005280800000001307,0.005280800000001307,"{(12, 13): 1, (7, 12): 1, (11, 12): 1, (12, 17): 1, (6, 7): 1, (7, 8): 1, (6, 11): 1, (8, 13): 1, (11, 16): 1, (13, 18): 1, (16, 17): 1, (17, 18): 1, (2, 7): 1, (10, 11): 1, (13, 14): 1, (17, 22): 1, (16, 21): 1, (18, 19): 1, (18, 23): 1, (3, 8): 1, (5, 6): 1, (8, 9): 1, (15, 16): 1, (1, 6): 1, (1, 2): 1, (2, 3): 1, (5, 10): 1, (9, 14): 1, (10, 15): 1, (14, 19): 1, (21, 22): 1, (22, 23): 1, (4, 9): 1, (0, 1): 1, (0, 5): 1, (3, 4): 1, (15, 20): 1, (19, 24): 1, (20, 21): 1, (23, 24): 1}",1917356134,3074377297,2012288188,689960118,"[4265918666, 2813778286, 1199889537, 3769681090]",1,4029182149,"{'betweenness_scores': {(0, 1): 0.04896031746031746, (0, 5): 0.04896031746031746, (1, 2): 0.06992857142857144, (1, 6): 0.0758253968253968, (5, 6): 0.07582539682539681, (5, 10): 0.06992857142857144, (2, 3): 0.06992857142857144, (2, 7): 0.08376190476190479, (6, 7): 0.11528571428571432, (6, 11): 0.11528571428571428, (3, 4): 0.04896031746031746, (3, 8): 0.07582539682539681, (7, 8): 0.11528571428571431, (7, 12): 0.12957142857142856, (4, 9): 0.04896031746031747, (8, 9): 0.07582539682539681, (8, 13): 0.11528571428571428, (9, 14): 0.06992857142857144, (10, 11): 0.08376190476190479, (10, 15): 0.06992857142857144, (11, 12): 0.12957142857142856, (11, 16): 0.11528571428571428, (12, 13): 0.1295714285714286, (12, 17): 0.12957142857142856, (13, 14): 0.08376190476190479, (13, 18): 0.11528571428571428, (14, 19): 0.06992857142857144, (15, 16): 0.07582539682539681, (15, 20): 0.04896031746031746, (16, 17): 0.11528571428571428, (16, 21): 0.07582539682539682, (17, 18): 0.11528571428571428, (17, 22): 0.08376190476190476, (18, 19): 0.07582539682539682, (18, 23): 0.07582539682539682, (19, 24): 0.04896031746031746, (20, 21): 0.04896031746031746, (21, 22): 0.06992857142857144, (22, 23): 0.06992857142857144, (23, 24): 0.04896031746031746}, 'allocation': {(0, 1): 1, (0, 5): 1, (1, 2): 1, (1, 6): 1, (2, 3): 1, (2, 7): 1, (3, 4): 1, (3, 8): 1, (4, 9): 1, (5, 6): 1, (5, 10): 1, (6, 7): 1, (6, 11): 1, (7, 8): 1, (7, 12): 1, (8, 9): 1, (8, 13): 1, (9, 14): 1, (10, 11): 1, (10, 15): 1, (11, 12): 1, (11, 16): 1, (12, 13): 1, (12, 17): 1, (13, 14): 1, (13, 18): 1, (14, 19): 1, (15, 16): 1, (15, 20): 1, (16, 17): 1, (16, 21): 1, (17, 18): 1, (17, 22): 1, (18, 19): 1, (18, 23): 1, (19, 24): 1, (20, 21): 1, (21, 22): 1, (22, 23): 1, (23, 24): 1}, 'used_budget': 40, 'candidate_edge_count': 40, 'effective_capacity': 160}",,,,,,,,
BT-MP_t,num_users_per_request,7,7,593145736,,25,40,10.0,SUMMARY,0.0,0.0,0.0,,,,,,,,,,,,,,,0.002216600000000568,0.0005661000000003469,0.0021854999999995073,0.004402100000000075,0.005280800000001307,0.005280800000001307,,,,,,,1,,,0.0,0.0,0.0,0.0,0.0,0.0,0.0,0.0
DP-MP_t,num_users_per_request,7,7,593145736,,25,40,10.0,0,0.0,0.0,0.0,,,,,40,0,4,"[0, 0, 0, 0]","[[4, 18, 12, 7, 23, 20, 21], [19, 13, 21, 8, 0, 14, 23], [3, 1, 15, 17, 6, 19, 5], [12, 6, 4, 1, 11, 3, 24]]","[[4, 18, 12, 7, 23, 20, 21], [19, 13, 21, 8, 0, 14, 23], [3, 1, 15, 17, 6, 19, 5], [12, 6, 4, 1, 11, 3, 24]]",40,40,40,160,0.1215830000000011,0.0006364000000012027,0.0021702999999995143,0.12375330000000062,0.1247273999999976,0.1247273999999976,"{(0, 1): 1, (0, 5): 1, (1, 2): 2, (1, 6): 2, (2, 3): 2, (3, 4): 2, (3, 8): 1, (4, 9): 1, (5, 6): 1, (5, 10): 1, (6, 7): 1, (6, 11): 1, (7, 8): 1, (7, 12): 1, (8, 13): 1, (9, 14): 1, (10, 15): 1, (11, 12): 1, (12, 13): 1, (12, 17): 2, (13, 14): 1, (13, 18): 1, (14, 19): 2, (16, 17): 1, (17, 18): 1, (18, 19): 1, (18, 23): 2, (19, 24): 1, (20, 21): 1, (21, 22): 1, (22, 23): 2, (23, 24): 1}",1401080234,1198487884,2012288188,689960118,"[4265918666, 2813778286, 1199889537, 3769681090]",1,4029182149,"{'used_budget': 40, 'candidate_edge_count': 40, 'effective_capacity': 160, 'dp_candidate_seed': 3229805457, 'dp_candidate_tree_counts': {0: 4, 1: 4, 2: 4, 3: 4}, 'dp_path_edge_count': 40, 'dp_allocation': {(0, 1): 1, (0, 5): 1, (1, 2): 2, (1, 6): 2, (2, 3): 2, (2, 7): 0, (3, 4): 2, (3, 8): 1, (4, 9): 1, (5, 6): 1, (5, 10): 1, (6, 7): 1, (6, 11): 1, (7, 8): 1, (7, 12): 1, (8, 9): 0, (8, 13): 1, (9, 14): 1, (10, 11): 0, (10, 15): 1, (11, 12): 1, (11, 16): 0, (12, 13): 1, (12, 17): 2, (13, 14): 1, (13, 18): 1, (14, 19): 2, (15, 16): 0, (15, 20): 0, (16, 17): 1, (16, 21): 0, (17, 18): 1, (17, 22): 0, (18, 19): 1, (18, 23): 2, (19, 24): 1, (20, 21): 1, (21, 22): 1, (22, 23): 2, (23, 24): 1}, 'dp_value': 11.95639970626791, 'dp_parts': {'F_topo': {(3, 4): 0.13335796084225346, (3, 8): 0.44760497475677946, (8, 13): 0.8743997044698479, (13, 18): 0.9204531461642185, (4, 9): 0.13335796084225346, (8, 9): 0.0, (9, 14): 0.14776505356482378, (13, 14): 0.4939046915404236, (14, 19): 0.3573451545375994, (18, 19): 0.4632434429257236, (2, 3): 0.2604359069080024, (2, 7): 0.08114764191601566, (7, 12): 0.8287156754093906, (7, 8): 0.7218322866641668, (12, 13): 0.9999999999999484, (18, 23): 0.46213520502398736, (19, 24): 0.17842630217952524, (23, 24): 0.15256741780568103, (1, 2): 0.2862947912818463, (0, 1): 0.16266469646594361, (0, 5): 0.15059721709148302, (5, 10): 0.26068218199727694, (10, 15): 0.27114887329145254, (15, 20): 0.15170545499321944, (1, 6): 0.4303657185075497, (5, 6): 0.4495751754709766, (6, 7): 0.8694742026843542, (6, 11): 0.7864794975987758, (10, 11): 0.07954685383573012, (11, 12): 0.8639330131756738, (11, 16): 0.5584287649303974, (15, 16): 0.38973032877722324, (12, 17): 0.7906661741164479, (16, 17): 0.5852727496613405, (17, 18): 0.8095062184459624, (16, 21): 0.37766284940276224, (20, 21): 0.16155645856420758, (17, 22): 0.07314370151458786, (21, 22): 0.2930673562369005, (22, 23): 0.26142100726510087}, 'F_demand': {(0, 1): 0.3333333333332963, (0, 5): 0.3333333333332963, (1, 2): 0.7777777777776913, (1, 6): 0.9999999999998889, (2, 3): 0.8888888888887901, (2, 7): 0.11111111111109877, (3, 4): 0.7777777777776913, (3, 8): 0.44444444444439507, (4, 9): 0.3333333333332963, (5, 6): 0.44444444444439507, (5, 10): 0.44444444444439507, (6, 7): 0.44444444444439507, (6, 11): 0.5555555555554939, (7, 8): 0.6666666666665926, (7, 12): 0.6666666666665926, (8, 9): 0.22222222222219754, (8, 13): 0.44444444444439507, (9, 14): 0.3333333333332963, (10, 11): 0.11111111111109877, (10, 15): 0.3333333333332963, (11, 12): 0.6666666666665926, (11, 16): 0.11111111111109877, (12, 13): 0.5555555555554939, (12, 17): 0.7777777777776913, (13, 14): 0.44444444444439507, (13, 18): 0.44444444444439507, (14, 19): 0.7777777777776913, (15, 16): 0.3333333333332963, (15, 20): 0.0, (16, 17): 0.5555555555554939, (16, 21): 0.3333333333332963, (17, 18): 0.5555555555554939, (17, 22): 0.22222222222219754, (18, 19): 0.5555555555554939, (18, 23): 0.7777777777776913, (19, 24): 0.5555555555554939, (20, 21): 0.44444444444439507, (21, 22): 0.5555555555554939, (22, 23): 0.7777777777776913, (23, 24): 0.5555555555554939}, 'F_qual': {(0, 1): 0.0, (0, 5): 0.0, (1, 2): 0.0, (1, 6): 0.0, (2, 3): 0.0, (2, 7): 0.0, (3, 4): 0.0, (3, 8): 0.0, (4, 9): 0.0, (5, 6): 0.0, (5, 10): 0.0, (6, 7): 0.0, (6, 11): 0.0, (7, 8): 0.0, (7, 12): 0.0, (8, 9): 0.0, (8, 13): 0.0, (9, 14): 0.0, (10, 11): 0.0, (10, 15): 0.0, (11, 12): 0.0, (11, 16): 0.0, (12, 13): 0.0, (12, 17): 0.0, (13, 14): 0.0, (13, 18): 0.0, (14, 19): 0.0, (15, 16): 0.0, (15, 20): 0.0, (16, 17): 0.0, (16, 21): 0.0, (17, 18): 0.0, (17, 22): 0.0, (18, 19): 0.0, (18, 23): 0.0, (19, 24): 0.0, (20, 21): 0.0, (21, 22): 0.0, (22, 23): 0.0, (23, 24): 0.0}, 'F_overlap': {(0, 1): 0.0, (0, 5): 0.0, (1, 2): 0.0, (1, 6): 0.0, (2, 3): 0.0, (2, 7): 0.0, (3, 4): 0.0, (3, 8): 0.0, (4, 9): 0.0, (5, 6): 0.0, (5, 10): 0.0, (6, 7): 0.0, (6, 11): 0.0, (7, 8): 0.0, (7, 12): 0.0, (8, 9): 0.0, (8, 13): 0.0, (9, 14): 0.0, (10, 11): 0.0, (10, 15): 0.0, (11, 12): 0.0, (11, 16): 0.0, (12, 13): 0.0, (12, 17): 0.0, (13, 14): 0.0, (13, 18): 0.0, (14, 19): 0.0, (15, 16): 0.0, (15, 20): 0.0, (16, 17): 0.0, (16, 21): 0.0, (17, 18): 0.0, (17, 22): 0.0, (18, 19): 0.0, (18, 23): 0.0, (19, 24): 0.0, (20, 21): 0.0, (21, 22): 0.0, (22, 23): 0.0, (23, 24): 0.0}}, 'dp_total_pairs': 40}",,,,,,,,
DP-MP_t,num_users_per_request,7,7,593145736,,25,40,10.0,SUMMARY,0.0,0.0,0.0,,,,,,,,,,,,,,,0.1215830000000011,0.0006364000000012027,0.0021702999999995143,0.12375330000000062,0.1247273999999976,0.1247273999999976,,,,,,,1,,,0.0,0.0,0.0,0.0,0.0,0.0,0.0,0.0
LP_R-MP_t,num_users_per_request,7,7,593145736,,25,40,10.0,0,1.0,1.0,1.0,3909.095959196089,0.0050501051793516265,3,3,40,1,3,"[0, 1, 0, 0]","[[4, 18, 12, 7, 23, 20, 21], [19, 13, 21, 8, 0, 14, 23], [3, 1, 15, 17, 6, 19, 5], [12, 6, 4, 1, 11, 3, 24]]","[[4, 18, 12, 7, 23, 20, 21], [19, 13, 21, 8, 0, 14, 23], [3, 1, 15, 17, 6, 19, 5], [12, 6, 4, 1, 11, 3, 24]]",40,40,40,160,1.1602455999999997,0.0004946999999972945,0.0023055999999996857,1.1625511999999993,1.1635165,1.1635165,"{(0, 1): 1, (0, 5): 1, (1, 2): 1, (1, 6): 1, (2, 3): 1, (2, 7): 1, (3, 4): 1, (3, 8): 1, (4, 9): 1, (5, 6): 2, (5, 10): 1, (6, 7): 1, (6, 11): 1, (7, 8): 2, (7, 12): 1, (8, 13): 1, (9, 14): 1, (10, 15): 1, (11, 12): 1, (12, 13): 1, (12, 17): 1, (13, 14): 1, (13, 18): 1, (14, 19): 1, (15, 16): 1, (16, 17): 2, (16, 21): 1, (17, 18): 2, (18, 19): 1, (18, 23): 2, (19, 24): 1, (20, 21): 1, (21, 22): 1, (22, 23): 1, (23, 24): 1}",148139878,1899179786,2012288188,689960118,"[4265918666, 2813778286, 1199889537, 3769681090]",1,4029182149,"{'lp_objective': 3909.095959196089, 'ilp_expected_objective': 3909.095959196089, 'ilp_expected_throughput_term': 0.0050501051793516265, 'ilp_covered_requests': 3, 'ilp_selected_tree_count': 3, 'deployed_source_count': 40, 'ilp_objective_mode': 'coverage_expected_throughput', 'lp_status': 'OPTIMAL', 'lp_candidate_seed': 1934997417, 'lp_solver_seed': 1901584977, 'lp_selected_trees': 3, 'lp_candidate_tree_counts': {0: 23, 1: 18, 2: 13, 3: 32}, 'lp_minimum_routing_source_placement': None, 'lp_used_budget': 40, 'lp_memory_load': {0: 2, 1: 3, 2: 3, 3: 3, 4: 2, 5: 4, 6: 5, 7: 5, 8: 4, 9: 2, 10: 2, 11: 2, 12: 4, 13: 4, 14: 3, 15: 2, 16: 4, 17: 5, 18: 6, 19: 3, 20: 1, 21: 3, 22: 2, 23: 4, 24: 2}, 'used_budget': 40, 'candidate_edge_count': 40, 'effective_capacity': 160}",,,,,,,,
LP_R-MP_t,num_users_per_request,7,7,593145736,,25,40,10.0,SUMMARY,1.0,1.0,1.0,,,,,,,,,,,,,,,1.1602455999999997,0.0004946999999972945,0.0023055999999996857,1.1625511999999993,1.1635165,1.1635165,,,,,,,1,,,0.0,0.0,0.0,0.0,0.0,0.0,0.0,0.0
ILP_CG-MP_t,num_users_per_request,7,7,593145736,,25,40,10.0,0,0.0,0.0,0.0,3000.004052555153,0.004052555153018979,3,3,40,0,4,"[0, 0, 0, 0]","[[4, 18, 12, 7, 23, 20, 21], [19, 13, 21, 8, 0, 14, 23], [3, 1, 15, 17, 6, 19, 5], [12, 6, 4, 1, 11, 3, 24]]","[[4, 18, 12, 7, 23, 20, 21], [19, 13, 21, 8, 0, 14, 23], [3, 1, 15, 17, 6, 19, 5], [12, 6, 4, 1, 11, 3, 24]]",40,40,40,160,1.2979018000000018,0.000510699999999531,0.002045799999997655,1.2999475999999994,1.3008309000000011,1.3008309000000011,"{(0, 5): 1, (1, 2): 2, (1, 6): 2, (2, 3): 2, (3, 4): 1, (3, 8): 1, (4, 9): 1, (5, 6): 1, (5, 10): 1, (6, 7): 1, (6, 11): 1, (7, 8): 1, (7, 12): 1, (8, 9): 1, (8, 13): 1, (9, 14): 1, (10, 15): 1, (11, 12): 1, (12, 13): 2, (12, 17): 1, (13, 14): 1, (13, 18): 2, (14, 19): 1, (15, 16): 1, (16, 17): 1, (17, 18): 1, (17, 22): 1, (18, 19): 1, (18, 23): 2, (19, 24): 1, (20, 21): 1, (21, 22): 1, (22, 23): 1, (23, 24): 1}",3403111947,1899179786,2012288188,689960118,"[4265918666, 2813778286, 1199889537, 3769681090]",1,4029182149,"{'ilp_objective': 3000.004052555153, 'ilp_expected_objective': 3000.004052555153, 'ilp_expected_throughput_term': 0.004052555153018979, 'ilp_covered_requests': 3, 'ilp_selected_tree_count': 3, 'deployed_source_count': 40, 'ilp_objective_mode': 'coverage_expected_throughput', 'ilp_use_redundancy_reward': False, 'ilp_spend_remaining_budget_after_solve': True, 'ilp_status': 'OPTIMAL', 'ilp_cg_iterations': 1, 'ilp_cg_added_columns': 2, 'ilp_cg_pricing_mode': 'candidate_pool_exact', 'ilp_cg_pricing_pool_trees': 32, 'ilp_cg_pricing_pool_seed': 1934997417, 'ilp_cg_initial_seed': 1934997417, 'ilp_cg_final_solver_seed': 4122478884, 'ilp_cg_max_trees_per_request': 2, 'ilp_cg_max_pricing_columns_per_request': 1, 'ilp_selected_trees': 3, 'ilp_candidate_tree_counts': {0: 3, 1: 2, 2: 2, 3: 3}, 'ilp_minimum_routing_source_placement': {(1, 2): 2, (1, 6): 2, (2, 3): 2, (3, 4): 1, (4, 9): 1, (5, 6): 1, (5, 10): 1, (6, 11): 1, (7, 8): 1, (7, 12): 1, (8, 9): 1, (10, 15): 1, (11, 12): 1, (12, 13): 2, (13, 18): 2, (15, 16): 1, (16, 17): 1, (17, 18): 1, (18, 19): 1, (18, 23): 2, (20, 21): 1, (21, 22): 1, (22, 23): 1, (23, 24): 1}, 'ilp_optimized_z_used_budget': 30, 'ilp_deployed_used_budget': 40, 'ilp_redundant_used_budget': 40, 'ilp_redundant_routing_source_placement': {(0, 5): 1, (1, 2): 2, (1, 6): 2, (2, 3): 2, (3, 4): 1, (3, 8): 1, (4, 9): 1, (5, 6): 1, (5, 10): 1, (6, 7): 1, (6, 11): 1, (7, 8): 1, (7, 12): 1, (8, 9): 1, (8, 13): 1, (9, 14): 1, (10, 15): 1, (11, 12): 1, (12, 13): 2, (12, 17): 1, (13, 14): 1, (13, 18): 2, (14, 19): 1, (15, 16): 1, (16, 17): 1, (17, 18): 1, (17, 22): 1, (18, 19): 1, (18, 23): 2, (19, 24): 1, (20, 21): 1, (21, 22): 1, (22, 23): 1, (23, 24): 1}, 'ilp_redundant_memory_load': {0: 1, 1: 4, 2: 4, 3: 4, 4: 2, 5: 3, 6: 5, 7: 3, 8: 4, 9: 3, 10: 2, 11: 2, 12: 5, 13: 6, 14: 3, 15: 2, 16: 2, 17: 4, 18: 6, 19: 3, 20: 1, 21: 2, 22: 3, 23: 4, 24: 2}, 'used_budget': 40, 'candidate_edge_count': 40, 'effective_capacity': 160}",,,,,,,,
ILP_CG-MP_t,num_users_per_request,7,7,593145736,,25,40,10.0,SUMMARY,0.0,0.0,0.0,,,,,,,,,,,,,,,1.2979018000000018,0.000510699999999531,0.002045799999997655,1.2999475999999994,1.3008309000000011,1.3008309000000011,,,,,,,1,,,0.0,0.0,0.0,0.0,0.0,0.0,0.0,0.0
ILP-MP_t,num_users_per_request,7,7,593145736,,25,40,10.0,0,0.0,0.0,0.0,3000.003468800267,0.0034688002666584993,3,3,40,0,4,"[0, 0, 0, 0]","[[4, 18, 12, 7, 23, 20, 21], [19, 13, 21, 8, 0, 14, 23], [3, 1, 15, 17, 6, 19, 5], [12, 6, 4, 1, 11, 3, 24]]","[[4, 18, 12, 7, 23, 20, 21], [19, 13, 21, 8, 0, 14, 23], [3, 1, 15, 17, 6, 19, 5], [12, 6, 4, 1, 11, 3, 24]]",40,40,40,160,0.11272349999999776,0.0005342999999982112,0.0027244000000017365,0.11544789999999949,0.11637830000000093,0.11637830000000093,"{(0, 1): 1, (0, 5): 1, (1, 2): 2, (1, 6): 2, (2, 3): 2, (3, 4): 1, (3, 8): 1, (4, 9): 1, (5, 6): 2, (5, 10): 1, (6, 7): 1, (6, 11): 1, (7, 8): 1, (7, 12): 1, (8, 9): 1, (8, 13): 1, (9, 14): 1, (10, 15): 1, (11, 12): 1, (12, 13): 1, (12, 17): 1, (13, 14): 1, (13, 18): 1, (14, 19): 2, (15, 16): 1, (16, 17): 1, (16, 21): 1, (17, 18): 1, (18, 19): 1, (18, 23): 1, (19, 24): 1, (20, 21): 1, (21, 22): 1, (22, 23): 1, (23, 24): 1}",314954152,1899179786,2012288188,689960118,"[4265918666, 2813778286, 1199889537, 3769681090]",1,4029182149,"{'ilp_objective': 3000.003468800267, 'ilp_expected_objective': 3000.003468800267, 'ilp_expected_throughput_term': 0.0034688002666584993, 'ilp_covered_requests': 3, 'ilp_selected_tree_count': 3, 'deployed_source_count': 40, 'ilp_objective_mode': 'coverage_expected_throughput', 'ilp_use_redundancy_reward': False, 'ilp_spend_remaining_budget_after_solve': True, 'ilp_status': 'OPTIMAL', 'ilp_candidate_seed': 1934997417, 'ilp_solver_seed': 1714257075, 'ilp_selected_trees': 3, 'ilp_candidate_tree_counts': {0: 4, 1: 4, 2: 4, 3: 4}, 'ilp_minimum_routing_source_placement': {(0, 5): 1, (1, 2): 2, (1, 6): 2, (2, 3): 2, (3, 4): 1, (4, 9): 1, (5, 6): 2, (5, 10): 1, (6, 7): 1, (6, 11): 1, (7, 8): 1, (8, 13): 1, (9, 14): 1, (10, 15): 1, (11, 12): 1, (13, 14): 1, (13, 18): 1, (14, 19): 2, (15, 16): 1, (16, 17): 1, (17, 18): 1, (18, 19): 1, (18, 23): 1, (19, 24): 1, (21, 22): 1, (22, 23): 1}, 'ilp_optimized_z_used_budget': 31, 'ilp_deployed_used_budget': 40, 'ilp_redundant_used_budget': 40, 'ilp_redundant_routing_source_placement': {(0, 1): 1, (0, 5): 1, (1, 2): 2, (1, 6): 2, (2, 3): 2, (3, 4): 1, (3, 8): 1, (4, 9): 1, (5, 6): 2, (5, 10): 1, (6, 7): 1, (6, 11): 1, (7, 8): 1, (7, 12): 1, (8, 9): 1, (8, 13): 1, (9, 14): 1, (10, 15): 1, (11, 12): 1, (12, 13): 1, (12, 17): 1, (13, 14): 1, (13, 18): 1, (14, 19): 2, (15, 16): 1, (16, 17): 1, (16, 21): 1, (17, 18): 1, (18, 19): 1, (18, 23): 1, (19, 24): 1, (20, 21): 1, (21, 22): 1, (22, 23): 1, (23, 24): 1}, 'ilp_redundant_memory_load': {0: 2, 1: 5, 2: 4, 3: 4, 4: 2, 5: 4, 6: 6, 7: 3, 8: 4, 9: 3, 10: 2, 11: 2, 12: 4, 13: 4, 14: 4, 15: 2, 16: 3, 17: 3, 18: 4, 19: 4, 20: 1, 21: 3, 22: 2, 23: 3, 24: 2}, 'used_budget': 40, 'candidate_edge_count': 40, 'effective_capacity': 160}",,,,,,,,
ILP-MP_t,num_users_per_request,7,7,593145736,,25,40,10.0,SUMMARY,0.0,0.0,0.0,,,,,,,,,,,,,,,0.11272349999999776,0.0005342999999982112,0.0027244000000017365,0.11544789999999949,0.11637830000000093,0.11637830000000093,,,,,,,1,,,0.0,0.0,0.0,0.0,0.0,0.0,0.0,0.0
