algorithm,sweep_parameter,sweep_value,edge_capacity,request_seed,topology_seed,num_nodes,num_edges,average_edge_length_km,trial,throughput_qbps,realized_throughput,realized_successful_ghz_count,ilp_expected_objective,ilp_expected_throughput_term,ilp_covered_requests,ilp_selected_tree_count,deployed_source_count,served_requests,failed_requests,per_request_ghz,request_batch,ordered_requests,cost,used_budget,candidate_edge_count,effective_capacity,placement_runtime,link_deployment_runtime,routing_runtime,placement_and_routing_runtime,algorithm_running_time,total_runtime,deployed_dict,seed,source_seed,link_seed,operation_seed_base,request_operation_seeds,master_seed,request_order_seed,source_metadata,ci95_halfwidth,throughput_ci95_halfwidth,placement_runtime_ci95_halfwidth,link_deployment_runtime_ci95_halfwidth,routing_runtime_ci95_halfwidth,placement_and_routing_runtime_ci95_halfwidth,algorithm_running_time_ci95_halfwidth,total_runtime_ci95_halfwidth
BT-MP_t,edge_capacity,2,2,593145736,,25,40,10.0,0,1.0,1.0,1.0,,,,,40,1,3,"[1, 0, 0, 0]","[[4, 18, 12], [19, 13, 21], [3, 1, 15], [12, 6, 4]]","[[4, 18, 12], [19, 13, 21], [3, 1, 15], [12, 6, 4]]",40,40,40,80,0.003128199999999026,0.0007232999999970957,0.0021302000000034127,0.005258400000002439,0.0064275999999985345,0.0064275999999985345,"{(12, 13): 1, (7, 12): 1, (11, 12): 1, (12, 17): 1, (6, 7): 1, (7, 8): 1, (6, 11): 1, (8, 13): 1, (11, 16): 1, (13, 18): 1, (16, 17): 1, (17, 18): 1, (2, 7): 1, (10, 11): 1, (13, 14): 1, (17, 22): 1, (16, 21): 1, (18, 19): 1, (18, 23): 1, (3, 8): 1, (5, 6): 1, (8, 9): 1, (15, 16): 1, (1, 6): 1, (1, 2): 1, (2, 3): 1, (5, 10): 1, (9, 14): 1, (10, 15): 1, (14, 19): 1, (21, 22): 1, (22, 23): 1, (4, 9): 1, (0, 1): 1, (0, 5): 1, (3, 4): 1, (15, 20): 1, (19, 24): 1, (20, 21): 1, (23, 24): 1}",1917356134,3074377297,2012288188,689960118,"[4265918666, 2813778286, 1199889537, 3769681090]",1,4029182149,"{'betweenness_scores': {(0, 1): 0.04896031746031746, (0, 5): 0.04896031746031746, (1, 2): 0.06992857142857144, (1, 6): 0.0758253968253968, (5, 6): 0.07582539682539681, (5, 10): 0.06992857142857144, (2, 3): 0.06992857142857144, (2, 7): 0.08376190476190479, (6, 7): 0.11528571428571432, (6, 11): 0.11528571428571428, (3, 4): 0.04896031746031746, (3, 8): 0.07582539682539681, (7, 8): 0.11528571428571431, (7, 12): 0.12957142857142856, (4, 9): 0.04896031746031747, (8, 9): 0.07582539682539681, (8, 13): 0.11528571428571428, (9, 14): 0.06992857142857144, (10, 11): 0.08376190476190479, (10, 15): 0.06992857142857144, (11, 12): 0.12957142857142856, (11, 16): 0.11528571428571428, (12, 13): 0.1295714285714286, (12, 17): 0.12957142857142856, (13, 14): 0.08376190476190479, (13, 18): 0.11528571428571428, (14, 19): 0.06992857142857144, (15, 16): 0.07582539682539681, (15, 20): 0.04896031746031746, (16, 17): 0.11528571428571428, (16, 21): 0.07582539682539682, (17, 18): 0.11528571428571428, (17, 22): 0.08376190476190476, (18, 19): 0.07582539682539682, (18, 23): 0.07582539682539682, (19, 24): 0.04896031746031746, (20, 21): 0.04896031746031746, (21, 22): 0.06992857142857144, (22, 23): 0.06992857142857144, (23, 24): 0.04896031746031746}, 'allocation': {(0, 1): 1, (0, 5): 1, (1, 2): 1, (1, 6): 1, (2, 3): 1, (2, 7): 1, (3, 4): 1, (3, 8): 1, (4, 9): 1, (5, 6): 1, (5, 10): 1, (6, 7): 1, (6, 11): 1, (7, 8): 1, (7, 12): 1, (8, 9): 1, (8, 13): 1, (9, 14): 1, (10, 11): 1, (10, 15): 1, (11, 12): 1, (11, 16): 1, (12, 13): 1, (12, 17): 1, (13, 14): 1, (13, 18): 1, (14, 19): 1, (15, 16): 1, (15, 20): 1, (16, 17): 1, (16, 21): 1, (17, 18): 1, (17, 22): 1, (18, 19): 1, (18, 23): 1, (19, 24): 1, (20, 21): 1, (21, 22): 1, (22, 23): 1, (23, 24): 1}, 'used_budget': 40, 'candidate_edge_count': 40, 'effective_capacity': 80}",,,,,,,,
BT-MP_t,edge_capacity,2,2,593145736,,25,40,10.0,SUMMARY,1.0,1.0,1.0,,,,,,,,,,,,,,,0.003128199999999026,0.0007232999999970957,0.0021302000000034127,0.005258400000002439,0.0064275999999985345,0.0064275999999985345,,,,,,,1,,,0.0,0.0,0.0,0.0,0.0,0.0,0.0,0.0
DP-MP_t,edge_capacity,2,2,593145736,,25,40,10.0,0,1.0,1.0,1.0,,,,,40,1,3,"[1, 0, 0, 0]","[[4, 18, 12], [19, 13, 21], [3, 1, 15], [12, 6, 4]]","[[4, 18, 12], [19, 13, 21], [3, 1, 15], [12, 6, 4]]",40,40,40,80,0.029914999999999026,0.0004579000000006772,0.001726200000000233,0.03164119999999926,0.032489000000001766,0.032489000000001766,"{(1, 2): 2, (1, 6): 2, (2, 3): 2, (3, 4): 2, (3, 8): 1, (4, 9): 2, (5, 10): 1, (6, 7): 1, (6, 11): 2, (7, 8): 2, (7, 12): 2, (8, 9): 1, (8, 13): 1, (9, 14): 1, (10, 15): 2, (11, 12): 2, (11, 16): 1, (12, 13): 2, (12, 17): 2, (13, 14): 2, (13, 18): 2, (14, 19): 1, (16, 21): 1, (17, 18): 1, (18, 19): 1, (21, 22): 1}",1401080234,1198487884,2012288188,689960118,"[4265918666, 2813778286, 1199889537, 3769681090]",1,4029182149,"{'used_budget': 40, 'candidate_edge_count': 40, 'effective_capacity': 80, 'dp_candidate_seed': 3229805457, 'dp_candidate_tree_counts': {0: 4, 1: 4, 2: 4, 3: 4}, 'dp_path_edge_count': 40, 'dp_allocation': {(0, 1): 0, (0, 5): 0, (1, 2): 2, (1, 6): 2, (2, 3): 2, (2, 7): 0, (3, 4): 2, (3, 8): 1, (4, 9): 2, (5, 6): 0, (5, 10): 1, (6, 7): 1, (6, 11): 2, (7, 8): 2, (7, 12): 2, (8, 9): 1, (8, 13): 1, (9, 14): 1, (10, 11): 0, (10, 15): 2, (11, 12): 2, (11, 16): 1, (12, 13): 2, (12, 17): 2, (13, 14): 2, (13, 18): 2, (14, 19): 1, (15, 16): 0, (15, 20): 0, (16, 17): 0, (16, 21): 1, (17, 18): 1, (17, 22): 0, (18, 19): 1, (18, 23): 0, (19, 24): 0, (20, 21): 0, (21, 22): 1, (22, 23): 0, (23, 24): 0}, 'dp_value': 10.063972155731298, 'dp_parts': {'F_topo': {(3, 4): 0.6617981174942295, (3, 8): 0.9259980525802042, (8, 13): 0.9578059071728648, (13, 18): 0.9675430055175571, (4, 9): 0.5709185329437713, (8, 9): 0.2671210645893824, (9, 14): 0.40214216163577754, (13, 14): 0.3326841934436417, (14, 19): 0.4904251866276513, (18, 19): 0.72963323596225, (2, 3): 0.6975008114247667, (2, 7): 0.39857189224272405, (7, 12): 0.7182732878934429, (7, 8): 0.5443037974682803, (12, 13): 0.9999999999998637, (1, 2): 0.6062966569294855, (1, 6): 0.7705290490099567, (6, 11): 0.881207400194622, (11, 16): 0.6919831223627751, (16, 21): 0.7101590392728669, (6, 7): 0.7426160337551729, (11, 12): 0.6432976306393149, (12, 17): 0.5705939629989485, (16, 17): 0.7169750081141508, (17, 18): 0.8493995456019614, (17, 22): 0.20772476468676174, (21, 22): 0.372606296656879, (18, 23): 0.08893216488151985, (22, 23): 0.12690684842581848, (19, 24): 0.0, (23, 24): 0.0, (0, 1): 0.006815968841284368, (0, 5): 0.006815968841284368, (5, 10): 0.12236286919829556, (10, 15): 0.3612463485880717, (5, 6): 0.07757221681271256, (10, 11): 0.20090879584547738, (15, 16): 0.7215189873416737, (20, 21): 0.030185004868545064, (15, 20): 0.030185004868545064}, 'F_demand': {(0, 1): 0.16666666666663887, (0, 5): 0.16666666666663887, (1, 2): 0.6666666666665555, (1, 6): 0.6666666666665555, (2, 3): 0.8333333333331945, (2, 7): 0.16666666666663887, (3, 4): 0.6666666666665555, (3, 8): 0.4999999999999167, (4, 9): 0.6666666666665555, (5, 6): 0.16666666666663887, (5, 10): 0.33333333333327775, (6, 7): 0.4999999999999167, (6, 11): 0.6666666666665555, (7, 8): 0.4999999999999167, (7, 12): 0.6666666666665555, (8, 9): 0.33333333333327775, (8, 13): 0.33333333333327775, (9, 14): 0.33333333333327775, (10, 11): 0.16666666666663887, (10, 15): 0.4999999999999167, (11, 12): 0.4999999999999167, (11, 16): 0.33333333333327775, (12, 13): 0.9999999999998334, (12, 17): 0.4999999999999167, (13, 14): 0.4999999999999167, (13, 18): 0.6666666666665555, (14, 19): 0.4999999999999167, (15, 16): 0.16666666666663887, (15, 20): 0.0, (16, 17): 0.16666666666663887, (16, 21): 0.33333333333327775, (17, 18): 0.4999999999999167, (17, 22): 0.16666666666663887, (18, 19): 0.4999999999999167, (18, 23): 0.0, (19, 24): 0.16666666666663887, (20, 21): 0.0, (21, 22): 0.33333333333327775, (22, 23): 0.16666666666663887, (23, 24): 0.16666666666663887}, 'F_qual': {(0, 1): 0.0, (0, 5): 0.0, (1, 2): 0.0, (1, 6): 0.0, (2, 3): 0.0, (2, 7): 0.0, (3, 4): 0.0, (3, 8): 0.0, (4, 9): 0.0, (5, 6): 0.0, (5, 10): 0.0, (6, 7): 0.0, (6, 11): 0.0, (7, 8): 0.0, (7, 12): 0.0, (8, 9): 0.0, (8, 13): 0.0, (9, 14): 0.0, (10, 11): 0.0, (10, 15): 0.0, (11, 12): 0.0, (11, 16): 0.0, (12, 13): 0.0, (12, 17): 0.0, (13, 14): 0.0, (13, 18): 0.0, (14, 19): 0.0, (15, 16): 0.0, (15, 20): 0.0, (16, 17): 0.0, (16, 21): 0.0, (17, 18): 0.0, (17, 22): 0.0, (18, 19): 0.0, (18, 23): 0.0, (19, 24): 0.0, (20, 21): 0.0, (21, 22): 0.0, (22, 23): 0.0, (23, 24): 0.0}, 'F_overlap': {(0, 1): 0.0, (0, 5): 0.0, (1, 2): 0.0, (1, 6): 0.0, (2, 3): 0.0, (2, 7): 0.0, (3, 4): 0.0, (3, 8): 0.0, (4, 9): 0.0, (5, 6): 0.0, (5, 10): 0.0, (6, 7): 0.0, (6, 11): 0.0, (7, 8): 0.0, (7, 12): 0.0, (8, 9): 0.0, (8, 13): 0.0, (9, 14): 0.0, (10, 11): 0.0, (10, 15): 0.0, (11, 12): 0.0, (11, 16): 0.0, (12, 13): 0.0, (12, 17): 0.0, (13, 14): 0.0, (13, 18): 0.0, (14, 19): 0.0, (15, 16): 0.0, (15, 20): 0.0, (16, 17): 0.0, (16, 21): 0.0, (17, 18): 0.0, (17, 22): 0.0, (18, 19): 0.0, (18, 23): 0.0, (19, 24): 0.0, (20, 21): 0.0, (21, 22): 0.0, (22, 23): 0.0, (23, 24): 0.0}}, 'dp_total_pairs': 40}",,,,,,,,
DP-MP_t,edge_capacity,2,2,593145736,,25,40,10.0,SUMMARY,1.0,1.0,1.0,,,,,,,,,,,,,,,0.029914999999999026,0.0004579000000006772,0.001726200000000233,0.03164119999999926,0.032489000000001766,0.032489000000001766,,,,,,,1,,,0.0,0.0,0.0,0.0,0.0,0.0,0.0,0.0
LP_R-MP_t,edge_capacity,2,2,593145736,,25,40,10.0,0,1.0,1.0,1.0,4000.238187250793,0.2381872507928977,4,7,40,1,3,"[1, 0, 0, 0]","[[4, 18, 12], [19, 13, 21], [3, 1, 15], [12, 6, 4]]","[[4, 18, 12], [19, 13, 21], [3, 1, 15], [12, 6, 4]]",40,40,40,80,0.506146300000001,0.0008614000000015665,0.002214999999999634,0.5083613000000007,0.5096463999999976,0.5096463999999976,"{(0, 1): 1, (0, 5): 1, (1, 2): 2, (1, 6): 1, (2, 3): 2, (3, 4): 2, (3, 8): 2, (4, 9): 2, (5, 6): 1, (5, 10): 2, (6, 7): 2, (7, 8): 2, (7, 12): 2, (8, 9): 2, (8, 13): 2, (10, 15): 2, (11, 12): 1, (12, 13): 2, (13, 14): 1, (13, 18): 2, (14, 19): 1, (18, 19): 1, (19, 24): 1, (21, 22): 1, (22, 23): 1, (23, 24): 1}",148139878,1899179786,2012288188,689960118,"[4265918666, 2813778286, 1199889537, 3769681090]",1,4029182149,"{'lp_objective': 4000.238187250793, 'ilp_expected_objective': 4000.238187250793, 'ilp_expected_throughput_term': 0.2381872507928977, 'ilp_covered_requests': 4, 'ilp_selected_tree_count': 7, 'deployed_source_count': 40, 'ilp_objective_mode': 'coverage_expected_throughput', 'lp_status': 'OPTIMAL', 'lp_candidate_seed': 1934997417, 'lp_solver_seed': 1901584977, 'lp_selected_trees': 7, 'lp_candidate_tree_counts': {0: 10, 1: 8, 2: 5, 3: 11}, 'lp_minimum_routing_source_placement': None, 'lp_used_budget': 40, 'lp_memory_load': {0: 2, 1: 4, 2: 4, 3: 6, 4: 4, 5: 4, 6: 4, 7: 6, 8: 8, 9: 4, 10: 4, 11: 1, 12: 5, 13: 7, 14: 2, 15: 2, 18: 3, 19: 3, 21: 1, 22: 2, 23: 2, 24: 2}, 'used_budget': 40, 'candidate_edge_count': 40, 'effective_capacity': 80}",,,,,,,,
LP_R-MP_t,edge_capacity,2,2,593145736,,25,40,10.0,SUMMARY,1.0,1.0,1.0,,,,,,,,,,,,,,,0.506146300000001,0.0008614000000015665,0.002214999999999634,0.5083613000000007,0.5096463999999976,0.5096463999999976,,,,,,,1,,,0.0,0.0,0.0,0.0,0.0,0.0,0.0,0.0
ILP_CG-MP_t,edge_capacity,2,2,593145736,,25,40,10.0,0,1.0,1.0,1.0,4000.1334908835165,0.13349088351639588,4,6,40,1,3,"[1, 0, 0, 0]","[[4, 18, 12], [19, 13, 21], [3, 1, 15], [12, 6, 4]]","[[4, 18, 12], [19, 13, 21], [3, 1, 15], [12, 6, 4]]",40,40,40,80,0.520422700000001,0.0005124000000016338,0.0014055000000006146,0.5218282000000016,0.5227238000000014,0.5227238000000014,"{(0, 1): 1, (0, 5): 1, (1, 2): 1, (1, 6): 1, (2, 3): 2, (2, 7): 1, (3, 4): 2, (3, 8): 2, (4, 9): 1, (5, 10): 1, (6, 7): 2, (6, 11): 1, (7, 8): 2, (7, 12): 2, (8, 9): 1, (8, 13): 1, (9, 14): 1, (10, 11): 1, (10, 15): 2, (11, 12): 1, (11, 16): 1, (12, 13): 1, (12, 17): 1, (13, 14): 1, (13, 18): 2, (14, 19): 2, (17, 18): 2, (17, 22): 1, (18, 19): 1, (21, 22): 1}",3403111947,1899179786,2012288188,689960118,"[4265918666, 2813778286, 1199889537, 3769681090]",1,4029182149,"{'ilp_objective': 4000.1334908835165, 'ilp_expected_objective': 4000.1334908835165, 'ilp_expected_throughput_term': 0.13349088351639588, 'ilp_covered_requests': 4, 'ilp_selected_tree_count': 6, 'deployed_source_count': 40, 'ilp_objective_mode': 'coverage_expected_throughput', 'ilp_use_redundancy_reward': False, 'ilp_spend_remaining_budget_after_solve': True, 'ilp_status': 'OPTIMAL', 'ilp_cg_iterations': 1, 'ilp_cg_added_columns': 4, 'ilp_cg_pricing_mode': 'candidate_pool_exact', 'ilp_cg_pricing_pool_trees': 32, 'ilp_cg_pricing_pool_seed': 1934997417, 'ilp_cg_initial_seed': 1934997417, 'ilp_cg_final_solver_seed': 4122478884, 'ilp_cg_max_trees_per_request': 2, 'ilp_cg_max_pricing_columns_per_request': 1, 'ilp_selected_trees': 6, 'ilp_candidate_tree_counts': {0: 3, 1: 3, 2: 3, 3: 3}, 'ilp_minimum_routing_source_placement': {(0, 1): 1, (0, 5): 1, (1, 2): 1, (1, 6): 1, (2, 3): 2, (2, 7): 1, (3, 4): 2, (3, 8): 2, (4, 9): 1, (5, 10): 1, (6, 7): 2, (6, 11): 1, (7, 8): 2, (7, 12): 2, (9, 14): 1, (10, 11): 1, (10, 15): 2, (12, 13): 1, (12, 17): 1, (13, 14): 1, (13, 18): 2, (14, 19): 2, (17, 18): 2, (17, 22): 1, (18, 19): 1, (21, 22): 1}, 'ilp_optimized_z_used_budget': 36, 'ilp_deployed_used_budget': 40, 'ilp_redundant_used_budget': 40, 'ilp_redundant_routing_source_placement': {(0, 1): 1, (0, 5): 1, (1, 2): 1, (1, 6): 1, (2, 3): 2, (2, 7): 1, (3, 4): 2, (3, 8): 2, (4, 9): 1, (5, 10): 1, (6, 7): 2, (6, 11): 1, (7, 8): 2, (7, 12): 2, (8, 9): 1, (8, 13): 1, (9, 14): 1, (10, 11): 1, (10, 15): 2, (11, 12): 1, (11, 16): 1, (12, 13): 1, (12, 17): 1, (13, 14): 1, (13, 18): 2, (14, 19): 2, (17, 18): 2, (17, 22): 1, (18, 19): 1, (21, 22): 1}, 'ilp_redundant_memory_load': {0: 2, 1: 3, 2: 4, 3: 6, 4: 3, 5: 2, 6: 4, 7: 7, 8: 6, 9: 3, 10: 4, 11: 4, 12: 5, 13: 5, 14: 4, 15: 2, 16: 1, 17: 4, 18: 5, 19: 3, 21: 1, 22: 2}, 'used_budget': 40, 'candidate_edge_count': 40, 'effective_capacity': 80}",,,,,,,,
ILP_CG-MP_t,edge_capacity,2,2,593145736,,25,40,10.0,SUMMARY,1.0,1.0,1.0,,,,,,,,,,,,,,,0.520422700000001,0.0005124000000016338,0.0014055000000006146,0.5218282000000016,0.5227238000000014,0.5227238000000014,,,,,,,1,,,0.0,0.0,0.0,0.0,0.0,0.0,0.0,0.0
ILP-MP_t,edge_capacity,2,2,593145736,,25,40,10.0,0,1.0,1.0,1.0,4000.1850939921896,0.18509399218934652,4,7,40,1,3,"[1, 0, 0, 0]","[[4, 18, 12], [19, 13, 21], [3, 1, 15], [12, 6, 4]]","[[4, 18, 12], [19, 13, 21], [3, 1, 15], [12, 6, 4]]",40,40,40,80,0.03234959999999987,0.0004999999999988347,0.0016156999999985544,0.03396529999999842,0.03477219999999903,0.03477219999999903,"{(1, 2): 1, (1, 6): 1, (2, 3): 1, (3, 4): 2, (3, 8): 2, (4, 9): 2, (5, 6): 1, (5, 10): 1, (6, 7): 1, (6, 11): 1, (7, 8): 2, (7, 12): 2, (8, 9): 2, (8, 13): 2, (10, 15): 1, (11, 12): 1, (12, 13): 2, (12, 17): 1, (13, 14): 2, (13, 18): 2, (14, 19): 2, (17, 18): 2, (17, 22): 1, (19, 24): 1, (21, 22): 2, (22, 23): 1, (23, 24): 1}",314954152,1899179786,2012288188,689960118,"[4265918666, 2813778286, 1199889537, 3769681090]",1,4029182149,"{'ilp_objective': 4000.1850939921896, 'ilp_expected_objective': 4000.1850939921896, 'ilp_expected_throughput_term': 0.18509399218934652, 'ilp_covered_requests': 4, 'ilp_selected_tree_count': 7, 'deployed_source_count': 40, 'ilp_objective_mode': 'coverage_expected_throughput', 'ilp_use_redundancy_reward': False, 'ilp_spend_remaining_budget_after_solve': True, 'ilp_status': 'OPTIMAL', 'ilp_candidate_seed': 1934997417, 'ilp_solver_seed': 1714257075, 'ilp_selected_trees': 7, 'ilp_candidate_tree_counts': {0: 4, 1: 4, 2: 4, 3: 4}, 'ilp_minimum_routing_source_placement': {(1, 2): 1, (1, 6): 1, (2, 3): 1, (3, 4): 2, (3, 8): 2, (4, 9): 2, (5, 6): 1, (5, 10): 1, (6, 7): 1, (6, 11): 1, (7, 8): 2, (7, 12): 2, (8, 9): 2, (8, 13): 2, (10, 15): 1, (11, 12): 1, (12, 13): 2, (12, 17): 1, (13, 14): 2, (13, 18): 2, (14, 19): 2, (17, 18): 2, (17, 22): 1, (19, 24): 1, (21, 22): 2, (22, 23): 1, (23, 24): 1}, 'ilp_optimized_z_used_budget': 40, 'ilp_deployed_used_budget': 40, 'ilp_redundant_used_budget': 40, 'ilp_redundant_routing_source_placement': {(1, 2): 1, (1, 6): 1, (2, 3): 1, (3, 4): 2, (3, 8): 2, (4, 9): 2, (5, 6): 1, (5, 10): 1, (6, 7): 1, (6, 11): 1, (7, 8): 2, (7, 12): 2, (8, 9): 2, (8, 13): 2, (10, 15): 1, (11, 12): 1, (12, 13): 2, (12, 17): 1, (13, 14): 2, (13, 18): 2, (14, 19): 2, (17, 18): 2, (17, 22): 1, (19, 24): 1, (21, 22): 2, (22, 23): 1, (23, 24): 1}, 'ilp_redundant_memory_load': {1: 2, 2: 2, 3: 5, 4: 4, 5: 2, 6: 4, 7: 5, 8: 8, 9: 4, 10: 2, 11: 2, 12: 6, 13: 8, 14: 4, 15: 1, 17: 4, 18: 4, 19: 3, 21: 2, 22: 4, 23: 2, 24: 2}, 'used_budget': 40, 'candidate_edge_count': 40, 'effective_capacity': 80}",,,,,,,,
ILP-MP_t,edge_capacity,2,2,593145736,,25,40,10.0,SUMMARY,1.0,1.0,1.0,,,,,,,,,,,,,,,0.03234959999999987,0.0004999999999988347,0.0016156999999985544,0.03396529999999842,0.03477219999999903,0.03477219999999903,,,,,,,1,,,0.0,0.0,0.0,0.0,0.0,0.0,0.0,0.0
BT-MP_t,edge_capacity,3,3,593145736,,25,40,10.0,0,1.0,1.0,1.0,,,,,40,1,3,"[1, 0, 0, 0]","[[4, 18, 12], [19, 13, 21], [3, 1, 15], [12, 6, 4]]","[[4, 18, 12], [19, 13, 21], [3, 1, 15], [12, 6, 4]]",40,40,40,120,0.0034600000000004627,0.0005662999999991314,0.0020563999999971827,0.005516399999997645,0.00656309999999749,0.00656309999999749,"{(12, 13): 1, (7, 12): 1, (11, 12): 1, (12, 17): 1, (6, 7): 1, (7, 8): 1, (6, 11): 1, (8, 13): 1, (11, 16): 1, (13, 18): 1, (16, 17): 1, (17, 18): 1, (2, 7): 1, (10, 11): 1, (13, 14): 1, (17, 22): 1, (16, 21): 1, (18, 19): 1, (18, 23): 1, (3, 8): 1, (5, 6): 1, (8, 9): 1, (15, 16): 1, (1, 6): 1, (1, 2): 1, (2, 3): 1, (5, 10): 1, (9, 14): 1, (10, 15): 1, (14, 19): 1, (21, 22): 1, (22, 23): 1, (4, 9): 1, (0, 1): 1, (0, 5): 1, (3, 4): 1, (15, 20): 1, (19, 24): 1, (20, 21): 1, (23, 24): 1}",1917356134,3074377297,2012288188,689960118,"[4265918666, 2813778286, 1199889537, 3769681090]",1,4029182149,"{'betweenness_scores': {(0, 1): 0.04896031746031746, (0, 5): 0.04896031746031746, (1, 2): 0.06992857142857144, (1, 6): 0.0758253968253968, (5, 6): 0.07582539682539681, (5, 10): 0.06992857142857144, (2, 3): 0.06992857142857144, (2, 7): 0.08376190476190479, (6, 7): 0.11528571428571432, (6, 11): 0.11528571428571428, (3, 4): 0.04896031746031746, (3, 8): 0.07582539682539681, (7, 8): 0.11528571428571431, (7, 12): 0.12957142857142856, (4, 9): 0.04896031746031747, (8, 9): 0.07582539682539681, (8, 13): 0.11528571428571428, (9, 14): 0.06992857142857144, (10, 11): 0.08376190476190479, (10, 15): 0.06992857142857144, (11, 12): 0.12957142857142856, (11, 16): 0.11528571428571428, (12, 13): 0.1295714285714286, (12, 17): 0.12957142857142856, (13, 14): 0.08376190476190479, (13, 18): 0.11528571428571428, (14, 19): 0.06992857142857144, (15, 16): 0.07582539682539681, (15, 20): 0.04896031746031746, (16, 17): 0.11528571428571428, (16, 21): 0.07582539682539682, (17, 18): 0.11528571428571428, (17, 22): 0.08376190476190476, (18, 19): 0.07582539682539682, (18, 23): 0.07582539682539682, (19, 24): 0.04896031746031746, (20, 21): 0.04896031746031746, (21, 22): 0.06992857142857144, (22, 23): 0.06992857142857144, (23, 24): 0.04896031746031746}, 'allocation': {(0, 1): 1, (0, 5): 1, (1, 2): 1, (1, 6): 1, (2, 3): 1, (2, 7): 1, (3, 4): 1, (3, 8): 1, (4, 9): 1, (5, 6): 1, (5, 10): 1, (6, 7): 1, (6, 11): 1, (7, 8): 1, (7, 12): 1, (8, 9): 1, (8, 13): 1, (9, 14): 1, (10, 11): 1, (10, 15): 1, (11, 12): 1, (11, 16): 1, (12, 13): 1, (12, 17): 1, (13, 14): 1, (13, 18): 1, (14, 19): 1, (15, 16): 1, (15, 20): 1, (16, 17): 1, (16, 21): 1, (17, 18): 1, (17, 22): 1, (18, 19): 1, (18, 23): 1, (19, 24): 1, (20, 21): 1, (21, 22): 1, (22, 23): 1, (23, 24): 1}, 'used_budget': 40, 'candidate_edge_count': 40, 'effective_capacity': 120}",,,,,,,,
BT-MP_t,edge_capacity,3,3,593145736,,25,40,10.0,SUMMARY,1.0,1.0,1.0,,,,,,,,,,,,,,,0.0034600000000004627,0.0005662999999991314,0.0020563999999971827,0.005516399999997645,0.00656309999999749,0.00656309999999749,,,,,,,1,,,0.0,0.0,0.0,0.0,0.0,0.0,0.0,0.0
DP-MP_t,edge_capacity,3,3,593145736,,25,40,10.0,0,1.0,1.0,1.0,,,,,40,1,3,"[1, 0, 0, 0]","[[4, 18, 12], [19, 13, 21], [3, 1, 15], [12, 6, 4]]","[[4, 18, 12], [19, 13, 21], [3, 1, 15], [12, 6, 4]]",40,40,40,120,0.027615800000003077,0.0004824999999968327,0.0022441999999998075,0.029860000000002884,0.030674999999998676,0.030674999999998676,"{(1, 2): 2, (1, 6): 2, (2, 3): 2, (3, 4): 2, (3, 8): 1, (4, 9): 2, (5, 10): 1, (6, 7): 1, (6, 11): 2, (7, 8): 2, (7, 12): 2, (8, 9): 1, (8, 13): 1, (9, 14): 1, (10, 15): 2, (11, 12): 2, (11, 16): 1, (12, 13): 2, (12, 17): 2, (13, 14): 2, (13, 18): 2, (14, 19): 1, (16, 21): 1, (17, 18): 1, (18, 19): 1, (21, 22): 1}",1401080234,1198487884,2012288188,689960118,"[4265918666, 2813778286, 1199889537, 3769681090]",1,4029182149,"{'used_budget': 40, 'candidate_edge_count': 40, 'effective_capacity': 120, 'dp_candidate_seed': 3229805457, 'dp_candidate_tree_counts': {0: 4, 1: 4, 2: 4, 3: 4}, 'dp_path_edge_count': 40, 'dp_allocation': {(0, 1): 0, (0, 5): 0, (1, 2): 2, (1, 6): 2, (2, 3): 2, (2, 7): 0, (3, 4): 2, (3, 8): 1, (4, 9): 2, (5, 6): 0, (5, 10): 1, (6, 7): 1, (6, 11): 2, (7, 8): 2, (7, 12): 2, (8, 9): 1, (8, 13): 1, (9, 14): 1, (10, 11): 0, (10, 15): 2, (11, 12): 2, (11, 16): 1, (12, 13): 2, (12, 17): 2, (13, 14): 2, (13, 18): 2, (14, 19): 1, (15, 16): 0, (15, 20): 0, (16, 17): 0, (16, 21): 1, (17, 18): 1, (17, 22): 0, (18, 19): 1, (18, 23): 0, (19, 24): 0, (20, 21): 0, (21, 22): 1, (22, 23): 0, (23, 24): 0}, 'dp_value': 10.063972155731298, 'dp_parts': {'F_topo': {(3, 4): 0.6617981174942295, (3, 8): 0.9259980525802042, (8, 13): 0.9578059071728648, (13, 18): 0.9675430055175571, (4, 9): 0.5709185329437713, (8, 9): 0.2671210645893824, (9, 14): 0.40214216163577754, (13, 14): 0.3326841934436417, (14, 19): 0.4904251866276513, (18, 19): 0.72963323596225, (2, 3): 0.6975008114247667, (2, 7): 0.39857189224272405, (7, 12): 0.7182732878934429, (7, 8): 0.5443037974682803, (12, 13): 0.9999999999998637, (1, 2): 0.6062966569294855, (1, 6): 0.7705290490099567, (6, 11): 0.881207400194622, (11, 16): 0.6919831223627751, (16, 21): 0.7101590392728669, (6, 7): 0.7426160337551729, (11, 12): 0.6432976306393149, (12, 17): 0.5705939629989485, (16, 17): 0.7169750081141508, (17, 18): 0.8493995456019614, (17, 22): 0.20772476468676174, (21, 22): 0.372606296656879, (18, 23): 0.08893216488151985, (22, 23): 0.12690684842581848, (19, 24): 0.0, (23, 24): 0.0, (0, 1): 0.006815968841284368, (0, 5): 0.006815968841284368, (5, 10): 0.12236286919829556, (10, 15): 0.3612463485880717, (5, 6): 0.07757221681271256, (10, 11): 0.20090879584547738, (15, 16): 0.7215189873416737, (20, 21): 0.030185004868545064, (15, 20): 0.030185004868545064}, 'F_demand': {(0, 1): 0.16666666666663887, (0, 5): 0.16666666666663887, (1, 2): 0.6666666666665555, (1, 6): 0.6666666666665555, (2, 3): 0.8333333333331945, (2, 7): 0.16666666666663887, (3, 4): 0.6666666666665555, (3, 8): 0.4999999999999167, (4, 9): 0.6666666666665555, (5, 6): 0.16666666666663887, (5, 10): 0.33333333333327775, (6, 7): 0.4999999999999167, (6, 11): 0.6666666666665555, (7, 8): 0.4999999999999167, (7, 12): 0.6666666666665555, (8, 9): 0.33333333333327775, (8, 13): 0.33333333333327775, (9, 14): 0.33333333333327775, (10, 11): 0.16666666666663887, (10, 15): 0.4999999999999167, (11, 12): 0.4999999999999167, (11, 16): 0.33333333333327775, (12, 13): 0.9999999999998334, (12, 17): 0.4999999999999167, (13, 14): 0.4999999999999167, (13, 18): 0.6666666666665555, (14, 19): 0.4999999999999167, (15, 16): 0.16666666666663887, (15, 20): 0.0, (16, 17): 0.16666666666663887, (16, 21): 0.33333333333327775, (17, 18): 0.4999999999999167, (17, 22): 0.16666666666663887, (18, 19): 0.4999999999999167, (18, 23): 0.0, (19, 24): 0.16666666666663887, (20, 21): 0.0, (21, 22): 0.33333333333327775, (22, 23): 0.16666666666663887, (23, 24): 0.16666666666663887}, 'F_qual': {(0, 1): 0.0, (0, 5): 0.0, (1, 2): 0.0, (1, 6): 0.0, (2, 3): 0.0, (2, 7): 0.0, (3, 4): 0.0, (3, 8): 0.0, (4, 9): 0.0, (5, 6): 0.0, (5, 10): 0.0, (6, 7): 0.0, (6, 11): 0.0, (7, 8): 0.0, (7, 12): 0.0, (8, 9): 0.0, (8, 13): 0.0, (9, 14): 0.0, (10, 11): 0.0, (10, 15): 0.0, (11, 12): 0.0, (11, 16): 0.0, (12, 13): 0.0, (12, 17): 0.0, (13, 14): 0.0, (13, 18): 0.0, (14, 19): 0.0, (15, 16): 0.0, (15, 20): 0.0, (16, 17): 0.0, (16, 21): 0.0, (17, 18): 0.0, (17, 22): 0.0, (18, 19): 0.0, (18, 23): 0.0, (19, 24): 0.0, (20, 21): 0.0, (21, 22): 0.0, (22, 23): 0.0, (23, 24): 0.0}, 'F_overlap': {(0, 1): 0.0, (0, 5): 0.0, (1, 2): 0.0, (1, 6): 0.0, (2, 3): 0.0, (2, 7): 0.0, (3, 4): 0.0, (3, 8): 0.0, (4, 9): 0.0, (5, 6): 0.0, (5, 10): 0.0, (6, 7): 0.0, (6, 11): 0.0, (7, 8): 0.0, (7, 12): 0.0, (8, 9): 0.0, (8, 13): 0.0, (9, 14): 0.0, (10, 11): 0.0, (10, 15): 0.0, (11, 12): 0.0, (11, 16): 0.0, (12, 13): 0.0, (12, 17): 0.0, (13, 14): 0.0, (13, 18): 0.0, (14, 19): 0.0, (15, 16): 0.0, (15, 20): 0.0, (16, 17): 0.0, (16, 21): 0.0, (17, 18): 0.0, (17, 22): 0.0, (18, 19): 0.0, (18, 23): 0.0, (19, 24): 0.0, (20, 21): 0.0, (21, 22): 0.0, (22, 23): 0.0, (23, 24): 0.0}}, 'dp_total_pairs': 40}",,,,,,,,
DP-MP_t,edge_capacity,3,3,593145736,,25,40,10.0,SUMMARY,1.0,1.0,1.0,,,,,,,,,,,,,,,0.027615800000003077,0.0004824999999968327,0.0022441999999998075,0.029860000000002884,0.030674999999998676,0.030674999999998676,,,,,,,1,,,0.0,0.0,0.0,0.0,0.0,0.0,0.0,0.0
LP_R-MP_t,edge_capacity,3,3,593145736,,25,40,10.0,0,1.0,1.0,1.0,4000.238187250793,0.2381872507928977,4,7,40,1,3,"[1, 0, 0, 0]","[[4, 18, 12], [19, 13, 21], [3, 1, 15], [12, 6, 4]]","[[4, 18, 12], [19, 13, 21], [3, 1, 15], [12, 6, 4]]",40,40,40,120,0.5232893999999995,0.00046419999999969264,0.0020954999999993618,0.5253848999999988,0.5261610999999995,0.5261610999999995,"{(0, 1): 1, (0, 5): 1, (1, 2): 2, (1, 6): 1, (2, 3): 2, (3, 4): 3, (3, 8): 2, (4, 9): 2, (5, 10): 1, (6, 7): 2, (6, 11): 1, (7, 8): 2, (7, 12): 2, (8, 9): 2, (8, 13): 2, (10, 15): 1, (11, 12): 1, (12, 13): 2, (12, 17): 1, (13, 14): 1, (13, 18): 3, (14, 19): 1, (17, 18): 1, (17, 22): 1, (18, 19): 1, (21, 22): 1}",148139878,1899179786,2012288188,689960118,"[4265918666, 2813778286, 1199889537, 3769681090]",1,4029182149,"{'lp_objective': 4000.238187250793, 'ilp_expected_objective': 4000.238187250793, 'ilp_expected_throughput_term': 0.2381872507928977, 'ilp_covered_requests': 4, 'ilp_selected_tree_count': 7, 'deployed_source_count': 40, 'ilp_objective_mode': 'coverage_expected_throughput', 'lp_status': 'OPTIMAL', 'lp_candidate_seed': 1934997417, 'lp_solver_seed': 1901584977, 'lp_selected_trees': 7, 'lp_candidate_tree_counts': {0: 10, 1: 8, 2: 5, 3: 11}, 'lp_minimum_routing_source_placement': None, 'lp_used_budget': 40, 'lp_memory_load': {0: 2, 1: 4, 2: 4, 3: 7, 4: 5, 5: 2, 6: 4, 7: 6, 8: 8, 9: 4, 10: 2, 11: 2, 12: 6, 13: 8, 14: 2, 15: 1, 17: 3, 18: 5, 19: 2, 21: 1, 22: 2}, 'used_budget': 40, 'candidate_edge_count': 40, 'effective_capacity': 120}",,,,,,,,
LP_R-MP_t,edge_capacity,3,3,593145736,,25,40,10.0,SUMMARY,1.0,1.0,1.0,,,,,,,,,,,,,,,0.5232893999999995,0.00046419999999969264,0.0020954999999993618,0.5253848999999988,0.5261610999999995,0.5261610999999995,,,,,,,1,,,0.0,0.0,0.0,0.0,0.0,0.0,0.0,0.0
ILP_CG-MP_t,edge_capacity,3,3,593145736,,25,40,10.0,0,1.0,1.0,1.0,4000.2083406031516,0.20834060315147723,4,7,40,1,3,"[1, 0, 0, 0]","[[4, 18, 12], [19, 13, 21], [3, 1, 15], [12, 6, 4]]","[[4, 18, 12], [19, 13, 21], [3, 1, 15], [12, 6, 4]]",40,40,40,120,0.5216552000000014,0.000520800000000321,0.002720300000000009,0.5243755000000014,0.5254398000000009,0.5254398000000009,"{(1, 2): 2, (1, 6): 2, (2, 3): 2, (3, 4): 1, (3, 8): 1, (4, 9): 2, (5, 6): 1, (5, 10): 1, (6, 7): 2, (6, 11): 1, (7, 8): 2, (7, 12): 2, (8, 9): 2, (8, 13): 1, (10, 15): 1, (11, 16): 1, (12, 13): 1, (12, 17): 1, (13, 14): 2, (13, 18): 2, (14, 19): 2, (15, 16): 1, (17, 18): 1, (17, 22): 1, (19, 24): 1, (21, 22): 2, (22, 23): 1, (23, 24): 1}",3403111947,1899179786,2012288188,689960118,"[4265918666, 2813778286, 1199889537, 3769681090]",1,4029182149,"{'ilp_objective': 4000.2083406031516, 'ilp_expected_objective': 4000.2083406031516, 'ilp_expected_throughput_term': 0.20834060315147723, 'ilp_covered_requests': 4, 'ilp_selected_tree_count': 7, 'deployed_source_count': 40, 'ilp_objective_mode': 'coverage_expected_throughput', 'ilp_use_redundancy_reward': False, 'ilp_spend_remaining_budget_after_solve': True, 'ilp_status': 'OPTIMAL', 'ilp_cg_iterations': 1, 'ilp_cg_added_columns': 4, 'ilp_cg_pricing_mode': 'candidate_pool_exact', 'ilp_cg_pricing_pool_trees': 32, 'ilp_cg_pricing_pool_seed': 1934997417, 'ilp_cg_initial_seed': 1934997417, 'ilp_cg_final_solver_seed': 4122478884, 'ilp_cg_max_trees_per_request': 2, 'ilp_cg_max_pricing_columns_per_request': 1, 'ilp_selected_trees': 7, 'ilp_candidate_tree_counts': {0: 3, 1: 3, 2: 3, 3: 3}, 'ilp_minimum_routing_source_placement': {(1, 2): 2, (1, 6): 2, (2, 3): 2, (3, 4): 1, (3, 8): 1, (4, 9): 2, (5, 6): 1, (5, 10): 1, (6, 7): 2, (6, 11): 1, (7, 8): 2, (7, 12): 2, (8, 9): 2, (8, 13): 1, (10, 15): 1, (11, 16): 1, (12, 13): 1, (13, 14): 2, (13, 18): 2, (14, 19): 2, (15, 16): 1, (17, 18): 1, (17, 22): 1, (19, 24): 1, (21, 22): 2, (22, 23): 1, (23, 24): 1}, 'ilp_optimized_z_used_budget': 39, 'ilp_deployed_used_budget': 40, 'ilp_redundant_used_budget': 40, 'ilp_redundant_routing_source_placement': {(1, 2): 2, (1, 6): 2, (2, 3): 2, (3, 4): 1, (3, 8): 1, (4, 9): 2, (5, 6): 1, (5, 10): 1, (6, 7): 2, (6, 11): 1, (7, 8): 2, (7, 12): 2, (8, 9): 2, (8, 13): 1, (10, 15): 1, (11, 16): 1, (12, 13): 1, (12, 17): 1, (13, 14): 2, (13, 18): 2, (14, 19): 2, (15, 16): 1, (17, 18): 1, (17, 22): 1, (19, 24): 1, (21, 22): 2, (22, 23): 1, (23, 24): 1}, 'ilp_redundant_memory_load': {1: 4, 2: 4, 3: 4, 4: 3, 5: 2, 6: 6, 7: 6, 8: 6, 9: 4, 10: 2, 11: 2, 12: 4, 13: 6, 14: 4, 15: 2, 16: 2, 17: 3, 18: 3, 19: 3, 21: 2, 22: 4, 23: 2, 24: 2}, 'used_budget': 40, 'candidate_edge_count': 40, 'effective_capacity': 120}",,,,,,,,
ILP_CG-MP_t,edge_capacity,3,3,593145736,,25,40,10.0,SUMMARY,1.0,1.0,1.0,,,,,,,,,,,,,,,0.5216552000000014,0.000520800000000321,0.002720300000000009,0.5243755000000014,0.5254398000000009,0.5254398000000009,,,,,,,1,,,0.0,0.0,0.0,0.0,0.0,0.0,0.0,0.0
ILP-MP_t,edge_capacity,3,3,593145736,,25,40,10.0,0,1.0,1.0,1.0,4000.1850939921896,0.18509399218934652,4,7,40,1,3,"[1, 0, 0, 0]","[[4, 18, 12], [19, 13, 21], [3, 1, 15], [12, 6, 4]]","[[4, 18, 12], [19, 13, 21], [3, 1, 15], [12, 6, 4]]",40,40,40,120,0.04283479999999784,0.0005123000000004652,0.001527299999999343,0.044362099999997184,0.045482800000002044,0.045482800000002044,"{(0, 1): 1, (0, 5): 1, (1, 2): 1, (2, 3): 1, (3, 4): 2, (3, 8): 2, (4, 9): 2, (5, 10): 1, (6, 7): 1, (6, 11): 1, (7, 8): 2, (7, 12): 2, (8, 9): 2, (8, 13): 2, (10, 15): 1, (11, 12): 1, (12, 13): 2, (12, 17): 1, (13, 14): 2, (13, 18): 2, (14, 19): 2, (17, 18): 2, (17, 22): 1, (19, 24): 1, (21, 22): 2, (22, 23): 1, (23, 24): 1}",314954152,1899179786,2012288188,689960118,"[4265918666, 2813778286, 1199889537, 3769681090]",1,4029182149,"{'ilp_objective': 4000.1850939921896, 'ilp_expected_objective': 4000.1850939921896, 'ilp_expected_throughput_term': 0.18509399218934652, 'ilp_covered_requests': 4, 'ilp_selected_tree_count': 7, 'deployed_source_count': 40, 'ilp_objective_mode': 'coverage_expected_throughput', 'ilp_use_redundancy_reward': False, 'ilp_spend_remaining_budget_after_solve': True, 'ilp_status': 'OPTIMAL', 'ilp_candidate_seed': 1934997417, 'ilp_solver_seed': 1714257075, 'ilp_selected_trees': 7, 'ilp_candidate_tree_counts': {0: 4, 1: 4, 2: 4, 3: 4}, 'ilp_minimum_routing_source_placement': {(0, 1): 1, (0, 5): 1, (1, 2): 1, (2, 3): 1, (3, 4): 2, (3, 8): 2, (4, 9): 2, (5, 10): 1, (6, 7): 1, (6, 11): 1, (7, 8): 2, (7, 12): 2, (8, 9): 2, (8, 13): 2, (10, 15): 1, (11, 12): 1, (12, 13): 2, (12, 17): 1, (13, 14): 2, (13, 18): 2, (14, 19): 2, (17, 18): 2, (17, 22): 1, (19, 24): 1, (21, 22): 2, (22, 23): 1, (23, 24): 1}, 'ilp_optimized_z_used_budget': 40, 'ilp_deployed_used_budget': 40, 'ilp_redundant_used_budget': 40, 'ilp_redundant_routing_source_placement': {(0, 1): 1, (0, 5): 1, (1, 2): 1, (2, 3): 1, (3, 4): 2, (3, 8): 2, (4, 9): 2, (5, 10): 1, (6, 7): 1, (6, 11): 1, (7, 8): 2, (7, 12): 2, (8, 9): 2, (8, 13): 2, (10, 15): 1, (11, 12): 1, (12, 13): 2, (12, 17): 1, (13, 14): 2, (13, 18): 2, (14, 19): 2, (17, 18): 2, (17, 22): 1, (19, 24): 1, (21, 22): 2, (22, 23): 1, (23, 24): 1}, 'ilp_redundant_memory_load': {0: 2, 1: 2, 2: 2, 3: 5, 4: 4, 5: 2, 6: 2, 7: 5, 8: 8, 9: 4, 10: 2, 11: 2, 12: 6, 13: 8, 14: 4, 15: 1, 17: 4, 18: 4, 19: 3, 21: 2, 22: 4, 23: 2, 24: 2}, 'used_budget': 40, 'candidate_edge_count': 40, 'effective_capacity': 120}",,,,,,,,
ILP-MP_t,edge_capacity,3,3,593145736,,25,40,10.0,SUMMARY,1.0,1.0,1.0,,,,,,,,,,,,,,,0.04283479999999784,0.0005123000000004652,0.001527299999999343,0.044362099999997184,0.045482800000002044,0.045482800000002044,,,,,,,1,,,0.0,0.0,0.0,0.0,0.0,0.0,0.0,0.0
BT-MP_t,edge_capacity,4,4,593145736,,25,40,10.0,0,1.0,1.0,1.0,,,,,40,1,3,"[1, 0, 0, 0]","[[4, 18, 12], [19, 13, 21], [3, 1, 15], [12, 6, 4]]","[[4, 18, 12], [19, 13, 21], [3, 1, 15], [12, 6, 4]]",40,40,40,160,0.002497999999999223,0.000449899999999559,0.001489499999998145,0.003987499999997368,0.005237199999999831,0.005237199999999831,"{(12, 13): 1, (7, 12): 1, (11, 12): 1, (12, 17): 1, (6, 7): 1, (7, 8): 1, (6, 11): 1, (8, 13): 1, (11, 16): 1, (13, 18): 1, (16, 17): 1, (17, 18): 1, (2, 7): 1, (10, 11): 1, (13, 14): 1, (17, 22): 1, (16, 21): 1, (18, 19): 1, (18, 23): 1, (3, 8): 1, (5, 6): 1, (8, 9): 1, (15, 16): 1, (1, 6): 1, (1, 2): 1, (2, 3): 1, (5, 10): 1, (9, 14): 1, (10, 15): 1, (14, 19): 1, (21, 22): 1, (22, 23): 1, (4, 9): 1, (0, 1): 1, (0, 5): 1, (3, 4): 1, (15, 20): 1, (19, 24): 1, (20, 21): 1, (23, 24): 1}",1917356134,3074377297,2012288188,689960118,"[4265918666, 2813778286, 1199889537, 3769681090]",1,4029182149,"{'betweenness_scores': {(0, 1): 0.04896031746031746, (0, 5): 0.04896031746031746, (1, 2): 0.06992857142857144, (1, 6): 0.0758253968253968, (5, 6): 0.07582539682539681, (5, 10): 0.06992857142857144, (2, 3): 0.06992857142857144, (2, 7): 0.08376190476190479, (6, 7): 0.11528571428571432, (6, 11): 0.11528571428571428, (3, 4): 0.04896031746031746, (3, 8): 0.07582539682539681, (7, 8): 0.11528571428571431, (7, 12): 0.12957142857142856, (4, 9): 0.04896031746031747, (8, 9): 0.07582539682539681, (8, 13): 0.11528571428571428, (9, 14): 0.06992857142857144, (10, 11): 0.08376190476190479, (10, 15): 0.06992857142857144, (11, 12): 0.12957142857142856, (11, 16): 0.11528571428571428, (12, 13): 0.1295714285714286, (12, 17): 0.12957142857142856, (13, 14): 0.08376190476190479, (13, 18): 0.11528571428571428, (14, 19): 0.06992857142857144, (15, 16): 0.07582539682539681, (15, 20): 0.04896031746031746, (16, 17): 0.11528571428571428, (16, 21): 0.07582539682539682, (17, 18): 0.11528571428571428, (17, 22): 0.08376190476190476, (18, 19): 0.07582539682539682, (18, 23): 0.07582539682539682, (19, 24): 0.04896031746031746, (20, 21): 0.04896031746031746, (21, 22): 0.06992857142857144, (22, 23): 0.06992857142857144, (23, 24): 0.04896031746031746}, 'allocation': {(0, 1): 1, (0, 5): 1, (1, 2): 1, (1, 6): 1, (2, 3): 1, (2, 7): 1, (3, 4): 1, (3, 8): 1, (4, 9): 1, (5, 6): 1, (5, 10): 1, (6, 7): 1, (6, 11): 1, (7, 8): 1, (7, 12): 1, (8, 9): 1, (8, 13): 1, (9, 14): 1, (10, 11): 1, (10, 15): 1, (11, 12): 1, (11, 16): 1, (12, 13): 1, (12, 17): 1, (13, 14): 1, (13, 18): 1, (14, 19): 1, (15, 16): 1, (15, 20): 1, (16, 17): 1, (16, 21): 1, (17, 18): 1, (17, 22): 1, (18, 19): 1, (18, 23): 1, (19, 24): 1, (20, 21): 1, (21, 22): 1, (22, 23): 1, (23, 24): 1}, 'used_budget': 40, 'candidate_edge_count': 40, 'effective_capacity': 160}",,,,,,,,
BT-MP_t,edge_capacity,4,4,593145736,,25,40,10.0,SUMMARY,1.0,1.0,1.0,,,,,,,,,,,,,,,0.002497999999999223,0.000449899999999559,0.001489499999998145,0.003987499999997368,0.005237199999999831,0.005237199999999831,,,,,,,1,,,0.0,0.0,0.0,0.0,0.0,0.0,0.0,0.0
DP-MP_t,edge_capacity,4,4,593145736,,25,40,10.0,0,1.0,1.0,1.0,,,,,40,1,3,"[1, 0, 0, 0]","[[4, 18, 12], [19, 13, 21], [3, 1, 15], [12, 6, 4]]","[[4, 18, 12], [19, 13, 21], [3, 1, 15], [12, 6, 4]]",40,40,40,160,0.032969500000000096,0.0005334999999995205,0.0020094999999997754,0.03497899999999987,0.03583490000000111,0.03583490000000111,"{(1, 2): 2, (1, 6): 2, (2, 3): 2, (3, 4): 2, (3, 8): 1, (4, 9): 2, (5, 10): 1, (6, 7): 1, (6, 11): 2, (7, 8): 2, (7, 12): 2, (8, 9): 1, (8, 13): 1, (9, 14): 1, (10, 15): 2, (11, 12): 2, (11, 16): 1, (12, 13): 2, (12, 17): 2, (13, 14): 2, (13, 18): 2, (14, 19): 1, (16, 21): 1, (17, 18): 1, (18, 19): 1, (21, 22): 1}",1401080234,1198487884,2012288188,689960118,"[4265918666, 2813778286, 1199889537, 3769681090]",1,4029182149,"{'used_budget': 40, 'candidate_edge_count': 40, 'effective_capacity': 160, 'dp_candidate_seed': 3229805457, 'dp_candidate_tree_counts': {0: 4, 1: 4, 2: 4, 3: 4}, 'dp_path_edge_count': 40, 'dp_allocation': {(0, 1): 0, (0, 5): 0, (1, 2): 2, (1, 6): 2, (2, 3): 2, (2, 7): 0, (3, 4): 2, (3, 8): 1, (4, 9): 2, (5, 6): 0, (5, 10): 1, (6, 7): 1, (6, 11): 2, (7, 8): 2, (7, 12): 2, (8, 9): 1, (8, 13): 1, (9, 14): 1, (10, 11): 0, (10, 15): 2, (11, 12): 2, (11, 16): 1, (12, 13): 2, (12, 17): 2, (13, 14): 2, (13, 18): 2, (14, 19): 1, (15, 16): 0, (15, 20): 0, (16, 17): 0, (16, 21): 1, (17, 18): 1, (17, 22): 0, (18, 19): 1, (18, 23): 0, (19, 24): 0, (20, 21): 0, (21, 22): 1, (22, 23): 0, (23, 24): 0}, 'dp_value': 10.063972155731298, 'dp_parts': {'F_topo': {(3, 4): 0.6617981174942295, (3, 8): 0.9259980525802042, (8, 13): 0.9578059071728648, (13, 18): 0.9675430055175571, (4, 9): 0.5709185329437713, (8, 9): 0.2671210645893824, (9, 14): 0.40214216163577754, (13, 14): 0.3326841934436417, (14, 19): 0.4904251866276513, (18, 19): 0.72963323596225, (2, 3): 0.6975008114247667, (2, 7): 0.39857189224272405, (7, 12): 0.7182732878934429, (7, 8): 0.5443037974682803, (12, 13): 0.9999999999998637, (1, 2): 0.6062966569294855, (1, 6): 0.7705290490099567, (6, 11): 0.881207400194622, (11, 16): 0.6919831223627751, (16, 21): 0.7101590392728669, (6, 7): 0.7426160337551729, (11, 12): 0.6432976306393149, (12, 17): 0.5705939629989485, (16, 17): 0.7169750081141508, (17, 18): 0.8493995456019614, (17, 22): 0.20772476468676174, (21, 22): 0.372606296656879, (18, 23): 0.08893216488151985, (22, 23): 0.12690684842581848, (19, 24): 0.0, (23, 24): 0.0, (0, 1): 0.006815968841284368, (0, 5): 0.006815968841284368, (5, 10): 0.12236286919829556, (10, 15): 0.3612463485880717, (5, 6): 0.07757221681271256, (10, 11): 0.20090879584547738, (15, 16): 0.7215189873416737, (20, 21): 0.030185004868545064, (15, 20): 0.030185004868545064}, 'F_demand': {(0, 1): 0.16666666666663887, (0, 5): 0.16666666666663887, (1, 2): 0.6666666666665555, (1, 6): 0.6666666666665555, (2, 3): 0.8333333333331945, (2, 7): 0.16666666666663887, (3, 4): 0.6666666666665555, (3, 8): 0.4999999999999167, (4, 9): 0.6666666666665555, (5, 6): 0.16666666666663887, (5, 10): 0.33333333333327775, (6, 7): 0.4999999999999167, (6, 11): 0.6666666666665555, (7, 8): 0.4999999999999167, (7, 12): 0.6666666666665555, (8, 9): 0.33333333333327775, (8, 13): 0.33333333333327775, (9, 14): 0.33333333333327775, (10, 11): 0.16666666666663887, (10, 15): 0.4999999999999167, (11, 12): 0.4999999999999167, (11, 16): 0.33333333333327775, (12, 13): 0.9999999999998334, (12, 17): 0.4999999999999167, (13, 14): 0.4999999999999167, (13, 18): 0.6666666666665555, (14, 19): 0.4999999999999167, (15, 16): 0.16666666666663887, (15, 20): 0.0, (16, 17): 0.16666666666663887, (16, 21): 0.33333333333327775, (17, 18): 0.4999999999999167, (17, 22): 0.16666666666663887, (18, 19): 0.4999999999999167, (18, 23): 0.0, (19, 24): 0.16666666666663887, (20, 21): 0.0, (21, 22): 0.33333333333327775, (22, 23): 0.16666666666663887, (23, 24): 0.16666666666663887}, 'F_qual': {(0, 1): 0.0, (0, 5): 0.0, (1, 2): 0.0, (1, 6): 0.0, (2, 3): 0.0, (2, 7): 0.0, (3, 4): 0.0, (3, 8): 0.0, (4, 9): 0.0, (5, 6): 0.0, (5, 10): 0.0, (6, 7): 0.0, (6, 11): 0.0, (7, 8): 0.0, (7, 12): 0.0, (8, 9): 0.0, (8, 13): 0.0, (9, 14): 0.0, (10, 11): 0.0, (10, 15): 0.0, (11, 12): 0.0, (11, 16): 0.0, (12, 13): 0.0, (12, 17): 0.0, (13, 14): 0.0, (13, 18): 0.0, (14, 19): 0.0, (15, 16): 0.0, (15, 20): 0.0, (16, 17): 0.0, (16, 21): 0.0, (17, 18): 0.0, (17, 22): 0.0, (18, 19): 0.0, (18, 23): 0.0, (19, 24): 0.0, (20, 21): 0.0, (21, 22): 0.0, (22, 23): 0.0, (23, 24): 0.0}, 'F_overlap': {(0, 1): 0.0, (0, 5): 0.0, (1, 2): 0.0, (1, 6): 0.0, (2, 3): 0.0, (2, 7): 0.0, (3, 4): 0.0, (3, 8): 0.0, (4, 9): 0.0, (5, 6): 0.0, (5, 10): 0.0, (6, 7): 0.0, (6, 11): 0.0, (7, 8): 0.0, (7, 12): 0.0, (8, 9): 0.0, (8, 13): 0.0, (9, 14): 0.0, (10, 11): 0.0, (10, 15): 0.0, (11, 12): 0.0, (11, 16): 0.0, (12, 13): 0.0, (12, 17): 0.0, (13, 14): 0.0, (13, 18): 0.0, (14, 19): 0.0, (15, 16): 0.0, (15, 20): 0.0, (16, 17): 0.0, (16, 21): 0.0, (17, 18): 0.0, (17, 22): 0.0, (18, 19): 0.0, (18, 23): 0.0, (19, 24): 0.0, (20, 21): 0.0, (21, 22): 0.0, (22, 23): 0.0, (23, 24): 0.0}}, 'dp_total_pairs': 40}",,,,,,,,
DP-MP_t,edge_capacity,4,4,593145736,,25,40,10.0,SUMMARY,1.0,1.0,1.0,,,,,,,,,,,,,,,0.032969500000000096,0.0005334999999995205,0.0020094999999997754,0.03497899999999987,0.03583490000000111,0.03583490000000111,,,,,,,1,,,0.0,0.0,0.0,0.0,0.0,0.0,0.0,0.0
LP_R-MP_t,edge_capacity,4,4,593145736,,25,40,10.0,0,1.0,1.0,1.0,4000.238187250793,0.2381872507928977,4,7,40,1,3,"[1, 0, 0, 0]","[[4, 18, 12], [19, 13, 21], [3, 1, 15], [12, 6, 4]]","[[4, 18, 12], [19, 13, 21], [3, 1, 15], [12, 6, 4]]",40,40,40,160,0.5176967999999995,0.0004878999999995415,0.0019269000000008418,0.5196237000000004,0.5204432000000025,0.5204432000000025,"{(0, 1): 1, (0, 5): 1, (1, 2): 2, (1, 6): 1, (2, 3): 2, (3, 4): 3, (3, 8): 2, (4, 9): 2, (5, 10): 1, (6, 7): 2, (6, 11): 1, (7, 8): 2, (7, 12): 2, (8, 9): 2, (8, 13): 2, (10, 15): 1, (11, 12): 1, (12, 13): 2, (12, 17): 1, (13, 14): 1, (13, 18): 3, (14, 19): 1, (17, 18): 1, (17, 22): 1, (18, 19): 1, (21, 22): 1}",148139878,1899179786,2012288188,689960118,"[4265918666, 2813778286, 1199889537, 3769681090]",1,4029182149,"{'lp_objective': 4000.238187250793, 'ilp_expected_objective': 4000.238187250793, 'ilp_expected_throughput_term': 0.2381872507928977, 'ilp_covered_requests': 4, 'ilp_selected_tree_count': 7, 'deployed_source_count': 40, 'ilp_objective_mode': 'coverage_expected_throughput', 'lp_status': 'OPTIMAL', 'lp_candidate_seed': 1934997417, 'lp_solver_seed': 1901584977, 'lp_selected_trees': 7, 'lp_candidate_tree_counts': {0: 10, 1: 8, 2: 5, 3: 11}, 'lp_minimum_routing_source_placement': None, 'lp_used_budget': 40, 'lp_memory_load': {0: 2, 1: 4, 2: 4, 3: 7, 4: 5, 5: 2, 6: 4, 7: 6, 8: 8, 9: 4, 10: 2, 11: 2, 12: 6, 13: 8, 14: 2, 15: 1, 17: 3, 18: 5, 19: 2, 21: 1, 22: 2}, 'used_budget': 40, 'candidate_edge_count': 40, 'effective_capacity': 160}",,,,,,,,
LP_R-MP_t,edge_capacity,4,4,593145736,,25,40,10.0,SUMMARY,1.0,1.0,1.0,,,,,,,,,,,,,,,0.5176967999999995,0.0004878999999995415,0.0019269000000008418,0.5196237000000004,0.5204432000000025,0.5204432000000025,,,,,,,1,,,0.0,0.0,0.0,0.0,0.0,0.0,0.0,0.0
ILP_CG-MP_t,edge_capacity,4,4,593145736,,25,40,10.0,0,0.0,0.0,0.0,4000.1850939921896,0.18509399218934652,4,7,40,0,4,"[0, 0, 0, 0]","[[4, 18, 12], [19, 13, 21], [3, 1, 15], [12, 6, 4]]","[[4, 18, 12], [19, 13, 21], [3, 1, 15], [12, 6, 4]]",40,40,40,160,0.5386021999999997,0.0005513999999990915,0.0008099000000001411,0.5394120999999998,0.5403049000000024,0.5403049000000024,"{(0, 1): 1, (0, 5): 1, (1, 2): 2, (1, 6): 1, (2, 3): 3, (2, 7): 1, (3, 4): 2, (3, 8): 1, (4, 9): 1, (5, 10): 1, (6, 7): 2, (6, 11): 1, (7, 8): 2, (7, 12): 3, (8, 9): 1, (10, 15): 1, (11, 16): 1, (12, 17): 1, (13, 14): 2, (13, 18): 1, (14, 19): 2, (15, 16): 1, (17, 18): 2, (17, 22): 1, (19, 24): 1, (21, 22): 2, (22, 23): 1, (23, 24): 1}",3403111947,1899179786,2012288188,689960118,"[4265918666, 2813778286, 1199889537, 3769681090]",1,4029182149,"{'ilp_objective': 4000.1850939921896, 'ilp_expected_objective': 4000.1850939921896, 'ilp_expected_throughput_term': 0.18509399218934652, 'ilp_covered_requests': 4, 'ilp_selected_tree_count': 7, 'deployed_source_count': 40, 'ilp_objective_mode': 'coverage_expected_throughput', 'ilp_use_redundancy_reward': False, 'ilp_spend_remaining_budget_after_solve': True, 'ilp_status': 'OPTIMAL', 'ilp_cg_iterations': 1, 'ilp_cg_added_columns': 4, 'ilp_cg_pricing_mode': 'candidate_pool_exact', 'ilp_cg_pricing_pool_trees': 32, 'ilp_cg_pricing_pool_seed': 1934997417, 'ilp_cg_initial_seed': 1934997417, 'ilp_cg_final_solver_seed': 4122478884, 'ilp_cg_max_trees_per_request': 2, 'ilp_cg_max_pricing_columns_per_request': 1, 'ilp_selected_trees': 7, 'ilp_candidate_tree_counts': {0: 3, 1: 3, 2: 3, 3: 3}, 'ilp_minimum_routing_source_placement': {(0, 1): 1, (0, 5): 1, (1, 2): 2, (1, 6): 1, (2, 3): 3, (2, 7): 1, (3, 4): 2, (3, 8): 1, (4, 9): 1, (5, 10): 1, (6, 7): 2, (6, 11): 1, (7, 8): 2, (7, 12): 3, (8, 9): 1, (10, 15): 1, (11, 16): 1, (12, 17): 1, (13, 14): 2, (13, 18): 1, (14, 19): 2, (15, 16): 1, (17, 18): 2, (17, 22): 1, (19, 24): 1, (21, 22): 2, (22, 23): 1, (23, 24): 1}, 'ilp_optimized_z_used_budget': 40, 'ilp_deployed_used_budget': 40, 'ilp_redundant_used_budget': 40, 'ilp_redundant_routing_source_placement': {(0, 1): 1, (0, 5): 1, (1, 2): 2, (1, 6): 1, (2, 3): 3, (2, 7): 1, (3, 4): 2, (3, 8): 1, (4, 9): 1, (5, 10): 1, (6, 7): 2, (6, 11): 1, (7, 8): 2, (7, 12): 3, (8, 9): 1, (10, 15): 1, (11, 16): 1, (12, 17): 1, (13, 14): 2, (13, 18): 1, (14, 19): 2, (15, 16): 1, (17, 18): 2, (17, 22): 1, (19, 24): 1, (21, 22): 2, (22, 23): 1, (23, 24): 1}, 'ilp_redundant_memory_load': {0: 2, 1: 4, 2: 6, 3: 6, 4: 3, 5: 2, 6: 4, 7: 8, 8: 4, 9: 2, 10: 2, 11: 2, 12: 4, 13: 3, 14: 4, 15: 2, 16: 2, 17: 4, 18: 3, 19: 3, 21: 2, 22: 4, 23: 2, 24: 2}, 'used_budget': 40, 'candidate_edge_count': 40, 'effective_capacity': 160}",,,,,,,,
ILP_CG-MP_t,edge_capacity,4,4,593145736,,25,40,10.0,SUMMARY,0.0,0.0,0.0,,,,,,,,,,,,,,,0.5386021999999997,0.0005513999999990915,0.0008099000000001411,0.5394120999999998,0.5403049000000024,0.5403049000000024,,,,,,,1,,,0.0,0.0,0.0,0.0,0.0,0.0,0.0,0.0
ILP-MP_t,edge_capacity,4,4,593145736,,25,40,10.0,0,1.0,1.0,1.0,4000.1850939921896,0.18509399218934652,4,7,40,1,3,"[1, 0, 0, 0]","[[4, 18, 12], [19, 13, 21], [3, 1, 15], [12, 6, 4]]","[[4, 18, 12], [19, 13, 21], [3, 1, 15], [12, 6, 4]]",40,40,40,160,0.039266299999997756,0.0007600999999972657,0.0019476000000011595,0.041213899999998915,0.04234519999999975,0.04234519999999975,"{(0, 1): 1, (0, 5): 1, (1, 2): 1, (2, 3): 1, (3, 4): 2, (3, 8): 2, (4, 9): 3, (5, 10): 1, (6, 7): 1, (6, 11): 1, (7, 8): 2, (7, 12): 2, (8, 9): 2, (8, 13): 2, (9, 14): 1, (10, 15): 1, (11, 12): 1, (12, 13): 3, (12, 17): 1, (13, 14): 1, (13, 18): 2, (14, 19): 2, (17, 18): 1, (18, 19): 1, (19, 24): 1, (21, 22): 1, (22, 23): 1, (23, 24): 1}",314954152,1899179786,2012288188,689960118,"[4265918666, 2813778286, 1199889537, 3769681090]",1,4029182149,"{'ilp_objective': 4000.1850939921896, 'ilp_expected_objective': 4000.1850939921896, 'ilp_expected_throughput_term': 0.18509399218934652, 'ilp_covered_requests': 4, 'ilp_selected_tree_count': 7, 'deployed_source_count': 40, 'ilp_objective_mode': 'coverage_expected_throughput', 'ilp_use_redundancy_reward': False, 'ilp_spend_remaining_budget_after_solve': True, 'ilp_status': 'OPTIMAL', 'ilp_candidate_seed': 1934997417, 'ilp_solver_seed': 1714257075, 'ilp_selected_trees': 7, 'ilp_candidate_tree_counts': {0: 4, 1: 4, 2: 4, 3: 4}, 'ilp_minimum_routing_source_placement': {(0, 1): 1, (0, 5): 1, (1, 2): 1, (2, 3): 1, (3, 4): 2, (3, 8): 2, (4, 9): 3, (5, 10): 1, (6, 7): 1, (6, 11): 1, (7, 8): 2, (7, 12): 2, (8, 9): 2, (8, 13): 2, (9, 14): 1, (10, 15): 1, (11, 12): 1, (12, 13): 3, (12, 17): 1, (13, 14): 1, (13, 18): 2, (14, 19): 2, (17, 18): 1, (18, 19): 1, (19, 24): 1, (21, 22): 1, (22, 23): 1, (23, 24): 1}, 'ilp_optimized_z_used_budget': 40, 'ilp_deployed_used_budget': 40, 'ilp_redundant_used_budget': 40, 'ilp_redundant_routing_source_placement': {(0, 1): 1, (0, 5): 1, (1, 2): 1, (2, 3): 1, (3, 4): 2, (3, 8): 2, (4, 9): 3, (5, 10): 1, (6, 7): 1, (6, 11): 1, (7, 8): 2, (7, 12): 2, (8, 9): 2, (8, 13): 2, (9, 14): 1, (10, 15): 1, (11, 12): 1, (12, 13): 3, (12, 17): 1, (13, 14): 1, (13, 18): 2, (14, 19): 2, (17, 18): 1, (18, 19): 1, (19, 24): 1, (21, 22): 1, (22, 23): 1, (23, 24): 1}, 'ilp_redundant_memory_load': {0: 2, 1: 2, 2: 2, 3: 5, 4: 5, 5: 2, 6: 2, 7: 5, 8: 8, 9: 6, 10: 2, 11: 2, 12: 7, 13: 8, 14: 4, 15: 1, 17: 2, 18: 4, 19: 4, 21: 1, 22: 2, 23: 2, 24: 2}, 'used_budget': 40, 'candidate_edge_count': 40, 'effective_capacity': 160}",,,,,,,,
ILP-MP_t,edge_capacity,4,4,593145736,,25,40,10.0,SUMMARY,1.0,1.0,1.0,,,,,,,,,,,,,,,0.039266299999997756,0.0007600999999972657,0.0019476000000011595,0.041213899999998915,0.04234519999999975,0.04234519999999975,,,,,,,1,,,0.0,0.0,0.0,0.0,0.0,0.0,0.0,0.0
BT-MP_t,edge_capacity,5,5,593145736,,25,40,10.0,0,1.0,1.0,1.0,,,,,40,1,3,"[1, 0, 0, 0]","[[4, 18, 12], [19, 13, 21], [3, 1, 15], [12, 6, 4]]","[[4, 18, 12], [19, 13, 21], [3, 1, 15], [12, 6, 4]]",40,40,40,200,0.003557900000000558,0.0007526999999996065,0.0018394999999991057,0.005397399999999664,0.006657700000001654,0.006657700000001654,"{(12, 13): 1, (7, 12): 1, (11, 12): 1, (12, 17): 1, (6, 7): 1, (7, 8): 1, (6, 11): 1, (8, 13): 1, (11, 16): 1, (13, 18): 1, (16, 17): 1, (17, 18): 1, (2, 7): 1, (10, 11): 1, (13, 14): 1, (17, 22): 1, (16, 21): 1, (18, 19): 1, (18, 23): 1, (3, 8): 1, (5, 6): 1, (8, 9): 1, (15, 16): 1, (1, 6): 1, (1, 2): 1, (2, 3): 1, (5, 10): 1, (9, 14): 1, (10, 15): 1, (14, 19): 1, (21, 22): 1, (22, 23): 1, (4, 9): 1, (0, 1): 1, (0, 5): 1, (3, 4): 1, (15, 20): 1, (19, 24): 1, (20, 21): 1, (23, 24): 1}",1917356134,3074377297,2012288188,689960118,"[4265918666, 2813778286, 1199889537, 3769681090]",1,4029182149,"{'betweenness_scores': {(0, 1): 0.04896031746031746, (0, 5): 0.04896031746031746, (1, 2): 0.06992857142857144, (1, 6): 0.0758253968253968, (5, 6): 0.07582539682539681, (5, 10): 0.06992857142857144, (2, 3): 0.06992857142857144, (2, 7): 0.08376190476190479, (6, 7): 0.11528571428571432, (6, 11): 0.11528571428571428, (3, 4): 0.04896031746031746, (3, 8): 0.07582539682539681, (7, 8): 0.11528571428571431, (7, 12): 0.12957142857142856, (4, 9): 0.04896031746031747, (8, 9): 0.07582539682539681, (8, 13): 0.11528571428571428, (9, 14): 0.06992857142857144, (10, 11): 0.08376190476190479, (10, 15): 0.06992857142857144, (11, 12): 0.12957142857142856, (11, 16): 0.11528571428571428, (12, 13): 0.1295714285714286, (12, 17): 0.12957142857142856, (13, 14): 0.08376190476190479, (13, 18): 0.11528571428571428, (14, 19): 0.06992857142857144, (15, 16): 0.07582539682539681, (15, 20): 0.04896031746031746, (16, 17): 0.11528571428571428, (16, 21): 0.07582539682539682, (17, 18): 0.11528571428571428, (17, 22): 0.08376190476190476, (18, 19): 0.07582539682539682, (18, 23): 0.07582539682539682, (19, 24): 0.04896031746031746, (20, 21): 0.04896031746031746, (21, 22): 0.06992857142857144, (22, 23): 0.06992857142857144, (23, 24): 0.04896031746031746}, 'allocation': {(0, 1): 1, (0, 5): 1, (1, 2): 1, (1, 6): 1, (2, 3): 1, (2, 7): 1, (3, 4): 1, (3, 8): 1, (4, 9): 1, (5, 6): 1, (5, 10): 1, (6, 7): 1, (6, 11): 1, (7, 8): 1, (7, 12): 1, (8, 9): 1, (8, 13): 1, (9, 14): 1, (10, 11): 1, (10, 15): 1, (11, 12): 1, (11, 16): 1, (12, 13): 1, (12, 17): 1, (13, 14): 1, (13, 18): 1, (14, 19): 1, (15, 16): 1, (15, 20): 1, (16, 17): 1, (16, 21): 1, (17, 18): 1, (17, 22): 1, (18, 19): 1, (18, 23): 1, (19, 24): 1, (20, 21): 1, (21, 22): 1, (22, 23): 1, (23, 24): 1}, 'used_budget': 40, 'candidate_edge_count': 40, 'effective_capacity': 200}",,,,,,,,
BT-MP_t,edge_capacity,5,5,593145736,,25,40,10.0,SUMMARY,1.0,1.0,1.0,,,,,,,,,,,,,,,0.003557900000000558,0.0007526999999996065,0.0018394999999991057,0.005397399999999664,0.006657700000001654,0.006657700000001654,,,,,,,1,,,0.0,0.0,0.0,0.0,0.0,0.0,0.0,0.0
DP-MP_t,edge_capacity,5,5,593145736,,25,40,10.0,0,1.0,1.0,1.0,,,,,40,1,3,"[1, 0, 0, 0]","[[4, 18, 12], [19, 13, 21], [3, 1, 15], [12, 6, 4]]","[[4, 18, 12], [19, 13, 21], [3, 1, 15], [12, 6, 4]]",40,40,40,200,0.034685299999999586,0.0004558000000010054,0.0022586999999987256,0.03694399999999831,0.03776759999999868,0.03776759999999868,"{(1, 2): 2, (1, 6): 2, (2, 3): 2, (3, 4): 2, (3, 8): 1, (4, 9): 2, (5, 10): 1, (6, 7): 1, (6, 11): 2, (7, 8): 2, (7, 12): 2, (8, 9): 1, (8, 13): 1, (9, 14): 1, (10, 15): 2, (11, 12): 2, (11, 16): 1, (12, 13): 2, (12, 17): 2, (13, 14): 2, (13, 18): 2, (14, 19): 1, (16, 21): 1, (17, 18): 1, (18, 19): 1, (21, 22): 1}",1401080234,1198487884,2012288188,689960118,"[4265918666, 2813778286, 1199889537, 3769681090]",1,4029182149,"{'used_budget': 40, 'candidate_edge_count': 40, 'effective_capacity': 200, 'dp_candidate_seed': 3229805457, 'dp_candidate_tree_counts': {0: 4, 1: 4, 2: 4, 3: 4}, 'dp_path_edge_count': 40, 'dp_allocation': {(0, 1): 0, (0, 5): 0, (1, 2): 2, (1, 6): 2, (2, 3): 2, (2, 7): 0, (3, 4): 2, (3, 8): 1, (4, 9): 2, (5, 6): 0, (5, 10): 1, (6, 7): 1, (6, 11): 2, (7, 8): 2, (7, 12): 2, (8, 9): 1, (8, 13): 1, (9, 14): 1, (10, 11): 0, (10, 15): 2, (11, 12): 2, (11, 16): 1, (12, 13): 2, (12, 17): 2, (13, 14): 2, (13, 18): 2, (14, 19): 1, (15, 16): 0, (15, 20): 0, (16, 17): 0, (16, 21): 1, (17, 18): 1, (17, 22): 0, (18, 19): 1, (18, 23): 0, (19, 24): 0, (20, 21): 0, (21, 22): 1, (22, 23): 0, (23, 24): 0}, 'dp_value': 10.063972155731298, 'dp_parts': {'F_topo': {(3, 4): 0.6617981174942295, (3, 8): 0.9259980525802042, (8, 13): 0.9578059071728648, (13, 18): 0.9675430055175571, (4, 9): 0.5709185329437713, (8, 9): 0.2671210645893824, (9, 14): 0.40214216163577754, (13, 14): 0.3326841934436417, (14, 19): 0.4904251866276513, (18, 19): 0.72963323596225, (2, 3): 0.6975008114247667, (2, 7): 0.39857189224272405, (7, 12): 0.7182732878934429, (7, 8): 0.5443037974682803, (12, 13): 0.9999999999998637, (1, 2): 0.6062966569294855, (1, 6): 0.7705290490099567, (6, 11): 0.881207400194622, (11, 16): 0.6919831223627751, (16, 21): 0.7101590392728669, (6, 7): 0.7426160337551729, (11, 12): 0.6432976306393149, (12, 17): 0.5705939629989485, (16, 17): 0.7169750081141508, (17, 18): 0.8493995456019614, (17, 22): 0.20772476468676174, (21, 22): 0.372606296656879, (18, 23): 0.08893216488151985, (22, 23): 0.12690684842581848, (19, 24): 0.0, (23, 24): 0.0, (0, 1): 0.006815968841284368, (0, 5): 0.006815968841284368, (5, 10): 0.12236286919829556, (10, 15): 0.3612463485880717, (5, 6): 0.07757221681271256, (10, 11): 0.20090879584547738, (15, 16): 0.7215189873416737, (20, 21): 0.030185004868545064, (15, 20): 0.030185004868545064}, 'F_demand': {(0, 1): 0.16666666666663887, (0, 5): 0.16666666666663887, (1, 2): 0.6666666666665555, (1, 6): 0.6666666666665555, (2, 3): 0.8333333333331945, (2, 7): 0.16666666666663887, (3, 4): 0.6666666666665555, (3, 8): 0.4999999999999167, (4, 9): 0.6666666666665555, (5, 6): 0.16666666666663887, (5, 10): 0.33333333333327775, (6, 7): 0.4999999999999167, (6, 11): 0.6666666666665555, (7, 8): 0.4999999999999167, (7, 12): 0.6666666666665555, (8, 9): 0.33333333333327775, (8, 13): 0.33333333333327775, (9, 14): 0.33333333333327775, (10, 11): 0.16666666666663887, (10, 15): 0.4999999999999167, (11, 12): 0.4999999999999167, (11, 16): 0.33333333333327775, (12, 13): 0.9999999999998334, (12, 17): 0.4999999999999167, (13, 14): 0.4999999999999167, (13, 18): 0.6666666666665555, (14, 19): 0.4999999999999167, (15, 16): 0.16666666666663887, (15, 20): 0.0, (16, 17): 0.16666666666663887, (16, 21): 0.33333333333327775, (17, 18): 0.4999999999999167, (17, 22): 0.16666666666663887, (18, 19): 0.4999999999999167, (18, 23): 0.0, (19, 24): 0.16666666666663887, (20, 21): 0.0, (21, 22): 0.33333333333327775, (22, 23): 0.16666666666663887, (23, 24): 0.16666666666663887}, 'F_qual': {(0, 1): 0.0, (0, 5): 0.0, (1, 2): 0.0, (1, 6): 0.0, (2, 3): 0.0, (2, 7): 0.0, (3, 4): 0.0, (3, 8): 0.0, (4, 9): 0.0, (5, 6): 0.0, (5, 10): 0.0, (6, 7): 0.0, (6, 11): 0.0, (7, 8): 0.0, (7, 12): 0.0, (8, 9): 0.0, (8, 13): 0.0, (9, 14): 0.0, (10, 11): 0.0, (10, 15): 0.0, (11, 12): 0.0, (11, 16): 0.0, (12, 13): 0.0, (12, 17): 0.0, (13, 14): 0.0, (13, 18): 0.0, (14, 19): 0.0, (15, 16): 0.0, (15, 20): 0.0, (16, 17): 0.0, (16, 21): 0.0, (17, 18): 0.0, (17, 22): 0.0, (18, 19): 0.0, (18, 23): 0.0, (19, 24): 0.0, (20, 21): 0.0, (21, 22): 0.0, (22, 23): 0.0, (23, 24): 0.0}, 'F_overlap': {(0, 1): 0.0, (0, 5): 0.0, (1, 2): 0.0, (1, 6): 0.0, (2, 3): 0.0, (2, 7): 0.0, (3, 4): 0.0, (3, 8): 0.0, (4, 9): 0.0, (5, 6): 0.0, (5, 10): 0.0, (6, 7): 0.0, (6, 11): 0.0, (7, 8): 0.0, (7, 12): 0.0, (8, 9): 0.0, (8, 13): 0.0, (9, 14): 0.0, (10, 11): 0.0, (10, 15): 0.0, (11, 12): 0.0, (11, 16): 0.0, (12, 13): 0.0, (12, 17): 0.0, (13, 14): 0.0, (13, 18): 0.0, (14, 19): 0.0, (15, 16): 0.0, (15, 20): 0.0, (16, 17): 0.0, (16, 21): 0.0, (17, 18): 0.0, (17, 22): 0.0, (18, 19): 0.0, (18, 23): 0.0, (19, 24): 0.0, (20, 21): 0.0, (21, 22): 0.0, (22, 23): 0.0, (23, 24): 0.0}}, 'dp_total_pairs': 40}",,,,,,,,
DP-MP_t,edge_capacity,5,5,593145736,,25,40,10.0,SUMMARY,1.0,1.0,1.0,,,,,,,,,,,,,,,0.034685299999999586,0.0004558000000010054,0.0022586999999987256,0.03694399999999831,0.03776759999999868,0.03776759999999868,,,,,,,1,,,0.0,0.0,0.0,0.0,0.0,0.0,0.0,0.0
LP_R-MP_t,edge_capacity,5,5,593145736,,25,40,10.0,0,1.0,1.0,1.0,4000.238187250793,0.2381872507928977,4,7,40,1,3,"[1, 0, 0, 0]","[[4, 18, 12], [19, 13, 21], [3, 1, 15], [12, 6, 4]]","[[4, 18, 12], [19, 13, 21], [3, 1, 15], [12, 6, 4]]",40,40,40,200,0.5045064000000004,0.0004921000000024378,0.0016929000000018846,0.5061993000000022,0.5070725999999972,0.5070725999999972,"{(0, 1): 1, (0, 5): 1, (1, 2): 2, (1, 6): 1, (2, 3): 2, (3, 4): 3, (3, 8): 2, (4, 9): 2, (5, 10): 1, (6, 7): 2, (6, 11): 1, (7, 8): 2, (7, 12): 2, (8, 9): 2, (8, 13): 2, (10, 15): 1, (11, 12): 1, (12, 13): 2, (12, 17): 1, (13, 14): 1, (13, 18): 3, (14, 19): 1, (17, 18): 1, (17, 22): 1, (18, 19): 1, (21, 22): 1}",148139878,1899179786,2012288188,689960118,"[4265918666, 2813778286, 1199889537, 3769681090]",1,4029182149,"{'lp_objective': 4000.238187250793, 'ilp_expected_objective': 4000.238187250793, 'ilp_expected_throughput_term': 0.2381872507928977, 'ilp_covered_requests': 4, 'ilp_selected_tree_count': 7, 'deployed_source_count': 40, 'ilp_objective_mode': 'coverage_expected_throughput', 'lp_status': 'OPTIMAL', 'lp_candidate_seed': 1934997417, 'lp_solver_seed': 1901584977, 'lp_selected_trees': 7, 'lp_candidate_tree_counts': {0: 10, 1: 8, 2: 5, 3: 11}, 'lp_minimum_routing_source_placement': None, 'lp_used_budget': 40, 'lp_memory_load': {0: 2, 1: 4, 2: 4, 3: 7, 4: 5, 5: 2, 6: 4, 7: 6, 8: 8, 9: 4, 10: 2, 11: 2, 12: 6, 13: 8, 14: 2, 15: 1, 17: 3, 18: 5, 19: 2, 21: 1, 22: 2}, 'used_budget': 40, 'candidate_edge_count': 40, 'effective_capacity': 200}",,,,,,,,
LP_R-MP_t,edge_capacity,5,5,593145736,,25,40,10.0,SUMMARY,1.0,1.0,1.0,,,,,,,,,,,,,,,0.5045064000000004,0.0004921000000024378,0.0016929000000018846,0.5061993000000022,0.5070725999999972,0.5070725999999972,,,,,,,1,,,0.0,0.0,0.0,0.0,0.0,0.0,0.0,0.0
ILP_CG-MP_t,edge_capacity,5,5,593145736,,25,40,10.0,0,0.0,0.0,0.0,4000.1850939921896,0.18509399218934652,4,7,40,0,4,"[0, 0, 0, 0]","[[4, 18, 12], [19, 13, 21], [3, 1, 15], [12, 6, 4]]","[[4, 18, 12], [19, 13, 21], [3, 1, 15], [12, 6, 4]]",40,40,40,200,0.5510783000000004,0.00046619999999819584,0.0006986000000033243,0.5517769000000037,0.5529846999999997,0.5529846999999997,"{(0, 1): 1, (0, 5): 1, (1, 2): 2, (1, 6): 1, (2, 3): 3, (2, 7): 1, (3, 4): 2, (3, 8): 1, (4, 9): 1, (5, 10): 1, (6, 7): 2, (6, 11): 1, (7, 8): 2, (7, 12): 3, (8, 9): 1, (10, 15): 1, (11, 16): 1, (12, 17): 1, (13, 14): 2, (13, 18): 1, (14, 19): 2, (15, 16): 1, (17, 18): 2, (17, 22): 1, (19, 24): 1, (21, 22): 2, (22, 23): 1, (23, 24): 1}",3403111947,1899179786,2012288188,689960118,"[4265918666, 2813778286, 1199889537, 3769681090]",1,4029182149,"{'ilp_objective': 4000.1850939921896, 'ilp_expected_objective': 4000.1850939921896, 'ilp_expected_throughput_term': 0.18509399218934652, 'ilp_covered_requests': 4, 'ilp_selected_tree_count': 7, 'deployed_source_count': 40, 'ilp_objective_mode': 'coverage_expected_throughput', 'ilp_use_redundancy_reward': False, 'ilp_spend_remaining_budget_after_solve': True, 'ilp_status': 'OPTIMAL', 'ilp_cg_iterations': 1, 'ilp_cg_added_columns': 4, 'ilp_cg_pricing_mode': 'candidate_pool_exact', 'ilp_cg_pricing_pool_trees': 32, 'ilp_cg_pricing_pool_seed': 1934997417, 'ilp_cg_initial_seed': 1934997417, 'ilp_cg_final_solver_seed': 4122478884, 'ilp_cg_max_trees_per_request': 2, 'ilp_cg_max_pricing_columns_per_request': 1, 'ilp_selected_trees': 7, 'ilp_candidate_tree_counts': {0: 3, 1: 3, 2: 3, 3: 3}, 'ilp_minimum_routing_source_placement': {(0, 1): 1, (0, 5): 1, (1, 2): 2, (1, 6): 1, (2, 3): 3, (2, 7): 1, (3, 4): 2, (3, 8): 1, (4, 9): 1, (5, 10): 1, (6, 7): 2, (6, 11): 1, (7, 8): 2, (7, 12): 3, (8, 9): 1, (10, 15): 1, (11, 16): 1, (12, 17): 1, (13, 14): 2, (13, 18): 1, (14, 19): 2, (15, 16): 1, (17, 18): 2, (17, 22): 1, (19, 24): 1, (21, 22): 2, (22, 23): 1, (23, 24): 1}, 'ilp_optimized_z_used_budget': 40, 'ilp_deployed_used_budget': 40, 'ilp_redundant_used_budget': 40, 'ilp_redundant_routing_source_placement': {(0, 1): 1, (0, 5): 1, (1, 2): 2, (1, 6): 1, (2, 3): 3, (2, 7): 1, (3, 4): 2, (3, 8): 1, (4, 9): 1, (5, 10): 1, (6, 7): 2, (6, 11): 1, (7, 8): 2, (7, 12): 3, (8, 9): 1, (10, 15): 1, (11, 16): 1, (12, 17): 1, (13, 14): 2, (13, 18): 1, (14, 19): 2, (15, 16): 1, (17, 18): 2, (17, 22): 1, (19, 24): 1, (21, 22): 2, (22, 23): 1, (23, 24): 1}, 'ilp_redundant_memory_load': {0: 2, 1: 4, 2: 6, 3: 6, 4: 3, 5: 2, 6: 4, 7: 8, 8: 4, 9: 2, 10: 2, 11: 2, 12: 4, 13: 3, 14: 4, 15: 2, 16: 2, 17: 4, 18: 3, 19: 3, 21: 2, 22: 4, 23: 2, 24: 2}, 'used_budget': 40, 'candidate_edge_count': 40, 'effective_capacity': 200}",,,,,,,,
ILP_CG-MP_t,edge_capacity,5,5,593145736,,25,40,10.0,SUMMARY,0.0,0.0,0.0,,,,,,,,,,,,,,,0.5510783000000004,0.00046619999999819584,0.0006986000000033243,0.5517769000000037,0.5529846999999997,0.5529846999999997,,,,,,,1,,,0.0,0.0,0.0,0.0,0.0,0.0,0.0,0.0
ILP-MP_t,edge_capacity,5,5,593145736,,25,40,10.0,0,1.0,1.0,1.0,4000.1850939921896,0.18509399218934652,4,7,40,1,3,"[1, 0, 0, 0]","[[4, 18, 12], [19, 13, 21], [3, 1, 15], [12, 6, 4]]","[[4, 18, 12], [19, 13, 21], [3, 1, 15], [12, 6, 4]]",40,40,40,200,0.03491319999999831,0.0004592000000016583,0.0015862999999995964,0.03649949999999791,0.037279399999999185,0.037279399999999185,"{(0, 1): 1, (0, 5): 1, (1, 2): 1, (2, 3): 1, (3, 4): 2, (3, 8): 2, (4, 9): 3, (5, 10): 1, (6, 7): 1, (6, 11): 1, (7, 8): 2, (7, 12): 2, (8, 9): 2, (8, 13): 2, (9, 14): 1, (10, 15): 1, (11, 12): 1, (12, 13): 3, (12, 17): 1, (13, 14): 1, (13, 18): 2, (14, 19): 2, (17, 18): 1, (18, 19): 1, (19, 24): 1, (21, 22): 1, (22, 23): 1, (23, 24): 1}",314954152,1899179786,2012288188,689960118,"[4265918666, 2813778286, 1199889537, 3769681090]",1,4029182149,"{'ilp_objective': 4000.1850939921896, 'ilp_expected_objective': 4000.1850939921896, 'ilp_expected_throughput_term': 0.18509399218934652, 'ilp_covered_requests': 4, 'ilp_selected_tree_count': 7, 'deployed_source_count': 40, 'ilp_objective_mode': 'coverage_expected_throughput', 'ilp_use_redundancy_reward': False, 'ilp_spend_remaining_budget_after_solve': True, 'ilp_status': 'OPTIMAL', 'ilp_candidate_seed': 1934997417, 'ilp_solver_seed': 1714257075, 'ilp_selected_trees': 7, 'ilp_candidate_tree_counts': {0: 4, 1: 4, 2: 4, 3: 4}, 'ilp_minimum_routing_source_placement': {(0, 1): 1, (0, 5): 1, (1, 2): 1, (2, 3): 1, (3, 4): 2, (3, 8): 2, (4, 9): 3, (5, 10): 1, (6, 7): 1, (6, 11): 1, (7, 8): 2, (7, 12): 2, (8, 9): 2, (8, 13): 2, (9, 14): 1, (10, 15): 1, (11, 12): 1, (12, 13): 3, (12, 17): 1, (13, 14): 1, (13, 18): 2, (14, 19): 2, (17, 18): 1, (18, 19): 1, (19, 24): 1, (21, 22): 1, (22, 23): 1, (23, 24): 1}, 'ilp_optimized_z_used_budget': 40, 'ilp_deployed_used_budget': 40, 'ilp_redundant_used_budget': 40, 'ilp_redundant_routing_source_placement': {(0, 1): 1, (0, 5): 1, (1, 2): 1, (2, 3): 1, (3, 4): 2, (3, 8): 2, (4, 9): 3, (5, 10): 1, (6, 7): 1, (6, 11): 1, (7, 8): 2, (7, 12): 2, (8, 9): 2, (8, 13): 2, (9, 14): 1, (10, 15): 1, (11, 12): 1, (12, 13): 3, (12, 17): 1, (13, 14): 1, (13, 18): 2, (14, 19): 2, (17, 18): 1, (18, 19): 1, (19, 24): 1, (21, 22): 1, (22, 23): 1, (23, 24): 1}, 'ilp_redundant_memory_load': {0: 2, 1: 2, 2: 2, 3: 5, 4: 5, 5: 2, 6: 2, 7: 5, 8: 8, 9: 6, 10: 2, 11: 2, 12: 7, 13: 8, 14: 4, 15: 1, 17: 2, 18: 4, 19: 4, 21: 1, 22: 2, 23: 2, 24: 2}, 'used_budget': 40, 'candidate_edge_count': 40, 'effective_capacity': 200}",,,,,,,,
ILP-MP_t,edge_capacity,5,5,593145736,,25,40,10.0,SUMMARY,1.0,1.0,1.0,,,,,,,,,,,,,,,0.03491319999999831,0.0004592000000016583,0.0015862999999995964,0.03649949999999791,0.037279399999999185,0.037279399999999185,,,,,,,1,,,0.0,0.0,0.0,0.0,0.0,0.0,0.0,0.0
BT-MP_t,edge_capacity,6,6,593145736,,25,40,10.0,0,1.0,1.0,1.0,,,,,40,1,3,"[1, 0, 0, 0]","[[4, 18, 12], [19, 13, 21], [3, 1, 15], [12, 6, 4]]","[[4, 18, 12], [19, 13, 21], [3, 1, 15], [12, 6, 4]]",40,40,40,240,0.0027340000000002362,0.0005012999999998158,0.0016505000000002212,0.0043845000000004575,0.0053426999999999225,0.0053426999999999225,"{(12, 13): 1, (7, 12): 1, (11, 12): 1, (12, 17): 1, (6, 7): 1, (7, 8): 1, (6, 11): 1, (8, 13): 1, (11, 16): 1, (13, 18): 1, (16, 17): 1, (17, 18): 1, (2, 7): 1, (10, 11): 1, (13, 14): 1, (17, 22): 1, (16, 21): 1, (18, 19): 1, (18, 23): 1, (3, 8): 1, (5, 6): 1, (8, 9): 1, (15, 16): 1, (1, 6): 1, (1, 2): 1, (2, 3): 1, (5, 10): 1, (9, 14): 1, (10, 15): 1, (14, 19): 1, (21, 22): 1, (22, 23): 1, (4, 9): 1, (0, 1): 1, (0, 5): 1, (3, 4): 1, (15, 20): 1, (19, 24): 1, (20, 21): 1, (23, 24): 1}",1917356134,3074377297,2012288188,689960118,"[4265918666, 2813778286, 1199889537, 3769681090]",1,4029182149,"{'betweenness_scores': {(0, 1): 0.04896031746031746, (0, 5): 0.04896031746031746, (1, 2): 0.06992857142857144, (1, 6): 0.0758253968253968, (5, 6): 0.07582539682539681, (5, 10): 0.06992857142857144, (2, 3): 0.06992857142857144, (2, 7): 0.08376190476190479, (6, 7): 0.11528571428571432, (6, 11): 0.11528571428571428, (3, 4): 0.04896031746031746, (3, 8): 0.07582539682539681, (7, 8): 0.11528571428571431, (7, 12): 0.12957142857142856, (4, 9): 0.04896031746031747, (8, 9): 0.07582539682539681, (8, 13): 0.11528571428571428, (9, 14): 0.06992857142857144, (10, 11): 0.08376190476190479, (10, 15): 0.06992857142857144, (11, 12): 0.12957142857142856, (11, 16): 0.11528571428571428, (12, 13): 0.1295714285714286, (12, 17): 0.12957142857142856, (13, 14): 0.08376190476190479, (13, 18): 0.11528571428571428, (14, 19): 0.06992857142857144, (15, 16): 0.07582539682539681, (15, 20): 0.04896031746031746, (16, 17): 0.11528571428571428, (16, 21): 0.07582539682539682, (17, 18): 0.11528571428571428, (17, 22): 0.08376190476190476, (18, 19): 0.07582539682539682, (18, 23): 0.07582539682539682, (19, 24): 0.04896031746031746, (20, 21): 0.04896031746031746, (21, 22): 0.06992857142857144, (22, 23): 0.06992857142857144, (23, 24): 0.04896031746031746}, 'allocation': {(0, 1): 1, (0, 5): 1, (1, 2): 1, (1, 6): 1, (2, 3): 1, (2, 7): 1, (3, 4): 1, (3, 8): 1, (4, 9): 1, (5, 6): 1, (5, 10): 1, (6, 7): 1, (6, 11): 1, (7, 8): 1, (7, 12): 1, (8, 9): 1, (8, 13): 1, (9, 14): 1, (10, 11): 1, (10, 15): 1, (11, 12): 1, (11, 16): 1, (12, 13): 1, (12, 17): 1, (13, 14): 1, (13, 18): 1, (14, 19): 1, (15, 16): 1, (15, 20): 1, (16, 17): 1, (16, 21): 1, (17, 18): 1, (17, 22): 1, (18, 19): 1, (18, 23): 1, (19, 24): 1, (20, 21): 1, (21, 22): 1, (22, 23): 1, (23, 24): 1}, 'used_budget': 40, 'candidate_edge_count': 40, 'effective_capacity': 240}",,,,,,,,
BT-MP_t,edge_capacity,6,6,593145736,,25,40,10.0,SUMMARY,1.0,1.0,1.0,,,,,,,,,,,,,,,0.0027340000000002362,0.0005012999999998158,0.0016505000000002212,0.0043845000000004575,0.0053426999999999225,0.0053426999999999225,,,,,,,1,,,0.0,0.0,0.0,0.0,0.0,0.0,0.0,0.0
DP-MP_t,edge_capacity,6,6,593145736,,25,40,10.0,0,1.0,1.0,1.0,,,,,40,1,3,"[1, 0, 0, 0]","[[4, 18, 12], [19, 13, 21], [3, 1, 15], [12, 6, 4]]","[[4, 18, 12], [19, 13, 21], [3, 1, 15], [12, 6, 4]]",40,40,40,240,0.03108089999999919,0.00048439999999772,0.0018260000000012155,0.032906900000000405,0.03374480000000091,0.03374480000000091,"{(1, 2): 2, (1, 6): 2, (2, 3): 2, (3, 4): 2, (3, 8): 1, (4, 9): 2, (5, 10): 1, (6, 7): 1, (6, 11): 2, (7, 8): 2, (7, 12): 2, (8, 9): 1, (8, 13): 1, (9, 14): 1, (10, 15): 2, (11, 12): 2, (11, 16): 1, (12, 13): 2, (12, 17): 2, (13, 14): 2, (13, 18): 2, (14, 19): 1, (16, 21): 1, (17, 18): 1, (18, 19): 1, (21, 22): 1}",1401080234,1198487884,2012288188,689960118,"[4265918666, 2813778286, 1199889537, 3769681090]",1,4029182149,"{'used_budget': 40, 'candidate_edge_count': 40, 'effective_capacity': 240, 'dp_candidate_seed': 3229805457, 'dp_candidate_tree_counts': {0: 4, 1: 4, 2: 4, 3: 4}, 'dp_path_edge_count': 40, 'dp_allocation': {(0, 1): 0, (0, 5): 0, (1, 2): 2, (1, 6): 2, (2, 3): 2, (2, 7): 0, (3, 4): 2, (3, 8): 1, (4, 9): 2, (5, 6): 0, (5, 10): 1, (6, 7): 1, (6, 11): 2, (7, 8): 2, (7, 12): 2, (8, 9): 1, (8, 13): 1, (9, 14): 1, (10, 11): 0, (10, 15): 2, (11, 12): 2, (11, 16): 1, (12, 13): 2, (12, 17): 2, (13, 14): 2, (13, 18): 2, (14, 19): 1, (15, 16): 0, (15, 20): 0, (16, 17): 0, (16, 21): 1, (17, 18): 1, (17, 22): 0, (18, 19): 1, (18, 23): 0, (19, 24): 0, (20, 21): 0, (21, 22): 1, (22, 23): 0, (23, 24): 0}, 'dp_value': 10.063972155731298, 'dp_parts': {'F_topo': {(3, 4): 0.6617981174942295, (3, 8): 0.9259980525802042, (8, 13): 0.9578059071728648, (13, 18): 0.9675430055175571, (4, 9): 0.5709185329437713, (8, 9): 0.2671210645893824, (9, 14): 0.40214216163577754, (13, 14): 0.3326841934436417, (14, 19): 0.4904251866276513, (18, 19): 0.72963323596225, (2, 3): 0.6975008114247667, (2, 7): 0.39857189224272405, (7, 12): 0.7182732878934429, (7, 8): 0.5443037974682803, (12, 13): 0.9999999999998637, (1, 2): 0.6062966569294855, (1, 6): 0.7705290490099567, (6, 11): 0.881207400194622, (11, 16): 0.6919831223627751, (16, 21): 0.7101590392728669, (6, 7): 0.7426160337551729, (11, 12): 0.6432976306393149, (12, 17): 0.5705939629989485, (16, 17): 0.7169750081141508, (17, 18): 0.8493995456019614, (17, 22): 0.20772476468676174, (21, 22): 0.372606296656879, (18, 23): 0.08893216488151985, (22, 23): 0.12690684842581848, (19, 24): 0.0, (23, 24): 0.0, (0, 1): 0.006815968841284368, (0, 5): 0.006815968841284368, (5, 10): 0.12236286919829556, (10, 15): 0.3612463485880717, (5, 6): 0.07757221681271256, (10, 11): 0.20090879584547738, (15, 16): 0.7215189873416737, (20, 21): 0.030185004868545064, (15, 20): 0.030185004868545064}, 'F_demand': {(0, 1): 0.16666666666663887, (0, 5): 0.16666666666663887, (1, 2): 0.6666666666665555, (1, 6): 0.6666666666665555, (2, 3): 0.8333333333331945, (2, 7): 0.16666666666663887, (3, 4): 0.6666666666665555, (3, 8): 0.4999999999999167, (4, 9): 0.6666666666665555, (5, 6): 0.16666666666663887, (5, 10): 0.33333333333327775, (6, 7): 0.4999999999999167, (6, 11): 0.6666666666665555, (7, 8): 0.4999999999999167, (7, 12): 0.6666666666665555, (8, 9): 0.33333333333327775, (8, 13): 0.33333333333327775, (9, 14): 0.33333333333327775, (10, 11): 0.16666666666663887, (10, 15): 0.4999999999999167, (11, 12): 0.4999999999999167, (11, 16): 0.33333333333327775, (12, 13): 0.9999999999998334, (12, 17): 0.4999999999999167, (13, 14): 0.4999999999999167, (13, 18): 0.6666666666665555, (14, 19): 0.4999999999999167, (15, 16): 0.16666666666663887, (15, 20): 0.0, (16, 17): 0.16666666666663887, (16, 21): 0.33333333333327775, (17, 18): 0.4999999999999167, (17, 22): 0.16666666666663887, (18, 19): 0.4999999999999167, (18, 23): 0.0, (19, 24): 0.16666666666663887, (20, 21): 0.0, (21, 22): 0.33333333333327775, (22, 23): 0.16666666666663887, (23, 24): 0.16666666666663887}, 'F_qual': {(0, 1): 0.0, (0, 5): 0.0, (1, 2): 0.0, (1, 6): 0.0, (2, 3): 0.0, (2, 7): 0.0, (3, 4): 0.0, (3, 8): 0.0, (4, 9): 0.0, (5, 6): 0.0, (5, 10): 0.0, (6, 7): 0.0, (6, 11): 0.0, (7, 8): 0.0, (7, 12): 0.0, (8, 9): 0.0, (8, 13): 0.0, (9, 14): 0.0, (10, 11): 0.0, (10, 15): 0.0, (11, 12): 0.0, (11, 16): 0.0, (12, 13): 0.0, (12, 17): 0.0, (13, 14): 0.0, (13, 18): 0.0, (14, 19): 0.0, (15, 16): 0.0, (15, 20): 0.0, (16, 17): 0.0, (16, 21): 0.0, (17, 18): 0.0, (17, 22): 0.0, (18, 19): 0.0, (18, 23): 0.0, (19, 24): 0.0, (20, 21): 0.0, (21, 22): 0.0, (22, 23): 0.0, (23, 24): 0.0}, 'F_overlap': {(0, 1): 0.0, (0, 5): 0.0, (1, 2): 0.0, (1, 6): 0.0, (2, 3): 0.0, (2, 7): 0.0, (3, 4): 0.0, (3, 8): 0.0, (4, 9): 0.0, (5, 6): 0.0, (5, 10): 0.0, (6, 7): 0.0, (6, 11): 0.0, (7, 8): 0.0, (7, 12): 0.0, (8, 9): 0.0, (8, 13): 0.0, (9, 14): 0.0, (10, 11): 0.0, (10, 15): 0.0, (11, 12): 0.0, (11, 16): 0.0, (12, 13): 0.0, (12, 17): 0.0, (13, 14): 0.0, (13, 18): 0.0, (14, 19): 0.0, (15, 16): 0.0, (15, 20): 0.0, (16, 17): 0.0, (16, 21): 0.0, (17, 18): 0.0, (17, 22): 0.0, (18, 19): 0.0, (18, 23): 0.0, (19, 24): 0.0, (20, 21): 0.0, (21, 22): 0.0, (22, 23): 0.0, (23, 24): 0.0}}, 'dp_total_pairs': 40}",,,,,,,,
DP-MP_t,edge_capacity,6,6,593145736,,25,40,10.0,SUMMARY,1.0,1.0,1.0,,,,,,,,,,,,,,,0.03108089999999919,0.00048439999999772,0.0018260000000012155,0.032906900000000405,0.03374480000000091,0.03374480000000091,,,,,,,1,,,0.0,0.0,0.0,0.0,0.0,0.0,0.0,0.0
LP_R-MP_t,edge_capacity,6,6,593145736,,25,40,10.0,0,1.0,1.0,1.0,4000.2381872507926,0.2381872507928977,4,7,40,1,3,"[1, 0, 0, 0]","[[4, 18, 12], [19, 13, 21], [3, 1, 15], [12, 6, 4]]","[[4, 18, 12], [19, 13, 21], [3, 1, 15], [12, 6, 4]]",40,40,40,240,0.5009712999999962,0.00045680000000203336,0.0017244000000005144,0.5026956999999967,0.503545299999999,0.503545299999999,"{(0, 1): 1, (0, 5): 1, (1, 2): 1, (2, 3): 1, (3, 4): 2, (3, 8): 2, (4, 9): 3, (5, 10): 1, (6, 7): 2, (6, 11): 1, (7, 8): 2, (7, 12): 2, (8, 9): 2, (8, 13): 2, (9, 14): 1, (10, 15): 1, (11, 12): 1, (12, 13): 2, (12, 17): 1, (13, 14): 1, (13, 18): 3, (14, 19): 2, (17, 18): 2, (17, 22): 1, (18, 19): 1, (21, 22): 1}",148139878,1899179786,2012288188,689960118,"[4265918666, 2813778286, 1199889537, 3769681090]",1,4029182149,"{'lp_objective': 4000.2381872507926, 'ilp_expected_objective': 4000.2381872507926, 'ilp_expected_throughput_term': 0.2381872507928977, 'ilp_covered_requests': 4, 'ilp_selected_tree_count': 7, 'deployed_source_count': 40, 'ilp_objective_mode': 'coverage_expected_throughput', 'lp_status': 'OPTIMAL', 'lp_candidate_seed': 1934997417, 'lp_solver_seed': 1901584977, 'lp_selected_trees': 7, 'lp_candidate_tree_counts': {0: 10, 1: 8, 2: 5, 3: 11}, 'lp_minimum_routing_source_placement': None, 'lp_used_budget': 40, 'lp_memory_load': {0: 2, 1: 2, 2: 2, 3: 5, 4: 5, 5: 2, 6: 3, 7: 6, 8: 8, 9: 6, 10: 2, 11: 2, 12: 6, 13: 8, 14: 4, 15: 1, 17: 4, 18: 6, 19: 3, 21: 1, 22: 2}, 'used_budget': 40, 'candidate_edge_count': 40, 'effective_capacity': 240}",,,,,,,,
LP_R-MP_t,edge_capacity,6,6,593145736,,25,40,10.0,SUMMARY,1.0,1.0,1.0,,,,,,,,,,,,,,,0.5009712999999962,0.00045680000000203336,0.0017244000000005144,0.5026956999999967,0.503545299999999,0.503545299999999,,,,,,,1,,,0.0,0.0,0.0,0.0,0.0,0.0,0.0,0.0
ILP_CG-MP_t,edge_capacity,6,6,593145736,,25,40,10.0,0,0.0,0.0,0.0,4000.1850939921896,0.18509399218934652,4,7,40,0,4,"[0, 0, 0, 0]","[[4, 18, 12], [19, 13, 21], [3, 1, 15], [12, 6, 4]]","[[4, 18, 12], [19, 13, 21], [3, 1, 15], [12, 6, 4]]",40,40,40,240,0.5182687000000001,0.0005493000000029724,0.0008951000000010367,0.5191638000000012,0.5200717000000026,0.5200717000000026,"{(0, 1): 1, (0, 5): 1, (1, 2): 2, (1, 6): 1, (2, 3): 3, (2, 7): 1, (3, 4): 2, (3, 8): 1, (4, 9): 1, (5, 10): 1, (6, 7): 2, (6, 11): 1, (7, 8): 2, (7, 12): 3, (8, 9): 1, (10, 15): 1, (11, 16): 1, (12, 17): 1, (13, 14): 2, (13, 18): 1, (14, 19): 2, (15, 16): 1, (17, 18): 2, (17, 22): 1, (19, 24): 1, (21, 22): 2, (22, 23): 1, (23, 24): 1}",3403111947,1899179786,2012288188,689960118,"[4265918666, 2813778286, 1199889537, 3769681090]",1,4029182149,"{'ilp_objective': 4000.1850939921896, 'ilp_expected_objective': 4000.1850939921896, 'ilp_expected_throughput_term': 0.18509399218934652, 'ilp_covered_requests': 4, 'ilp_selected_tree_count': 7, 'deployed_source_count': 40, 'ilp_objective_mode': 'coverage_expected_throughput', 'ilp_use_redundancy_reward': False, 'ilp_spend_remaining_budget_after_solve': True, 'ilp_status': 'OPTIMAL', 'ilp_cg_iterations': 1, 'ilp_cg_added_columns': 4, 'ilp_cg_pricing_mode': 'candidate_pool_exact', 'ilp_cg_pricing_pool_trees': 32, 'ilp_cg_pricing_pool_seed': 1934997417, 'ilp_cg_initial_seed': 1934997417, 'ilp_cg_final_solver_seed': 4122478884, 'ilp_cg_max_trees_per_request': 2, 'ilp_cg_max_pricing_columns_per_request': 1, 'ilp_selected_trees': 7, 'ilp_candidate_tree_counts': {0: 3, 1: 3, 2: 3, 3: 3}, 'ilp_minimum_routing_source_placement': {(0, 1): 1, (0, 5): 1, (1, 2): 2, (1, 6): 1, (2, 3): 3, (2, 7): 1, (3, 4): 2, (3, 8): 1, (4, 9): 1, (5, 10): 1, (6, 7): 2, (6, 11): 1, (7, 8): 2, (7, 12): 3, (8, 9): 1, (10, 15): 1, (11, 16): 1, (12, 17): 1, (13, 14): 2, (13, 18): 1, (14, 19): 2, (15, 16): 1, (17, 18): 2, (17, 22): 1, (19, 24): 1, (21, 22): 2, (22, 23): 1, (23, 24): 1}, 'ilp_optimized_z_used_budget': 40, 'ilp_deployed_used_budget': 40, 'ilp_redundant_used_budget': 40, 'ilp_redundant_routing_source_placement': {(0, 1): 1, (0, 5): 1, (1, 2): 2, (1, 6): 1, (2, 3): 3, (2, 7): 1, (3, 4): 2, (3, 8): 1, (4, 9): 1, (5, 10): 1, (6, 7): 2, (6, 11): 1, (7, 8): 2, (7, 12): 3, (8, 9): 1, (10, 15): 1, (11, 16): 1, (12, 17): 1, (13, 14): 2, (13, 18): 1, (14, 19): 2, (15, 16): 1, (17, 18): 2, (17, 22): 1, (19, 24): 1, (21, 22): 2, (22, 23): 1, (23, 24): 1}, 'ilp_redundant_memory_load': {0: 2, 1: 4, 2: 6, 3: 6, 4: 3, 5: 2, 6: 4, 7: 8, 8: 4, 9: 2, 10: 2, 11: 2, 12: 4, 13: 3, 14: 4, 15: 2, 16: 2, 17: 4, 18: 3, 19: 3, 21: 2, 22: 4, 23: 2, 24: 2}, 'used_budget': 40, 'candidate_edge_count': 40, 'effective_capacity': 240}",,,,,,,,
ILP_CG-MP_t,edge_capacity,6,6,593145736,,25,40,10.0,SUMMARY,0.0,0.0,0.0,,,,,,,,,,,,,,,0.5182687000000001,0.0005493000000029724,0.0008951000000010367,0.5191638000000012,0.5200717000000026,0.5200717000000026,,,,,,,1,,,0.0,0.0,0.0,0.0,0.0,0.0,0.0,0.0
ILP-MP_t,edge_capacity,6,6,593145736,,25,40,10.0,0,1.0,1.0,1.0,4000.1850939921896,0.18509399218934652,4,7,40,1,3,"[1, 0, 0, 0]","[[4, 18, 12], [19, 13, 21], [3, 1, 15], [12, 6, 4]]","[[4, 18, 12], [19, 13, 21], [3, 1, 15], [12, 6, 4]]",40,40,40,240,0.03413399999999456,0.0007198999999999955,0.0018421999999986838,0.03597619999999324,0.037207999999999686,0.037207999999999686,"{(0, 1): 1, (0, 5): 1, (1, 2): 1, (2, 3): 1, (3, 4): 2, (3, 8): 2, (4, 9): 3, (5, 10): 1, (6, 7): 1, (6, 11): 1, (7, 8): 2, (7, 12): 2, (8, 9): 2, (8, 13): 2, (9, 14): 1, (10, 15): 1, (11, 12): 1, (12, 13): 3, (12, 17): 1, (13, 14): 1, (13, 18): 2, (14, 19): 2, (17, 18): 1, (18, 19): 1, (19, 24): 1, (21, 22): 1, (22, 23): 1, (23, 24): 1}",314954152,1899179786,2012288188,689960118,"[4265918666, 2813778286, 1199889537, 3769681090]",1,4029182149,"{'ilp_objective': 4000.1850939921896, 'ilp_expected_objective': 4000.1850939921896, 'ilp_expected_throughput_term': 0.18509399218934652, 'ilp_covered_requests': 4, 'ilp_selected_tree_count': 7, 'deployed_source_count': 40, 'ilp_objective_mode': 'coverage_expected_throughput', 'ilp_use_redundancy_reward': False, 'ilp_spend_remaining_budget_after_solve': True, 'ilp_status': 'OPTIMAL', 'ilp_candidate_seed': 1934997417, 'ilp_solver_seed': 1714257075, 'ilp_selected_trees': 7, 'ilp_candidate_tree_counts': {0: 4, 1: 4, 2: 4, 3: 4}, 'ilp_minimum_routing_source_placement': {(0, 1): 1, (0, 5): 1, (1, 2): 1, (2, 3): 1, (3, 4): 2, (3, 8): 2, (4, 9): 3, (5, 10): 1, (6, 7): 1, (6, 11): 1, (7, 8): 2, (7, 12): 2, (8, 9): 2, (8, 13): 2, (9, 14): 1, (10, 15): 1, (11, 12): 1, (12, 13): 3, (12, 17): 1, (13, 14): 1, (13, 18): 2, (14, 19): 2, (17, 18): 1, (18, 19): 1, (19, 24): 1, (21, 22): 1, (22, 23): 1, (23, 24): 1}, 'ilp_optimized_z_used_budget': 40, 'ilp_deployed_used_budget': 40, 'ilp_redundant_used_budget': 40, 'ilp_redundant_routing_source_placement': {(0, 1): 1, (0, 5): 1, (1, 2): 1, (2, 3): 1, (3, 4): 2, (3, 8): 2, (4, 9): 3, (5, 10): 1, (6, 7): 1, (6, 11): 1, (7, 8): 2, (7, 12): 2, (8, 9): 2, (8, 13): 2, (9, 14): 1, (10, 15): 1, (11, 12): 1, (12, 13): 3, (12, 17): 1, (13, 14): 1, (13, 18): 2, (14, 19): 2, (17, 18): 1, (18, 19): 1, (19, 24): 1, (21, 22): 1, (22, 23): 1, (23, 24): 1}, 'ilp_redundant_memory_load': {0: 2, 1: 2, 2: 2, 3: 5, 4: 5, 5: 2, 6: 2, 7: 5, 8: 8, 9: 6, 10: 2, 11: 2, 12: 7, 13: 8, 14: 4, 15: 1, 17: 2, 18: 4, 19: 4, 21: 1, 22: 2, 23: 2, 24: 2}, 'used_budget': 40, 'candidate_edge_count': 40, 'effective_capacity': 240}",,,,,,,,
ILP-MP_t,edge_capacity,6,6,593145736,,25,40,10.0,SUMMARY,1.0,1.0,1.0,,,,,,,,,,,,,,,0.03413399999999456,0.0007198999999999955,0.0018421999999986838,0.03597619999999324,0.037207999999999686,0.037207999999999686,,,,,,,1,,,0.0,0.0,0.0,0.0,0.0,0.0,0.0,0.0
