algorithm,sweep_parameter,sweep_value,operation_probability,request_seed,topology_seed,num_nodes,num_edges,average_edge_length_km,trial,throughput_qbps,realized_throughput,realized_successful_ghz_count,ilp_expected_objective,ilp_expected_throughput_term,ilp_covered_requests,ilp_selected_tree_count,deployed_source_count,served_requests,failed_requests,per_request_ghz,request_batch,ordered_requests,cost,used_budget,candidate_edge_count,effective_capacity,placement_runtime,link_deployment_runtime,routing_runtime,placement_and_routing_runtime,algorithm_running_time,total_runtime,deployed_dict,seed,source_seed,link_seed,operation_seed_base,request_operation_seeds,master_seed,request_order_seed,source_metadata,ci95_halfwidth,throughput_ci95_halfwidth,placement_runtime_ci95_halfwidth,link_deployment_runtime_ci95_halfwidth,routing_runtime_ci95_halfwidth,placement_and_routing_runtime_ci95_halfwidth,algorithm_running_time_ci95_halfwidth,total_runtime_ci95_halfwidth
BT-MP_t,operation_probability,0.8,0.8,593145736,,25,40,10.0,0,1.0,1.0,1.0,,,,,40,1,3,"[0, 0, 1, 0]","[[4, 18, 12], [19, 13, 21], [3, 1, 15], [12, 6, 4]]","[[4, 18, 12], [19, 13, 21], [3, 1, 15], [12, 6, 4]]",40,40,40,160,0.002344599999999808,0.0005692999999995507,0.0017157000000000977,0.004060299999999906,0.005113999999999841,0.005113999999999841,"{(12, 13): 1, (7, 12): 1, (11, 12): 1, (12, 17): 1, (6, 7): 1, (7, 8): 1, (6, 11): 1, (8, 13): 1, (11, 16): 1, (13, 18): 1, (16, 17): 1, (17, 18): 1, (2, 7): 1, (10, 11): 1, (13, 14): 1, (17, 22): 1, (16, 21): 1, (18, 19): 1, (18, 23): 1, (3, 8): 1, (5, 6): 1, (8, 9): 1, (15, 16): 1, (1, 6): 1, (1, 2): 1, (2, 3): 1, (5, 10): 1, (9, 14): 1, (10, 15): 1, (14, 19): 1, (21, 22): 1, (22, 23): 1, (4, 9): 1, (0, 1): 1, (0, 5): 1, (3, 4): 1, (15, 20): 1, (19, 24): 1, (20, 21): 1, (23, 24): 1}",1917356134,3074377297,2012288188,689960118,"[4265918666, 2813778286, 1199889537, 3769681090]",1,4029182149,"{'betweenness_scores': {(0, 1): 0.04896031746031746, (0, 5): 0.04896031746031746, (1, 2): 0.06992857142857144, (1, 6): 0.0758253968253968, (5, 6): 0.07582539682539681, (5, 10): 0.06992857142857144, (2, 3): 0.06992857142857144, (2, 7): 0.08376190476190479, (6, 7): 0.11528571428571432, (6, 11): 0.11528571428571428, (3, 4): 0.04896031746031746, (3, 8): 0.07582539682539681, (7, 8): 0.11528571428571431, (7, 12): 0.12957142857142856, (4, 9): 0.04896031746031747, (8, 9): 0.07582539682539681, (8, 13): 0.11528571428571428, (9, 14): 0.06992857142857144, (10, 11): 0.08376190476190479, (10, 15): 0.06992857142857144, (11, 12): 0.12957142857142856, (11, 16): 0.11528571428571428, (12, 13): 0.1295714285714286, (12, 17): 0.12957142857142856, (13, 14): 0.08376190476190479, (13, 18): 0.11528571428571428, (14, 19): 0.06992857142857144, (15, 16): 0.07582539682539681, (15, 20): 0.04896031746031746, (16, 17): 0.11528571428571428, (16, 21): 0.07582539682539682, (17, 18): 0.11528571428571428, (17, 22): 0.08376190476190476, (18, 19): 0.07582539682539682, (18, 23): 0.07582539682539682, (19, 24): 0.04896031746031746, (20, 21): 0.04896031746031746, (21, 22): 0.06992857142857144, (22, 23): 0.06992857142857144, (23, 24): 0.04896031746031746}, 'allocation': {(0, 1): 1, (0, 5): 1, (1, 2): 1, (1, 6): 1, (2, 3): 1, (2, 7): 1, (3, 4): 1, (3, 8): 1, (4, 9): 1, (5, 6): 1, (5, 10): 1, (6, 7): 1, (6, 11): 1, (7, 8): 1, (7, 12): 1, (8, 9): 1, (8, 13): 1, (9, 14): 1, (10, 11): 1, (10, 15): 1, (11, 12): 1, (11, 16): 1, (12, 13): 1, (12, 17): 1, (13, 14): 1, (13, 18): 1, (14, 19): 1, (15, 16): 1, (15, 20): 1, (16, 17): 1, (16, 21): 1, (17, 18): 1, (17, 22): 1, (18, 19): 1, (18, 23): 1, (19, 24): 1, (20, 21): 1, (21, 22): 1, (22, 23): 1, (23, 24): 1}, 'used_budget': 40, 'candidate_edge_count': 40, 'effective_capacity': 160}",,,,,,,,
BT-MP_t,operation_probability,0.8,0.8,593145736,,25,40,10.0,SUMMARY,1.0,1.0,1.0,,,,,,,,,,,,,,,0.002344599999999808,0.0005692999999995507,0.0017157000000000977,0.004060299999999906,0.005113999999999841,0.005113999999999841,,,,,,,1,,,0.0,0.0,0.0,0.0,0.0,0.0,0.0,0.0
DP-MP_t,operation_probability,0.8,0.8,593145736,,25,40,10.0,0,1.0,1.0,1.0,,,,,40,1,3,"[1, 0, 0, 0]","[[4, 18, 12], [19, 13, 21], [3, 1, 15], [12, 6, 4]]","[[4, 18, 12], [19, 13, 21], [3, 1, 15], [12, 6, 4]]",40,40,40,160,0.027446199999999976,0.0003986000000004708,0.0015014999999998224,0.0289476999999998,0.029663799999999796,0.029663799999999796,"{(1, 2): 2, (1, 6): 2, (2, 3): 2, (3, 4): 2, (3, 8): 1, (4, 9): 2, (5, 10): 1, (6, 7): 1, (6, 11): 2, (7, 8): 2, (7, 12): 2, (8, 9): 1, (8, 13): 1, (9, 14): 1, (10, 15): 2, (11, 12): 2, (11, 16): 1, (12, 13): 2, (12, 17): 2, (13, 14): 2, (13, 18): 2, (14, 19): 1, (16, 21): 1, (17, 18): 1, (18, 19): 1, (21, 22): 1}",1401080234,1198487884,2012288188,689960118,"[4265918666, 2813778286, 1199889537, 3769681090]",1,4029182149,"{'used_budget': 40, 'candidate_edge_count': 40, 'effective_capacity': 160, 'dp_candidate_seed': 3229805457, 'dp_candidate_tree_counts': {0: 4, 1: 4, 2: 4, 3: 4}, 'dp_path_edge_count': 40, 'dp_allocation': {(0, 1): 0, (0, 5): 0, (1, 2): 2, (1, 6): 2, (2, 3): 2, (2, 7): 0, (3, 4): 2, (3, 8): 1, (4, 9): 2, (5, 6): 0, (5, 10): 1, (6, 7): 1, (6, 11): 2, (7, 8): 2, (7, 12): 2, (8, 9): 1, (8, 13): 1, (9, 14): 1, (10, 11): 0, (10, 15): 2, (11, 12): 2, (11, 16): 1, (12, 13): 2, (12, 17): 2, (13, 14): 2, (13, 18): 2, (14, 19): 1, (15, 16): 0, (15, 20): 0, (16, 17): 0, (16, 21): 1, (17, 18): 1, (17, 22): 0, (18, 19): 1, (18, 23): 0, (19, 24): 0, (20, 21): 0, (21, 22): 1, (22, 23): 0, (23, 24): 0}, 'dp_value': 9.23239019011518, 'dp_parts': {'F_topo': {(3, 4): 0.6617981174942295, (3, 8): 0.9259980525802042, (8, 13): 0.9578059071728648, (13, 18): 0.9675430055175571, (4, 9): 0.5709185329437713, (8, 9): 0.2671210645893824, (9, 14): 0.40214216163577754, (13, 14): 0.3326841934436417, (14, 19): 0.4904251866276513, (18, 19): 0.72963323596225, (2, 3): 0.6975008114247667, (2, 7): 0.39857189224272405, (7, 12): 0.7182732878934429, (7, 8): 0.5443037974682803, (12, 13): 0.9999999999998637, (1, 2): 0.6062966569294855, (1, 6): 0.7705290490099567, (6, 11): 0.881207400194622, (11, 16): 0.6919831223627751, (16, 21): 0.7101590392728669, (6, 7): 0.7426160337551729, (11, 12): 0.6432976306393149, (12, 17): 0.5705939629989485, (16, 17): 0.7169750081141508, (17, 18): 0.8493995456019614, (17, 22): 0.20772476468676174, (21, 22): 0.372606296656879, (18, 23): 0.08893216488151985, (22, 23): 0.12690684842581848, (19, 24): 0.0, (23, 24): 0.0, (0, 1): 0.006815968841284368, (0, 5): 0.006815968841284368, (5, 10): 0.12236286919829556, (10, 15): 0.3612463485880717, (5, 6): 0.07757221681271256, (10, 11): 0.20090879584547738, (15, 16): 0.7215189873416737, (20, 21): 0.030185004868545064, (15, 20): 0.030185004868545064}, 'F_demand': {(0, 1): 0.16666666666663887, (0, 5): 0.16666666666663887, (1, 2): 0.6666666666665555, (1, 6): 0.6666666666665555, (2, 3): 0.8333333333331945, (2, 7): 0.16666666666663887, (3, 4): 0.6666666666665555, (3, 8): 0.4999999999999167, (4, 9): 0.6666666666665555, (5, 6): 0.16666666666663887, (5, 10): 0.33333333333327775, (6, 7): 0.4999999999999167, (6, 11): 0.6666666666665555, (7, 8): 0.4999999999999167, (7, 12): 0.6666666666665555, (8, 9): 0.33333333333327775, (8, 13): 0.33333333333327775, (9, 14): 0.33333333333327775, (10, 11): 0.16666666666663887, (10, 15): 0.4999999999999167, (11, 12): 0.4999999999999167, (11, 16): 0.33333333333327775, (12, 13): 0.9999999999998334, (12, 17): 0.4999999999999167, (13, 14): 0.4999999999999167, (13, 18): 0.6666666666665555, (14, 19): 0.4999999999999167, (15, 16): 0.16666666666663887, (15, 20): 0.0, (16, 17): 0.16666666666663887, (16, 21): 0.33333333333327775, (17, 18): 0.4999999999999167, (17, 22): 0.16666666666663887, (18, 19): 0.4999999999999167, (18, 23): 0.0, (19, 24): 0.16666666666663887, (20, 21): 0.0, (21, 22): 0.33333333333327775, (22, 23): 0.16666666666663887, (23, 24): 0.16666666666663887}, 'F_qual': {(0, 1): 0.0, (0, 5): 0.0, (1, 2): 0.0, (1, 6): 0.0, (2, 3): 0.0, (2, 7): 0.0, (3, 4): 0.0, (3, 8): 0.0, (4, 9): 0.0, (5, 6): 0.0, (5, 10): 0.0, (6, 7): 0.0, (6, 11): 0.0, (7, 8): 0.0, (7, 12): 0.0, (8, 9): 0.0, (8, 13): 0.0, (9, 14): 0.0, (10, 11): 0.0, (10, 15): 0.0, (11, 12): 0.0, (11, 16): 0.0, (12, 13): 0.0, (12, 17): 0.0, (13, 14): 0.0, (13, 18): 0.0, (14, 19): 0.0, (15, 16): 0.0, (15, 20): 0.0, (16, 17): 0.0, (16, 21): 0.0, (17, 18): 0.0, (17, 22): 0.0, (18, 19): 0.0, (18, 23): 0.0, (19, 24): 0.0, (20, 21): 0.0, (21, 22): 0.0, (22, 23): 0.0, (23, 24): 0.0}, 'F_overlap': {(0, 1): 0.0, (0, 5): 0.0, (1, 2): 0.0, (1, 6): 0.0, (2, 3): 0.0, (2, 7): 0.0, (3, 4): 0.0, (3, 8): 0.0, (4, 9): 0.0, (5, 6): 0.0, (5, 10): 0.0, (6, 7): 0.0, (6, 11): 0.0, (7, 8): 0.0, (7, 12): 0.0, (8, 9): 0.0, (8, 13): 0.0, (9, 14): 0.0, (10, 11): 0.0, (10, 15): 0.0, (11, 12): 0.0, (11, 16): 0.0, (12, 13): 0.0, (12, 17): 0.0, (13, 14): 0.0, (13, 18): 0.0, (14, 19): 0.0, (15, 16): 0.0, (15, 20): 0.0, (16, 17): 0.0, (16, 21): 0.0, (17, 18): 0.0, (17, 22): 0.0, (18, 19): 0.0, (18, 23): 0.0, (19, 24): 0.0, (20, 21): 0.0, (21, 22): 0.0, (22, 23): 0.0, (23, 24): 0.0}}, 'dp_total_pairs': 40}",,,,,,,,
DP-MP_t,operation_probability,0.8,0.8,593145736,,25,40,10.0,SUMMARY,1.0,1.0,1.0,,,,,,,,,,,,,,,0.027446199999999976,0.0003986000000004708,0.0015014999999998224,0.0289476999999998,0.029663799999999796,0.029663799999999796,,,,,,,1,,,0.0,0.0,0.0,0.0,0.0,0.0,0.0,0.0
LP_R-MP_t,operation_probability,0.8,0.8,593145736,,25,40,10.0,0,1.0,1.0,1.0,4000.1281075010907,0.12810750108999008,4,7,40,1,3,"[1, 0, 0, 0]","[[4, 18, 12], [19, 13, 21], [3, 1, 15], [12, 6, 4]]","[[4, 18, 12], [19, 13, 21], [3, 1, 15], [12, 6, 4]]",40,40,40,160,0.49269619999999925,0.0005766999999998745,0.0017940999999996876,0.49449029999999894,0.49547410000000003,0.49547410000000003,"{(0, 1): 1, (0, 5): 1, (1, 2): 1, (2, 3): 1, (3, 4): 2, (3, 8): 2, (4, 9): 3, (5, 10): 1, (6, 7): 2, (6, 11): 1, (7, 8): 2, (7, 12): 2, (8, 9): 2, (8, 13): 2, (9, 14): 1, (10, 15): 1, (11, 12): 1, (12, 13): 2, (12, 17): 1, (13, 14): 1, (13, 18): 3, (14, 19): 2, (17, 18): 2, (17, 22): 1, (18, 19): 1, (21, 22): 1}",148139878,1899179786,2012288188,689960118,"[4265918666, 2813778286, 1199889537, 3769681090]",1,4029182149,"{'lp_objective': 4000.1281075010907, 'ilp_expected_objective': 4000.1281075010907, 'ilp_expected_throughput_term': 0.12810750108999008, 'ilp_covered_requests': 4, 'ilp_selected_tree_count': 7, 'deployed_source_count': 40, 'ilp_objective_mode': 'coverage_expected_throughput', 'lp_status': 'OPTIMAL', 'lp_candidate_seed': 1934997417, 'lp_solver_seed': 1901584977, 'lp_selected_trees': 7, 'lp_candidate_tree_counts': {0: 10, 1: 8, 2: 5, 3: 11}, 'lp_minimum_routing_source_placement': None, 'lp_used_budget': 40, 'lp_memory_load': {0: 2, 1: 2, 2: 2, 3: 5, 4: 5, 5: 2, 6: 3, 7: 6, 8: 8, 9: 6, 10: 2, 11: 2, 12: 6, 13: 8, 14: 4, 15: 1, 17: 4, 18: 6, 19: 3, 21: 1, 22: 2}, 'used_budget': 40, 'candidate_edge_count': 40, 'effective_capacity': 160}",,,,,,,,
LP_R-MP_t,operation_probability,0.8,0.8,593145736,,25,40,10.0,SUMMARY,1.0,1.0,1.0,,,,,,,,,,,,,,,0.49269619999999925,0.0005766999999998745,0.0017940999999996876,0.49449029999999894,0.49547410000000003,0.49547410000000003,,,,,,,1,,,0.0,0.0,0.0,0.0,0.0,0.0,0.0,0.0
ILP_CG-MP_t,operation_probability,0.8,0.8,593145736,,25,40,10.0,0,0.0,0.0,0.0,4000.0966097636356,0.09660976363498504,4,7,40,0,4,"[0, 0, 0, 0]","[[4, 18, 12], [19, 13, 21], [3, 1, 15], [12, 6, 4]]","[[4, 18, 12], [19, 13, 21], [3, 1, 15], [12, 6, 4]]",40,40,40,160,0.518707599999999,0.0008323000000007852,0.0011318000000013484,0.5198394000000004,0.5210185000000003,0.5210185000000003,"{(0, 1): 1, (0, 5): 1, (1, 2): 2, (1, 6): 1, (2, 3): 3, (2, 7): 1, (3, 4): 2, (3, 8): 1, (4, 9): 1, (5, 10): 1, (6, 7): 2, (6, 11): 1, (7, 8): 2, (7, 12): 3, (8, 9): 1, (10, 15): 1, (11, 16): 1, (12, 17): 1, (13, 14): 2, (13, 18): 1, (14, 19): 2, (15, 16): 1, (17, 18): 2, (17, 22): 1, (19, 24): 1, (21, 22): 2, (22, 23): 1, (23, 24): 1}",3403111947,1899179786,2012288188,689960118,"[4265918666, 2813778286, 1199889537, 3769681090]",1,4029182149,"{'ilp_objective': 4000.0966097636356, 'ilp_expected_objective': 4000.0966097636356, 'ilp_expected_throughput_term': 0.09660976363498504, 'ilp_covered_requests': 4, 'ilp_selected_tree_count': 7, 'deployed_source_count': 40, 'ilp_objective_mode': 'coverage_expected_throughput', 'ilp_use_redundancy_reward': False, 'ilp_spend_remaining_budget_after_solve': True, 'ilp_status': 'OPTIMAL', 'ilp_cg_iterations': 1, 'ilp_cg_added_columns': 4, 'ilp_cg_pricing_mode': 'candidate_pool_exact', 'ilp_cg_pricing_pool_trees': 32, 'ilp_cg_pricing_pool_seed': 1934997417, 'ilp_cg_initial_seed': 1934997417, 'ilp_cg_final_solver_seed': 4122478884, 'ilp_cg_max_trees_per_request': 2, 'ilp_cg_max_pricing_columns_per_request': 1, 'ilp_selected_trees': 7, 'ilp_candidate_tree_counts': {0: 3, 1: 3, 2: 3, 3: 3}, 'ilp_minimum_routing_source_placement': {(0, 1): 1, (0, 5): 1, (1, 2): 2, (1, 6): 1, (2, 3): 3, (2, 7): 1, (3, 4): 2, (3, 8): 1, (4, 9): 1, (5, 10): 1, (6, 7): 2, (6, 11): 1, (7, 8): 2, (7, 12): 3, (8, 9): 1, (10, 15): 1, (11, 16): 1, (12, 17): 1, (13, 14): 2, (13, 18): 1, (14, 19): 2, (15, 16): 1, (17, 18): 2, (17, 22): 1, (19, 24): 1, (21, 22): 2, (22, 23): 1, (23, 24): 1}, 'ilp_optimized_z_used_budget': 40, 'ilp_deployed_used_budget': 40, 'ilp_redundant_used_budget': 40, 'ilp_redundant_routing_source_placement': {(0, 1): 1, (0, 5): 1, (1, 2): 2, (1, 6): 1, (2, 3): 3, (2, 7): 1, (3, 4): 2, (3, 8): 1, (4, 9): 1, (5, 10): 1, (6, 7): 2, (6, 11): 1, (7, 8): 2, (7, 12): 3, (8, 9): 1, (10, 15): 1, (11, 16): 1, (12, 17): 1, (13, 14): 2, (13, 18): 1, (14, 19): 2, (15, 16): 1, (17, 18): 2, (17, 22): 1, (19, 24): 1, (21, 22): 2, (22, 23): 1, (23, 24): 1}, 'ilp_redundant_memory_load': {0: 2, 1: 4, 2: 6, 3: 6, 4: 3, 5: 2, 6: 4, 7: 8, 8: 4, 9: 2, 10: 2, 11: 2, 12: 4, 13: 3, 14: 4, 15: 2, 16: 2, 17: 4, 18: 3, 19: 3, 21: 2, 22: 4, 23: 2, 24: 2}, 'used_budget': 40, 'candidate_edge_count': 40, 'effective_capacity': 160}",,,,,,,,
ILP_CG-MP_t,operation_probability,0.8,0.8,593145736,,25,40,10.0,SUMMARY,0.0,0.0,0.0,,,,,,,,,,,,,,,0.518707599999999,0.0008323000000007852,0.0011318000000013484,0.5198394000000004,0.5210185000000003,0.5210185000000003,,,,,,,1,,,0.0,0.0,0.0,0.0,0.0,0.0,0.0,0.0
ILP-MP_t,operation_probability,0.8,0.8,593145736,,25,40,10.0,0,1.0,1.0,1.0,4000.0966097636356,0.09660976363498502,4,7,40,1,3,"[1, 0, 0, 0]","[[4, 18, 12], [19, 13, 21], [3, 1, 15], [12, 6, 4]]","[[4, 18, 12], [19, 13, 21], [3, 1, 15], [12, 6, 4]]",40,40,40,160,0.031316099999999736,0.0005298000000006908,0.0010852000000003414,0.03240130000000008,0.03343070000000026,0.03343070000000026,"{(0, 1): 1, (0, 5): 1, (1, 2): 1, (2, 3): 1, (3, 4): 2, (3, 8): 2, (4, 9): 3, (5, 10): 1, (6, 7): 1, (6, 11): 1, (7, 8): 2, (7, 12): 2, (8, 9): 2, (8, 13): 2, (9, 14): 1, (10, 15): 1, (11, 12): 1, (12, 13): 3, (12, 17): 1, (13, 14): 1, (13, 18): 2, (14, 19): 2, (17, 18): 1, (18, 19): 1, (19, 24): 1, (21, 22): 1, (22, 23): 1, (23, 24): 1}",314954152,1899179786,2012288188,689960118,"[4265918666, 2813778286, 1199889537, 3769681090]",1,4029182149,"{'ilp_objective': 4000.0966097636356, 'ilp_expected_objective': 4000.0966097636356, 'ilp_expected_throughput_term': 0.09660976363498502, 'ilp_covered_requests': 4, 'ilp_selected_tree_count': 7, 'deployed_source_count': 40, 'ilp_objective_mode': 'coverage_expected_throughput', 'ilp_use_redundancy_reward': False, 'ilp_spend_remaining_budget_after_solve': True, 'ilp_status': 'OPTIMAL', 'ilp_candidate_seed': 1934997417, 'ilp_solver_seed': 1714257075, 'ilp_selected_trees': 7, 'ilp_candidate_tree_counts': {0: 4, 1: 4, 2: 4, 3: 4}, 'ilp_minimum_routing_source_placement': {(0, 1): 1, (0, 5): 1, (1, 2): 1, (2, 3): 1, (3, 4): 2, (3, 8): 2, (4, 9): 3, (5, 10): 1, (6, 7): 1, (6, 11): 1, (7, 8): 2, (7, 12): 2, (8, 9): 2, (8, 13): 2, (9, 14): 1, (10, 15): 1, (11, 12): 1, (12, 13): 3, (12, 17): 1, (13, 14): 1, (13, 18): 2, (14, 19): 2, (17, 18): 1, (18, 19): 1, (19, 24): 1, (21, 22): 1, (22, 23): 1, (23, 24): 1}, 'ilp_optimized_z_used_budget': 40, 'ilp_deployed_used_budget': 40, 'ilp_redundant_used_budget': 40, 'ilp_redundant_routing_source_placement': {(0, 1): 1, (0, 5): 1, (1, 2): 1, (2, 3): 1, (3, 4): 2, (3, 8): 2, (4, 9): 3, (5, 10): 1, (6, 7): 1, (6, 11): 1, (7, 8): 2, (7, 12): 2, (8, 9): 2, (8, 13): 2, (9, 14): 1, (10, 15): 1, (11, 12): 1, (12, 13): 3, (12, 17): 1, (13, 14): 1, (13, 18): 2, (14, 19): 2, (17, 18): 1, (18, 19): 1, (19, 24): 1, (21, 22): 1, (22, 23): 1, (23, 24): 1}, 'ilp_redundant_memory_load': {0: 2, 1: 2, 2: 2, 3: 5, 4: 5, 5: 2, 6: 2, 7: 5, 8: 8, 9: 6, 10: 2, 11: 2, 12: 7, 13: 8, 14: 4, 15: 1, 17: 2, 18: 4, 19: 4, 21: 1, 22: 2, 23: 2, 24: 2}, 'used_budget': 40, 'candidate_edge_count': 40, 'effective_capacity': 160}",,,,,,,,
ILP-MP_t,operation_probability,0.8,0.8,593145736,,25,40,10.0,SUMMARY,1.0,1.0,1.0,,,,,,,,,,,,,,,0.031316099999999736,0.0005298000000006908,0.0010852000000003414,0.03240130000000008,0.03343070000000026,0.03343070000000026,,,,,,,1,,,0.0,0.0,0.0,0.0,0.0,0.0,0.0,0.0
BT-MP_t,operation_probability,0.85,0.85,593145736,,25,40,10.0,0,1.0,1.0,1.0,,,,,40,1,3,"[1, 0, 0, 0]","[[4, 18, 12], [19, 13, 21], [3, 1, 15], [12, 6, 4]]","[[4, 18, 12], [19, 13, 21], [3, 1, 15], [12, 6, 4]]",40,40,40,160,0.0037383000000001942,0.0006038999999997685,0.002240399999999809,0.0059787000000000035,0.00706319999999927,0.00706319999999927,"{(12, 13): 1, (7, 12): 1, (11, 12): 1, (12, 17): 1, (6, 7): 1, (7, 8): 1, (6, 11): 1, (8, 13): 1, (11, 16): 1, (13, 18): 1, (16, 17): 1, (17, 18): 1, (2, 7): 1, (10, 11): 1, (13, 14): 1, (17, 22): 1, (16, 21): 1, (18, 19): 1, (18, 23): 1, (3, 8): 1, (5, 6): 1, (8, 9): 1, (15, 16): 1, (1, 6): 1, (1, 2): 1, (2, 3): 1, (5, 10): 1, (9, 14): 1, (10, 15): 1, (14, 19): 1, (21, 22): 1, (22, 23): 1, (4, 9): 1, (0, 1): 1, (0, 5): 1, (3, 4): 1, (15, 20): 1, (19, 24): 1, (20, 21): 1, (23, 24): 1}",1917356134,3074377297,2012288188,689960118,"[4265918666, 2813778286, 1199889537, 3769681090]",1,4029182149,"{'betweenness_scores': {(0, 1): 0.04896031746031746, (0, 5): 0.04896031746031746, (1, 2): 0.06992857142857144, (1, 6): 0.0758253968253968, (5, 6): 0.07582539682539681, (5, 10): 0.06992857142857144, (2, 3): 0.06992857142857144, (2, 7): 0.08376190476190479, (6, 7): 0.11528571428571432, (6, 11): 0.11528571428571428, (3, 4): 0.04896031746031746, (3, 8): 0.07582539682539681, (7, 8): 0.11528571428571431, (7, 12): 0.12957142857142856, (4, 9): 0.04896031746031747, (8, 9): 0.07582539682539681, (8, 13): 0.11528571428571428, (9, 14): 0.06992857142857144, (10, 11): 0.08376190476190479, (10, 15): 0.06992857142857144, (11, 12): 0.12957142857142856, (11, 16): 0.11528571428571428, (12, 13): 0.1295714285714286, (12, 17): 0.12957142857142856, (13, 14): 0.08376190476190479, (13, 18): 0.11528571428571428, (14, 19): 0.06992857142857144, (15, 16): 0.07582539682539681, (15, 20): 0.04896031746031746, (16, 17): 0.11528571428571428, (16, 21): 0.07582539682539682, (17, 18): 0.11528571428571428, (17, 22): 0.08376190476190476, (18, 19): 0.07582539682539682, (18, 23): 0.07582539682539682, (19, 24): 0.04896031746031746, (20, 21): 0.04896031746031746, (21, 22): 0.06992857142857144, (22, 23): 0.06992857142857144, (23, 24): 0.04896031746031746}, 'allocation': {(0, 1): 1, (0, 5): 1, (1, 2): 1, (1, 6): 1, (2, 3): 1, (2, 7): 1, (3, 4): 1, (3, 8): 1, (4, 9): 1, (5, 6): 1, (5, 10): 1, (6, 7): 1, (6, 11): 1, (7, 8): 1, (7, 12): 1, (8, 9): 1, (8, 13): 1, (9, 14): 1, (10, 11): 1, (10, 15): 1, (11, 12): 1, (11, 16): 1, (12, 13): 1, (12, 17): 1, (13, 14): 1, (13, 18): 1, (14, 19): 1, (15, 16): 1, (15, 20): 1, (16, 17): 1, (16, 21): 1, (17, 18): 1, (17, 22): 1, (18, 19): 1, (18, 23): 1, (19, 24): 1, (20, 21): 1, (21, 22): 1, (22, 23): 1, (23, 24): 1}, 'used_budget': 40, 'candidate_edge_count': 40, 'effective_capacity': 160}",,,,,,,,
BT-MP_t,operation_probability,0.85,0.85,593145736,,25,40,10.0,SUMMARY,1.0,1.0,1.0,,,,,,,,,,,,,,,0.0037383000000001942,0.0006038999999997685,0.002240399999999809,0.0059787000000000035,0.00706319999999927,0.00706319999999927,,,,,,,1,,,0.0,0.0,0.0,0.0,0.0,0.0,0.0,0.0
DP-MP_t,operation_probability,0.85,0.85,593145736,,25,40,10.0,0,1.0,1.0,1.0,,,,,40,1,3,"[1, 0, 0, 0]","[[4, 18, 12], [19, 13, 21], [3, 1, 15], [12, 6, 4]]","[[4, 18, 12], [19, 13, 21], [3, 1, 15], [12, 6, 4]]",40,40,40,160,0.034423999999999566,0.0006544999999995582,0.002293199999998663,0.03671719999999823,0.037763500000000505,0.037763500000000505,"{(1, 2): 2, (1, 6): 2, (2, 3): 2, (3, 4): 2, (3, 8): 2, (4, 9): 2, (5, 10): 1, (6, 7): 2, (6, 11): 2, (7, 8): 2, (7, 12): 2, (8, 9): 1, (8, 13): 1, (9, 14): 1, (10, 15): 2, (11, 12): 2, (11, 16): 1, (12, 13): 2, (12, 17): 1, (13, 14): 1, (13, 18): 2, (14, 19): 1, (16, 21): 1, (17, 18): 1, (18, 19): 1, (21, 22): 1}",1401080234,1198487884,2012288188,689960118,"[4265918666, 2813778286, 1199889537, 3769681090]",1,4029182149,"{'used_budget': 40, 'candidate_edge_count': 40, 'effective_capacity': 160, 'dp_candidate_seed': 3229805457, 'dp_candidate_tree_counts': {0: 4, 1: 4, 2: 4, 3: 4}, 'dp_path_edge_count': 40, 'dp_allocation': {(0, 1): 0, (0, 5): 0, (1, 2): 2, (1, 6): 2, (2, 3): 2, (2, 7): 0, (3, 4): 2, (3, 8): 2, (4, 9): 2, (5, 6): 0, (5, 10): 1, (6, 7): 2, (6, 11): 2, (7, 8): 2, (7, 12): 2, (8, 9): 1, (8, 13): 1, (9, 14): 1, (10, 11): 0, (10, 15): 2, (11, 12): 2, (11, 16): 1, (12, 13): 2, (12, 17): 1, (13, 14): 1, (13, 18): 2, (14, 19): 1, (15, 16): 0, (15, 20): 0, (16, 17): 0, (16, 21): 1, (17, 18): 1, (17, 22): 0, (18, 19): 1, (18, 23): 0, (19, 24): 0, (20, 21): 0, (21, 22): 1, (22, 23): 0, (23, 24): 0}, 'dp_value': 9.657138584260691, 'dp_parts': {'F_topo': {(3, 4): 0.6617981174942295, (3, 8): 0.9259980525802042, (8, 13): 0.9578059071728648, (13, 18): 0.9675430055175571, (4, 9): 0.5709185329437713, (8, 9): 0.2671210645893824, (9, 14): 0.40214216163577754, (13, 14): 0.3326841934436417, (14, 19): 0.4904251866276513, (18, 19): 0.72963323596225, (2, 3): 0.6975008114247667, (2, 7): 0.39857189224272405, (7, 12): 0.7182732878934429, (7, 8): 0.5443037974682803, (12, 13): 0.9999999999998637, (1, 2): 0.6062966569294855, (1, 6): 0.7705290490099567, (6, 11): 0.881207400194622, (11, 16): 0.6919831223627751, (16, 21): 0.7101590392728669, (6, 7): 0.7426160337551729, (11, 12): 0.6432976306393149, (12, 17): 0.5705939629989485, (16, 17): 0.7169750081141508, (17, 18): 0.8493995456019614, (17, 22): 0.20772476468676174, (21, 22): 0.372606296656879, (18, 23): 0.08893216488151985, (22, 23): 0.12690684842581848, (19, 24): 0.0, (23, 24): 0.0, (0, 1): 0.006815968841284368, (0, 5): 0.006815968841284368, (5, 10): 0.12236286919829556, (10, 15): 0.3612463485880717, (5, 6): 0.07757221681271256, (10, 11): 0.20090879584547738, (15, 16): 0.7215189873416737, (20, 21): 0.030185004868545064, (15, 20): 0.030185004868545064}, 'F_demand': {(0, 1): 0.16666666666663887, (0, 5): 0.16666666666663887, (1, 2): 0.6666666666665555, (1, 6): 0.6666666666665555, (2, 3): 0.8333333333331945, (2, 7): 0.16666666666663887, (3, 4): 0.6666666666665555, (3, 8): 0.4999999999999167, (4, 9): 0.6666666666665555, (5, 6): 0.16666666666663887, (5, 10): 0.33333333333327775, (6, 7): 0.4999999999999167, (6, 11): 0.6666666666665555, (7, 8): 0.4999999999999167, (7, 12): 0.6666666666665555, (8, 9): 0.33333333333327775, (8, 13): 0.33333333333327775, (9, 14): 0.33333333333327775, (10, 11): 0.16666666666663887, (10, 15): 0.4999999999999167, (11, 12): 0.4999999999999167, (11, 16): 0.33333333333327775, (12, 13): 0.9999999999998334, (12, 17): 0.4999999999999167, (13, 14): 0.4999999999999167, (13, 18): 0.6666666666665555, (14, 19): 0.4999999999999167, (15, 16): 0.16666666666663887, (15, 20): 0.0, (16, 17): 0.16666666666663887, (16, 21): 0.33333333333327775, (17, 18): 0.4999999999999167, (17, 22): 0.16666666666663887, (18, 19): 0.4999999999999167, (18, 23): 0.0, (19, 24): 0.16666666666663887, (20, 21): 0.0, (21, 22): 0.33333333333327775, (22, 23): 0.16666666666663887, (23, 24): 0.16666666666663887}, 'F_qual': {(0, 1): 0.0, (0, 5): 0.0, (1, 2): 0.0, (1, 6): 0.0, (2, 3): 0.0, (2, 7): 0.0, (3, 4): 0.0, (3, 8): 0.0, (4, 9): 0.0, (5, 6): 0.0, (5, 10): 0.0, (6, 7): 0.0, (6, 11): 0.0, (7, 8): 0.0, (7, 12): 0.0, (8, 9): 0.0, (8, 13): 0.0, (9, 14): 0.0, (10, 11): 0.0, (10, 15): 0.0, (11, 12): 0.0, (11, 16): 0.0, (12, 13): 0.0, (12, 17): 0.0, (13, 14): 0.0, (13, 18): 0.0, (14, 19): 0.0, (15, 16): 0.0, (15, 20): 0.0, (16, 17): 0.0, (16, 21): 0.0, (17, 18): 0.0, (17, 22): 0.0, (18, 19): 0.0, (18, 23): 0.0, (19, 24): 0.0, (20, 21): 0.0, (21, 22): 0.0, (22, 23): 0.0, (23, 24): 0.0}, 'F_overlap': {(0, 1): 0.0, (0, 5): 0.0, (1, 2): 0.0, (1, 6): 0.0, (2, 3): 0.0, (2, 7): 0.0, (3, 4): 0.0, (3, 8): 0.0, (4, 9): 0.0, (5, 6): 0.0, (5, 10): 0.0, (6, 7): 0.0, (6, 11): 0.0, (7, 8): 0.0, (7, 12): 0.0, (8, 9): 0.0, (8, 13): 0.0, (9, 14): 0.0, (10, 11): 0.0, (10, 15): 0.0, (11, 12): 0.0, (11, 16): 0.0, (12, 13): 0.0, (12, 17): 0.0, (13, 14): 0.0, (13, 18): 0.0, (14, 19): 0.0, (15, 16): 0.0, (15, 20): 0.0, (16, 17): 0.0, (16, 21): 0.0, (17, 18): 0.0, (17, 22): 0.0, (18, 19): 0.0, (18, 23): 0.0, (19, 24): 0.0, (20, 21): 0.0, (21, 22): 0.0, (22, 23): 0.0, (23, 24): 0.0}}, 'dp_total_pairs': 40}",,,,,,,,
DP-MP_t,operation_probability,0.85,0.85,593145736,,25,40,10.0,SUMMARY,1.0,1.0,1.0,,,,,,,,,,,,,,,0.034423999999999566,0.0006544999999995582,0.002293199999998663,0.03671719999999823,0.037763500000000505,0.037763500000000505,,,,,,,1,,,0.0,0.0,0.0,0.0,0.0,0.0,0.0,0.0
LP_R-MP_t,operation_probability,0.85,0.85,593145736,,25,40,10.0,0,1.0,1.0,1.0,4000.1762231706307,0.17622317063093135,4,7,40,1,3,"[1, 0, 0, 0]","[[4, 18, 12], [19, 13, 21], [3, 1, 15], [12, 6, 4]]","[[4, 18, 12], [19, 13, 21], [3, 1, 15], [12, 6, 4]]",40,40,40,160,0.5042910999999997,0.00043429999999844426,0.002266299999998722,0.5065573999999984,0.5074148999999988,0.5074148999999988,"{(0, 1): 1, (0, 5): 1, (1, 2): 2, (1, 6): 1, (2, 3): 2, (3, 4): 3, (3, 8): 2, (4, 9): 2, (5, 10): 1, (6, 7): 2, (6, 11): 1, (7, 8): 2, (7, 12): 2, (8, 9): 2, (8, 13): 2, (10, 15): 1, (11, 12): 1, (12, 13): 2, (12, 17): 1, (13, 14): 1, (13, 18): 3, (14, 19): 1, (17, 18): 1, (17, 22): 1, (18, 19): 1, (21, 22): 1}",148139878,1899179786,2012288188,689960118,"[4265918666, 2813778286, 1199889537, 3769681090]",1,4029182149,"{'lp_objective': 4000.1762231706307, 'ilp_expected_objective': 4000.1762231706307, 'ilp_expected_throughput_term': 0.17622317063093135, 'ilp_covered_requests': 4, 'ilp_selected_tree_count': 7, 'deployed_source_count': 40, 'ilp_objective_mode': 'coverage_expected_throughput', 'lp_status': 'OPTIMAL', 'lp_candidate_seed': 1934997417, 'lp_solver_seed': 1901584977, 'lp_selected_trees': 7, 'lp_candidate_tree_counts': {0: 10, 1: 8, 2: 5, 3: 11}, 'lp_minimum_routing_source_placement': None, 'lp_used_budget': 40, 'lp_memory_load': {0: 2, 1: 4, 2: 4, 3: 7, 4: 5, 5: 2, 6: 4, 7: 6, 8: 8, 9: 4, 10: 2, 11: 2, 12: 6, 13: 8, 14: 2, 15: 1, 17: 3, 18: 5, 19: 2, 21: 1, 22: 2}, 'used_budget': 40, 'candidate_edge_count': 40, 'effective_capacity': 160}",,,,,,,,
LP_R-MP_t,operation_probability,0.85,0.85,593145736,,25,40,10.0,SUMMARY,1.0,1.0,1.0,,,,,,,,,,,,,,,0.5042910999999997,0.00043429999999844426,0.002266299999998722,0.5065573999999984,0.5074148999999988,0.5074148999999988,,,,,,,1,,,0.0,0.0,0.0,0.0,0.0,0.0,0.0,0.0
ILP_CG-MP_t,operation_probability,0.85,0.85,593145736,,25,40,10.0,0,0.0,0.0,0.0,4000.1349502868215,0.13495028682139704,4,7,40,0,4,"[0, 0, 0, 0]","[[4, 18, 12], [19, 13, 21], [3, 1, 15], [12, 6, 4]]","[[4, 18, 12], [19, 13, 21], [3, 1, 15], [12, 6, 4]]",40,40,40,160,0.47407160000000026,0.000510699999999531,0.0008815000000002016,0.47495310000000046,0.47578730000000036,0.47578730000000036,"{(0, 1): 1, (0, 5): 1, (1, 2): 2, (1, 6): 1, (2, 3): 3, (2, 7): 1, (3, 4): 2, (3, 8): 1, (4, 9): 1, (5, 10): 1, (6, 7): 2, (6, 11): 1, (7, 8): 2, (7, 12): 3, (8, 9): 1, (10, 15): 1, (11, 16): 1, (12, 17): 1, (13, 14): 2, (13, 18): 1, (14, 19): 2, (15, 16): 1, (17, 18): 2, (17, 22): 1, (19, 24): 1, (21, 22): 2, (22, 23): 1, (23, 24): 1}",3403111947,1899179786,2012288188,689960118,"[4265918666, 2813778286, 1199889537, 3769681090]",1,4029182149,"{'ilp_objective': 4000.1349502868215, 'ilp_expected_objective': 4000.1349502868215, 'ilp_expected_throughput_term': 0.13495028682139704, 'ilp_covered_requests': 4, 'ilp_selected_tree_count': 7, 'deployed_source_count': 40, 'ilp_objective_mode': 'coverage_expected_throughput', 'ilp_use_redundancy_reward': False, 'ilp_spend_remaining_budget_after_solve': True, 'ilp_status': 'OPTIMAL', 'ilp_cg_iterations': 1, 'ilp_cg_added_columns': 4, 'ilp_cg_pricing_mode': 'candidate_pool_exact', 'ilp_cg_pricing_pool_trees': 32, 'ilp_cg_pricing_pool_seed': 1934997417, 'ilp_cg_initial_seed': 1934997417, 'ilp_cg_final_solver_seed': 4122478884, 'ilp_cg_max_trees_per_request': 2, 'ilp_cg_max_pricing_columns_per_request': 1, 'ilp_selected_trees': 7, 'ilp_candidate_tree_counts': {0: 3, 1: 3, 2: 3, 3: 3}, 'ilp_minimum_routing_source_placement': {(0, 1): 1, (0, 5): 1, (1, 2): 2, (1, 6): 1, (2, 3): 3, (2, 7): 1, (3, 4): 2, (3, 8): 1, (4, 9): 1, (5, 10): 1, (6, 7): 2, (6, 11): 1, (7, 8): 2, (7, 12): 3, (8, 9): 1, (10, 15): 1, (11, 16): 1, (12, 17): 1, (13, 14): 2, (13, 18): 1, (14, 19): 2, (15, 16): 1, (17, 18): 2, (17, 22): 1, (19, 24): 1, (21, 22): 2, (22, 23): 1, (23, 24): 1}, 'ilp_optimized_z_used_budget': 40, 'ilp_deployed_used_budget': 40, 'ilp_redundant_used_budget': 40, 'ilp_redundant_routing_source_placement': {(0, 1): 1, (0, 5): 1, (1, 2): 2, (1, 6): 1, (2, 3): 3, (2, 7): 1, (3, 4): 2, (3, 8): 1, (4, 9): 1, (5, 10): 1, (6, 7): 2, (6, 11): 1, (7, 8): 2, (7, 12): 3, (8, 9): 1, (10, 15): 1, (11, 16): 1, (12, 17): 1, (13, 14): 2, (13, 18): 1, (14, 19): 2, (15, 16): 1, (17, 18): 2, (17, 22): 1, (19, 24): 1, (21, 22): 2, (22, 23): 1, (23, 24): 1}, 'ilp_redundant_memory_load': {0: 2, 1: 4, 2: 6, 3: 6, 4: 3, 5: 2, 6: 4, 7: 8, 8: 4, 9: 2, 10: 2, 11: 2, 12: 4, 13: 3, 14: 4, 15: 2, 16: 2, 17: 4, 18: 3, 19: 3, 21: 2, 22: 4, 23: 2, 24: 2}, 'used_budget': 40, 'candidate_edge_count': 40, 'effective_capacity': 160}",,,,,,,,
ILP_CG-MP_t,operation_probability,0.85,0.85,593145736,,25,40,10.0,SUMMARY,0.0,0.0,0.0,,,,,,,,,,,,,,,0.47407160000000026,0.000510699999999531,0.0008815000000002016,0.47495310000000046,0.47578730000000036,0.47578730000000036,,,,,,,1,,,0.0,0.0,0.0,0.0,0.0,0.0,0.0,0.0
ILP-MP_t,operation_probability,0.85,0.85,593145736,,25,40,10.0,0,1.0,1.0,1.0,4000.134950286821,0.13495028682139704,4,7,40,1,3,"[1, 0, 0, 0]","[[4, 18, 12], [19, 13, 21], [3, 1, 15], [12, 6, 4]]","[[4, 18, 12], [19, 13, 21], [3, 1, 15], [12, 6, 4]]",40,40,40,160,0.03564580000000106,0.0004553000000004914,0.0016128999999995841,0.037258700000000644,0.038331799999999916,0.038331799999999916,"{(0, 1): 1, (0, 5): 1, (1, 2): 1, (2, 3): 1, (3, 4): 2, (3, 8): 2, (4, 9): 3, (5, 10): 1, (6, 7): 1, (6, 11): 1, (7, 8): 2, (7, 12): 2, (8, 9): 2, (8, 13): 2, (9, 14): 1, (10, 15): 1, (11, 12): 1, (12, 13): 3, (12, 17): 1, (13, 14): 1, (13, 18): 2, (14, 19): 2, (17, 18): 1, (18, 19): 1, (19, 24): 1, (21, 22): 1, (22, 23): 1, (23, 24): 1}",314954152,1899179786,2012288188,689960118,"[4265918666, 2813778286, 1199889537, 3769681090]",1,4029182149,"{'ilp_objective': 4000.134950286821, 'ilp_expected_objective': 4000.134950286821, 'ilp_expected_throughput_term': 0.13495028682139704, 'ilp_covered_requests': 4, 'ilp_selected_tree_count': 7, 'deployed_source_count': 40, 'ilp_objective_mode': 'coverage_expected_throughput', 'ilp_use_redundancy_reward': False, 'ilp_spend_remaining_budget_after_solve': True, 'ilp_status': 'OPTIMAL', 'ilp_candidate_seed': 1934997417, 'ilp_solver_seed': 1714257075, 'ilp_selected_trees': 7, 'ilp_candidate_tree_counts': {0: 4, 1: 4, 2: 4, 3: 4}, 'ilp_minimum_routing_source_placement': {(0, 1): 1, (0, 5): 1, (1, 2): 1, (2, 3): 1, (3, 4): 2, (3, 8): 2, (4, 9): 3, (5, 10): 1, (6, 7): 1, (6, 11): 1, (7, 8): 2, (7, 12): 2, (8, 9): 2, (8, 13): 2, (9, 14): 1, (10, 15): 1, (11, 12): 1, (12, 13): 3, (12, 17): 1, (13, 14): 1, (13, 18): 2, (14, 19): 2, (17, 18): 1, (18, 19): 1, (19, 24): 1, (21, 22): 1, (22, 23): 1, (23, 24): 1}, 'ilp_optimized_z_used_budget': 40, 'ilp_deployed_used_budget': 40, 'ilp_redundant_used_budget': 40, 'ilp_redundant_routing_source_placement': {(0, 1): 1, (0, 5): 1, (1, 2): 1, (2, 3): 1, (3, 4): 2, (3, 8): 2, (4, 9): 3, (5, 10): 1, (6, 7): 1, (6, 11): 1, (7, 8): 2, (7, 12): 2, (8, 9): 2, (8, 13): 2, (9, 14): 1, (10, 15): 1, (11, 12): 1, (12, 13): 3, (12, 17): 1, (13, 14): 1, (13, 18): 2, (14, 19): 2, (17, 18): 1, (18, 19): 1, (19, 24): 1, (21, 22): 1, (22, 23): 1, (23, 24): 1}, 'ilp_redundant_memory_load': {0: 2, 1: 2, 2: 2, 3: 5, 4: 5, 5: 2, 6: 2, 7: 5, 8: 8, 9: 6, 10: 2, 11: 2, 12: 7, 13: 8, 14: 4, 15: 1, 17: 2, 18: 4, 19: 4, 21: 1, 22: 2, 23: 2, 24: 2}, 'used_budget': 40, 'candidate_edge_count': 40, 'effective_capacity': 160}",,,,,,,,
ILP-MP_t,operation_probability,0.85,0.85,593145736,,25,40,10.0,SUMMARY,1.0,1.0,1.0,,,,,,,,,,,,,,,0.03564580000000106,0.0004553000000004914,0.0016128999999995841,0.037258700000000644,0.038331799999999916,0.038331799999999916,,,,,,,1,,,0.0,0.0,0.0,0.0,0.0,0.0,0.0,0.0
BT-MP_t,operation_probability,0.9,0.9,593145736,,25,40,10.0,0,1.0,1.0,1.0,,,,,40,1,3,"[1, 0, 0, 0]","[[4, 18, 12], [19, 13, 21], [3, 1, 15], [12, 6, 4]]","[[4, 18, 12], [19, 13, 21], [3, 1, 15], [12, 6, 4]]",40,40,40,160,0.0025460999999999956,0.000437899999999658,0.0016020999999994956,0.004148199999999491,0.004995200000001532,0.004995200000001532,"{(12, 13): 1, (7, 12): 1, (11, 12): 1, (12, 17): 1, (6, 7): 1, (7, 8): 1, (6, 11): 1, (8, 13): 1, (11, 16): 1, (13, 18): 1, (16, 17): 1, (17, 18): 1, (2, 7): 1, (10, 11): 1, (13, 14): 1, (17, 22): 1, (16, 21): 1, (18, 19): 1, (18, 23): 1, (3, 8): 1, (5, 6): 1, (8, 9): 1, (15, 16): 1, (1, 6): 1, (1, 2): 1, (2, 3): 1, (5, 10): 1, (9, 14): 1, (10, 15): 1, (14, 19): 1, (21, 22): 1, (22, 23): 1, (4, 9): 1, (0, 1): 1, (0, 5): 1, (3, 4): 1, (15, 20): 1, (19, 24): 1, (20, 21): 1, (23, 24): 1}",1917356134,3074377297,2012288188,689960118,"[4265918666, 2813778286, 1199889537, 3769681090]",1,4029182149,"{'betweenness_scores': {(0, 1): 0.04896031746031746, (0, 5): 0.04896031746031746, (1, 2): 0.06992857142857144, (1, 6): 0.0758253968253968, (5, 6): 0.07582539682539681, (5, 10): 0.06992857142857144, (2, 3): 0.06992857142857144, (2, 7): 0.08376190476190479, (6, 7): 0.11528571428571432, (6, 11): 0.11528571428571428, (3, 4): 0.04896031746031746, (3, 8): 0.07582539682539681, (7, 8): 0.11528571428571431, (7, 12): 0.12957142857142856, (4, 9): 0.04896031746031747, (8, 9): 0.07582539682539681, (8, 13): 0.11528571428571428, (9, 14): 0.06992857142857144, (10, 11): 0.08376190476190479, (10, 15): 0.06992857142857144, (11, 12): 0.12957142857142856, (11, 16): 0.11528571428571428, (12, 13): 0.1295714285714286, (12, 17): 0.12957142857142856, (13, 14): 0.08376190476190479, (13, 18): 0.11528571428571428, (14, 19): 0.06992857142857144, (15, 16): 0.07582539682539681, (15, 20): 0.04896031746031746, (16, 17): 0.11528571428571428, (16, 21): 0.07582539682539682, (17, 18): 0.11528571428571428, (17, 22): 0.08376190476190476, (18, 19): 0.07582539682539682, (18, 23): 0.07582539682539682, (19, 24): 0.04896031746031746, (20, 21): 0.04896031746031746, (21, 22): 0.06992857142857144, (22, 23): 0.06992857142857144, (23, 24): 0.04896031746031746}, 'allocation': {(0, 1): 1, (0, 5): 1, (1, 2): 1, (1, 6): 1, (2, 3): 1, (2, 7): 1, (3, 4): 1, (3, 8): 1, (4, 9): 1, (5, 6): 1, (5, 10): 1, (6, 7): 1, (6, 11): 1, (7, 8): 1, (7, 12): 1, (8, 9): 1, (8, 13): 1, (9, 14): 1, (10, 11): 1, (10, 15): 1, (11, 12): 1, (11, 16): 1, (12, 13): 1, (12, 17): 1, (13, 14): 1, (13, 18): 1, (14, 19): 1, (15, 16): 1, (15, 20): 1, (16, 17): 1, (16, 21): 1, (17, 18): 1, (17, 22): 1, (18, 19): 1, (18, 23): 1, (19, 24): 1, (20, 21): 1, (21, 22): 1, (22, 23): 1, (23, 24): 1}, 'used_budget': 40, 'candidate_edge_count': 40, 'effective_capacity': 160}",,,,,,,,
BT-MP_t,operation_probability,0.9,0.9,593145736,,25,40,10.0,SUMMARY,1.0,1.0,1.0,,,,,,,,,,,,,,,0.0025460999999999956,0.000437899999999658,0.0016020999999994956,0.004148199999999491,0.004995200000001532,0.004995200000001532,,,,,,,1,,,0.0,0.0,0.0,0.0,0.0,0.0,0.0,0.0
DP-MP_t,operation_probability,0.9,0.9,593145736,,25,40,10.0,0,1.0,1.0,1.0,,,,,40,1,3,"[1, 0, 0, 0]","[[4, 18, 12], [19, 13, 21], [3, 1, 15], [12, 6, 4]]","[[4, 18, 12], [19, 13, 21], [3, 1, 15], [12, 6, 4]]",40,40,40,160,0.032933800000000346,0.00043669999999984555,0.001626400000001027,0.03456020000000137,0.035345699999998814,0.035345699999998814,"{(1, 2): 2, (1, 6): 2, (2, 3): 2, (3, 4): 2, (3, 8): 1, (4, 9): 2, (5, 10): 1, (6, 7): 1, (6, 11): 2, (7, 8): 2, (7, 12): 2, (8, 9): 1, (8, 13): 1, (9, 14): 1, (10, 15): 2, (11, 12): 2, (11, 16): 1, (12, 13): 2, (12, 17): 2, (13, 14): 2, (13, 18): 2, (14, 19): 1, (16, 21): 1, (17, 18): 1, (18, 19): 1, (21, 22): 1}",1401080234,1198487884,2012288188,689960118,"[4265918666, 2813778286, 1199889537, 3769681090]",1,4029182149,"{'used_budget': 40, 'candidate_edge_count': 40, 'effective_capacity': 160, 'dp_candidate_seed': 3229805457, 'dp_candidate_tree_counts': {0: 4, 1: 4, 2: 4, 3: 4}, 'dp_path_edge_count': 40, 'dp_allocation': {(0, 1): 0, (0, 5): 0, (1, 2): 2, (1, 6): 2, (2, 3): 2, (2, 7): 0, (3, 4): 2, (3, 8): 1, (4, 9): 2, (5, 6): 0, (5, 10): 1, (6, 7): 1, (6, 11): 2, (7, 8): 2, (7, 12): 2, (8, 9): 1, (8, 13): 1, (9, 14): 1, (10, 11): 0, (10, 15): 2, (11, 12): 2, (11, 16): 1, (12, 13): 2, (12, 17): 2, (13, 14): 2, (13, 18): 2, (14, 19): 1, (15, 16): 0, (15, 20): 0, (16, 17): 0, (16, 21): 1, (17, 18): 1, (17, 22): 0, (18, 19): 1, (18, 23): 0, (19, 24): 0, (20, 21): 0, (21, 22): 1, (22, 23): 0, (23, 24): 0}, 'dp_value': 10.063972155731298, 'dp_parts': {'F_topo': {(3, 4): 0.6617981174942295, (3, 8): 0.9259980525802042, (8, 13): 0.9578059071728648, (13, 18): 0.9675430055175571, (4, 9): 0.5709185329437713, (8, 9): 0.2671210645893824, (9, 14): 0.40214216163577754, (13, 14): 0.3326841934436417, (14, 19): 0.4904251866276513, (18, 19): 0.72963323596225, (2, 3): 0.6975008114247667, (2, 7): 0.39857189224272405, (7, 12): 0.7182732878934429, (7, 8): 0.5443037974682803, (12, 13): 0.9999999999998637, (1, 2): 0.6062966569294855, (1, 6): 0.7705290490099567, (6, 11): 0.881207400194622, (11, 16): 0.6919831223627751, (16, 21): 0.7101590392728669, (6, 7): 0.7426160337551729, (11, 12): 0.6432976306393149, (12, 17): 0.5705939629989485, (16, 17): 0.7169750081141508, (17, 18): 0.8493995456019614, (17, 22): 0.20772476468676174, (21, 22): 0.372606296656879, (18, 23): 0.08893216488151985, (22, 23): 0.12690684842581848, (19, 24): 0.0, (23, 24): 0.0, (0, 1): 0.006815968841284368, (0, 5): 0.006815968841284368, (5, 10): 0.12236286919829556, (10, 15): 0.3612463485880717, (5, 6): 0.07757221681271256, (10, 11): 0.20090879584547738, (15, 16): 0.7215189873416737, (20, 21): 0.030185004868545064, (15, 20): 0.030185004868545064}, 'F_demand': {(0, 1): 0.16666666666663887, (0, 5): 0.16666666666663887, (1, 2): 0.6666666666665555, (1, 6): 0.6666666666665555, (2, 3): 0.8333333333331945, (2, 7): 0.16666666666663887, (3, 4): 0.6666666666665555, (3, 8): 0.4999999999999167, (4, 9): 0.6666666666665555, (5, 6): 0.16666666666663887, (5, 10): 0.33333333333327775, (6, 7): 0.4999999999999167, (6, 11): 0.6666666666665555, (7, 8): 0.4999999999999167, (7, 12): 0.6666666666665555, (8, 9): 0.33333333333327775, (8, 13): 0.33333333333327775, (9, 14): 0.33333333333327775, (10, 11): 0.16666666666663887, (10, 15): 0.4999999999999167, (11, 12): 0.4999999999999167, (11, 16): 0.33333333333327775, (12, 13): 0.9999999999998334, (12, 17): 0.4999999999999167, (13, 14): 0.4999999999999167, (13, 18): 0.6666666666665555, (14, 19): 0.4999999999999167, (15, 16): 0.16666666666663887, (15, 20): 0.0, (16, 17): 0.16666666666663887, (16, 21): 0.33333333333327775, (17, 18): 0.4999999999999167, (17, 22): 0.16666666666663887, (18, 19): 0.4999999999999167, (18, 23): 0.0, (19, 24): 0.16666666666663887, (20, 21): 0.0, (21, 22): 0.33333333333327775, (22, 23): 0.16666666666663887, (23, 24): 0.16666666666663887}, 'F_qual': {(0, 1): 0.0, (0, 5): 0.0, (1, 2): 0.0, (1, 6): 0.0, (2, 3): 0.0, (2, 7): 0.0, (3, 4): 0.0, (3, 8): 0.0, (4, 9): 0.0, (5, 6): 0.0, (5, 10): 0.0, (6, 7): 0.0, (6, 11): 0.0, (7, 8): 0.0, (7, 12): 0.0, (8, 9): 0.0, (8, 13): 0.0, (9, 14): 0.0, (10, 11): 0.0, (10, 15): 0.0, (11, 12): 0.0, (11, 16): 0.0, (12, 13): 0.0, (12, 17): 0.0, (13, 14): 0.0, (13, 18): 0.0, (14, 19): 0.0, (15, 16): 0.0, (15, 20): 0.0, (16, 17): 0.0, (16, 21): 0.0, (17, 18): 0.0, (17, 22): 0.0, (18, 19): 0.0, (18, 23): 0.0, (19, 24): 0.0, (20, 21): 0.0, (21, 22): 0.0, (22, 23): 0.0, (23, 24): 0.0}, 'F_overlap': {(0, 1): 0.0, (0, 5): 0.0, (1, 2): 0.0, (1, 6): 0.0, (2, 3): 0.0, (2, 7): 0.0, (3, 4): 0.0, (3, 8): 0.0, (4, 9): 0.0, (5, 6): 0.0, (5, 10): 0.0, (6, 7): 0.0, (6, 11): 0.0, (7, 8): 0.0, (7, 12): 0.0, (8, 9): 0.0, (8, 13): 0.0, (9, 14): 0.0, (10, 11): 0.0, (10, 15): 0.0, (11, 12): 0.0, (11, 16): 0.0, (12, 13): 0.0, (12, 17): 0.0, (13, 14): 0.0, (13, 18): 0.0, (14, 19): 0.0, (15, 16): 0.0, (15, 20): 0.0, (16, 17): 0.0, (16, 21): 0.0, (17, 18): 0.0, (17, 22): 0.0, (18, 19): 0.0, (18, 23): 0.0, (19, 24): 0.0, (20, 21): 0.0, (21, 22): 0.0, (22, 23): 0.0, (23, 24): 0.0}}, 'dp_total_pairs': 40}",,,,,,,,
DP-MP_t,operation_probability,0.9,0.9,593145736,,25,40,10.0,SUMMARY,1.0,1.0,1.0,,,,,,,,,,,,,,,0.032933800000000346,0.00043669999999984555,0.001626400000001027,0.03456020000000137,0.035345699999998814,0.035345699999998814,,,,,,,1,,,0.0,0.0,0.0,0.0,0.0,0.0,0.0,0.0
LP_R-MP_t,operation_probability,0.9,0.9,593145736,,25,40,10.0,0,1.0,1.0,1.0,4000.238187250793,0.2381872507928977,4,7,40,1,3,"[1, 0, 0, 0]","[[4, 18, 12], [19, 13, 21], [3, 1, 15], [12, 6, 4]]","[[4, 18, 12], [19, 13, 21], [3, 1, 15], [12, 6, 4]]",40,40,40,160,0.5116253999999998,0.0006553999999994176,0.0016017000000001502,0.5132270999999999,0.5143842999999997,0.5143842999999997,"{(0, 1): 1, (0, 5): 1, (1, 2): 2, (1, 6): 1, (2, 3): 2, (3, 4): 3, (3, 8): 2, (4, 9): 2, (5, 10): 1, (6, 7): 2, (6, 11): 1, (7, 8): 2, (7, 12): 2, (8, 9): 2, (8, 13): 2, (10, 15): 1, (11, 12): 1, (12, 13): 2, (12, 17): 1, (13, 14): 1, (13, 18): 3, (14, 19): 1, (17, 18): 1, (17, 22): 1, (18, 19): 1, (21, 22): 1}",148139878,1899179786,2012288188,689960118,"[4265918666, 2813778286, 1199889537, 3769681090]",1,4029182149,"{'lp_objective': 4000.238187250793, 'ilp_expected_objective': 4000.238187250793, 'ilp_expected_throughput_term': 0.2381872507928977, 'ilp_covered_requests': 4, 'ilp_selected_tree_count': 7, 'deployed_source_count': 40, 'ilp_objective_mode': 'coverage_expected_throughput', 'lp_status': 'OPTIMAL', 'lp_candidate_seed': 1934997417, 'lp_solver_seed': 1901584977, 'lp_selected_trees': 7, 'lp_candidate_tree_counts': {0: 10, 1: 8, 2: 5, 3: 11}, 'lp_minimum_routing_source_placement': None, 'lp_used_budget': 40, 'lp_memory_load': {0: 2, 1: 4, 2: 4, 3: 7, 4: 5, 5: 2, 6: 4, 7: 6, 8: 8, 9: 4, 10: 2, 11: 2, 12: 6, 13: 8, 14: 2, 15: 1, 17: 3, 18: 5, 19: 2, 21: 1, 22: 2}, 'used_budget': 40, 'candidate_edge_count': 40, 'effective_capacity': 160}",,,,,,,,
LP_R-MP_t,operation_probability,0.9,0.9,593145736,,25,40,10.0,SUMMARY,1.0,1.0,1.0,,,,,,,,,,,,,,,0.5116253999999998,0.0006553999999994176,0.0016017000000001502,0.5132270999999999,0.5143842999999997,0.5143842999999997,,,,,,,1,,,0.0,0.0,0.0,0.0,0.0,0.0,0.0,0.0
ILP_CG-MP_t,operation_probability,0.9,0.9,593145736,,25,40,10.0,0,0.0,0.0,0.0,4000.1850939921896,0.18509399218934652,4,7,40,0,4,"[0, 0, 0, 0]","[[4, 18, 12], [19, 13, 21], [3, 1, 15], [12, 6, 4]]","[[4, 18, 12], [19, 13, 21], [3, 1, 15], [12, 6, 4]]",40,40,40,160,0.49653740000000113,0.00048310000000029163,0.000712299999999999,0.4972497000000011,0.4980398000000008,0.4980398000000008,"{(0, 1): 1, (0, 5): 1, (1, 2): 2, (1, 6): 1, (2, 3): 3, (2, 7): 1, (3, 4): 2, (3, 8): 1, (4, 9): 1, (5, 10): 1, (6, 7): 2, (6, 11): 1, (7, 8): 2, (7, 12): 3, (8, 9): 1, (10, 15): 1, (11, 16): 1, (12, 17): 1, (13, 14): 2, (13, 18): 1, (14, 19): 2, (15, 16): 1, (17, 18): 2, (17, 22): 1, (19, 24): 1, (21, 22): 2, (22, 23): 1, (23, 24): 1}",3403111947,1899179786,2012288188,689960118,"[4265918666, 2813778286, 1199889537, 3769681090]",1,4029182149,"{'ilp_objective': 4000.1850939921896, 'ilp_expected_objective': 4000.1850939921896, 'ilp_expected_throughput_term': 0.18509399218934652, 'ilp_covered_requests': 4, 'ilp_selected_tree_count': 7, 'deployed_source_count': 40, 'ilp_objective_mode': 'coverage_expected_throughput', 'ilp_use_redundancy_reward': False, 'ilp_spend_remaining_budget_after_solve': True, 'ilp_status': 'OPTIMAL', 'ilp_cg_iterations': 1, 'ilp_cg_added_columns': 4, 'ilp_cg_pricing_mode': 'candidate_pool_exact', 'ilp_cg_pricing_pool_trees': 32, 'ilp_cg_pricing_pool_seed': 1934997417, 'ilp_cg_initial_seed': 1934997417, 'ilp_cg_final_solver_seed': 4122478884, 'ilp_cg_max_trees_per_request': 2, 'ilp_cg_max_pricing_columns_per_request': 1, 'ilp_selected_trees': 7, 'ilp_candidate_tree_counts': {0: 3, 1: 3, 2: 3, 3: 3}, 'ilp_minimum_routing_source_placement': {(0, 1): 1, (0, 5): 1, (1, 2): 2, (1, 6): 1, (2, 3): 3, (2, 7): 1, (3, 4): 2, (3, 8): 1, (4, 9): 1, (5, 10): 1, (6, 7): 2, (6, 11): 1, (7, 8): 2, (7, 12): 3, (8, 9): 1, (10, 15): 1, (11, 16): 1, (12, 17): 1, (13, 14): 2, (13, 18): 1, (14, 19): 2, (15, 16): 1, (17, 18): 2, (17, 22): 1, (19, 24): 1, (21, 22): 2, (22, 23): 1, (23, 24): 1}, 'ilp_optimized_z_used_budget': 40, 'ilp_deployed_used_budget': 40, 'ilp_redundant_used_budget': 40, 'ilp_redundant_routing_source_placement': {(0, 1): 1, (0, 5): 1, (1, 2): 2, (1, 6): 1, (2, 3): 3, (2, 7): 1, (3, 4): 2, (3, 8): 1, (4, 9): 1, (5, 10): 1, (6, 7): 2, (6, 11): 1, (7, 8): 2, (7, 12): 3, (8, 9): 1, (10, 15): 1, (11, 16): 1, (12, 17): 1, (13, 14): 2, (13, 18): 1, (14, 19): 2, (15, 16): 1, (17, 18): 2, (17, 22): 1, (19, 24): 1, (21, 22): 2, (22, 23): 1, (23, 24): 1}, 'ilp_redundant_memory_load': {0: 2, 1: 4, 2: 6, 3: 6, 4: 3, 5: 2, 6: 4, 7: 8, 8: 4, 9: 2, 10: 2, 11: 2, 12: 4, 13: 3, 14: 4, 15: 2, 16: 2, 17: 4, 18: 3, 19: 3, 21: 2, 22: 4, 23: 2, 24: 2}, 'used_budget': 40, 'candidate_edge_count': 40, 'effective_capacity': 160}",,,,,,,,
ILP_CG-MP_t,operation_probability,0.9,0.9,593145736,,25,40,10.0,SUMMARY,0.0,0.0,0.0,,,,,,,,,,,,,,,0.49653740000000113,0.00048310000000029163,0.000712299999999999,0.4972497000000011,0.4980398000000008,0.4980398000000008,,,,,,,1,,,0.0,0.0,0.0,0.0,0.0,0.0,0.0,0.0
ILP-MP_t,operation_probability,0.9,0.9,593145736,,25,40,10.0,0,1.0,1.0,1.0,4000.1850939921896,0.18509399218934652,4,7,40,1,3,"[1, 0, 0, 0]","[[4, 18, 12], [19, 13, 21], [3, 1, 15], [12, 6, 4]]","[[4, 18, 12], [19, 13, 21], [3, 1, 15], [12, 6, 4]]",40,40,40,160,0.03736119999999943,0.0006684000000003465,0.002249900000000693,0.03961110000000012,0.04060970000000097,0.04060970000000097,"{(0, 1): 1, (0, 5): 1, (1, 2): 1, (2, 3): 1, (3, 4): 2, (3, 8): 2, (4, 9): 3, (5, 10): 1, (6, 7): 1, (6, 11): 1, (7, 8): 2, (7, 12): 2, (8, 9): 2, (8, 13): 2, (9, 14): 1, (10, 15): 1, (11, 12): 1, (12, 13): 3, (12, 17): 1, (13, 14): 1, (13, 18): 2, (14, 19): 2, (17, 18): 1, (18, 19): 1, (19, 24): 1, (21, 22): 1, (22, 23): 1, (23, 24): 1}",314954152,1899179786,2012288188,689960118,"[4265918666, 2813778286, 1199889537, 3769681090]",1,4029182149,"{'ilp_objective': 4000.1850939921896, 'ilp_expected_objective': 4000.1850939921896, 'ilp_expected_throughput_term': 0.18509399218934652, 'ilp_covered_requests': 4, 'ilp_selected_tree_count': 7, 'deployed_source_count': 40, 'ilp_objective_mode': 'coverage_expected_throughput', 'ilp_use_redundancy_reward': False, 'ilp_spend_remaining_budget_after_solve': True, 'ilp_status': 'OPTIMAL', 'ilp_candidate_seed': 1934997417, 'ilp_solver_seed': 1714257075, 'ilp_selected_trees': 7, 'ilp_candidate_tree_counts': {0: 4, 1: 4, 2: 4, 3: 4}, 'ilp_minimum_routing_source_placement': {(0, 1): 1, (0, 5): 1, (1, 2): 1, (2, 3): 1, (3, 4): 2, (3, 8): 2, (4, 9): 3, (5, 10): 1, (6, 7): 1, (6, 11): 1, (7, 8): 2, (7, 12): 2, (8, 9): 2, (8, 13): 2, (9, 14): 1, (10, 15): 1, (11, 12): 1, (12, 13): 3, (12, 17): 1, (13, 14): 1, (13, 18): 2, (14, 19): 2, (17, 18): 1, (18, 19): 1, (19, 24): 1, (21, 22): 1, (22, 23): 1, (23, 24): 1}, 'ilp_optimized_z_used_budget': 40, 'ilp_deployed_used_budget': 40, 'ilp_redundant_used_budget': 40, 'ilp_redundant_routing_source_placement': {(0, 1): 1, (0, 5): 1, (1, 2): 1, (2, 3): 1, (3, 4): 2, (3, 8): 2, (4, 9): 3, (5, 10): 1, (6, 7): 1, (6, 11): 1, (7, 8): 2, (7, 12): 2, (8, 9): 2, (8, 13): 2, (9, 14): 1, (10, 15): 1, (11, 12): 1, (12, 13): 3, (12, 17): 1, (13, 14): 1, (13, 18): 2, (14, 19): 2, (17, 18): 1, (18, 19): 1, (19, 24): 1, (21, 22): 1, (22, 23): 1, (23, 24): 1}, 'ilp_redundant_memory_load': {0: 2, 1: 2, 2: 2, 3: 5, 4: 5, 5: 2, 6: 2, 7: 5, 8: 8, 9: 6, 10: 2, 11: 2, 12: 7, 13: 8, 14: 4, 15: 1, 17: 2, 18: 4, 19: 4, 21: 1, 22: 2, 23: 2, 24: 2}, 'used_budget': 40, 'candidate_edge_count': 40, 'effective_capacity': 160}",,,,,,,,
ILP-MP_t,operation_probability,0.9,0.9,593145736,,25,40,10.0,SUMMARY,1.0,1.0,1.0,,,,,,,,,,,,,,,0.03736119999999943,0.0006684000000003465,0.002249900000000693,0.03961110000000012,0.04060970000000097,0.04060970000000097,,,,,,,1,,,0.0,0.0,0.0,0.0,0.0,0.0,0.0,0.0
BT-MP_t,operation_probability,0.95,0.95,593145736,,25,40,10.0,0,1.0,1.0,1.0,,,,,40,1,3,"[1, 0, 0, 0]","[[4, 18, 12], [19, 13, 21], [3, 1, 15], [12, 6, 4]]","[[4, 18, 12], [19, 13, 21], [3, 1, 15], [12, 6, 4]]",40,40,40,160,0.003881700000000876,0.0007622999999998825,0.003009399999999829,0.006891100000000705,0.008204799999999679,0.008204799999999679,"{(12, 13): 1, (7, 12): 1, (11, 12): 1, (12, 17): 1, (6, 7): 1, (7, 8): 1, (6, 11): 1, (8, 13): 1, (11, 16): 1, (13, 18): 1, (16, 17): 1, (17, 18): 1, (2, 7): 1, (10, 11): 1, (13, 14): 1, (17, 22): 1, (16, 21): 1, (18, 19): 1, (18, 23): 1, (3, 8): 1, (5, 6): 1, (8, 9): 1, (15, 16): 1, (1, 6): 1, (1, 2): 1, (2, 3): 1, (5, 10): 1, (9, 14): 1, (10, 15): 1, (14, 19): 1, (21, 22): 1, (22, 23): 1, (4, 9): 1, (0, 1): 1, (0, 5): 1, (3, 4): 1, (15, 20): 1, (19, 24): 1, (20, 21): 1, (23, 24): 1}",1917356134,3074377297,2012288188,689960118,"[4265918666, 2813778286, 1199889537, 3769681090]",1,4029182149,"{'betweenness_scores': {(0, 1): 0.04896031746031746, (0, 5): 0.04896031746031746, (1, 2): 0.06992857142857144, (1, 6): 0.0758253968253968, (5, 6): 0.07582539682539681, (5, 10): 0.06992857142857144, (2, 3): 0.06992857142857144, (2, 7): 0.08376190476190479, (6, 7): 0.11528571428571432, (6, 11): 0.11528571428571428, (3, 4): 0.04896031746031746, (3, 8): 0.07582539682539681, (7, 8): 0.11528571428571431, (7, 12): 0.12957142857142856, (4, 9): 0.04896031746031747, (8, 9): 0.07582539682539681, (8, 13): 0.11528571428571428, (9, 14): 0.06992857142857144, (10, 11): 0.08376190476190479, (10, 15): 0.06992857142857144, (11, 12): 0.12957142857142856, (11, 16): 0.11528571428571428, (12, 13): 0.1295714285714286, (12, 17): 0.12957142857142856, (13, 14): 0.08376190476190479, (13, 18): 0.11528571428571428, (14, 19): 0.06992857142857144, (15, 16): 0.07582539682539681, (15, 20): 0.04896031746031746, (16, 17): 0.11528571428571428, (16, 21): 0.07582539682539682, (17, 18): 0.11528571428571428, (17, 22): 0.08376190476190476, (18, 19): 0.07582539682539682, (18, 23): 0.07582539682539682, (19, 24): 0.04896031746031746, (20, 21): 0.04896031746031746, (21, 22): 0.06992857142857144, (22, 23): 0.06992857142857144, (23, 24): 0.04896031746031746}, 'allocation': {(0, 1): 1, (0, 5): 1, (1, 2): 1, (1, 6): 1, (2, 3): 1, (2, 7): 1, (3, 4): 1, (3, 8): 1, (4, 9): 1, (5, 6): 1, (5, 10): 1, (6, 7): 1, (6, 11): 1, (7, 8): 1, (7, 12): 1, (8, 9): 1, (8, 13): 1, (9, 14): 1, (10, 11): 1, (10, 15): 1, (11, 12): 1, (11, 16): 1, (12, 13): 1, (12, 17): 1, (13, 14): 1, (13, 18): 1, (14, 19): 1, (15, 16): 1, (15, 20): 1, (16, 17): 1, (16, 21): 1, (17, 18): 1, (17, 22): 1, (18, 19): 1, (18, 23): 1, (19, 24): 1, (20, 21): 1, (21, 22): 1, (22, 23): 1, (23, 24): 1}, 'used_budget': 40, 'candidate_edge_count': 40, 'effective_capacity': 160}",,,,,,,,
BT-MP_t,operation_probability,0.95,0.95,593145736,,25,40,10.0,SUMMARY,1.0,1.0,1.0,,,,,,,,,,,,,,,0.003881700000000876,0.0007622999999998825,0.003009399999999829,0.006891100000000705,0.008204799999999679,0.008204799999999679,,,,,,,1,,,0.0,0.0,0.0,0.0,0.0,0.0,0.0,0.0
DP-MP_t,operation_probability,0.95,0.95,593145736,,25,40,10.0,0,1.0,1.0,1.0,,,,,40,1,3,"[1, 0, 0, 0]","[[4, 18, 12], [19, 13, 21], [3, 1, 15], [12, 6, 4]]","[[4, 18, 12], [19, 13, 21], [3, 1, 15], [12, 6, 4]]",40,40,40,160,0.0767825000000002,0.0005611999999999284,0.0020310999999999524,0.07881360000000015,0.08000020000000063,0.08000020000000063,"{(1, 2): 2, (1, 6): 2, (2, 3): 2, (3, 4): 2, (3, 8): 2, (4, 9): 2, (5, 10): 1, (6, 7): 2, (6, 11): 2, (7, 8): 2, (7, 12): 2, (8, 9): 1, (8, 13): 1, (9, 14): 1, (10, 15): 2, (11, 12): 2, (11, 16): 1, (12, 13): 2, (12, 17): 1, (13, 14): 1, (13, 18): 2, (14, 19): 1, (16, 21): 1, (17, 18): 1, (18, 19): 1, (21, 22): 1}",1401080234,1198487884,2012288188,689960118,"[4265918666, 2813778286, 1199889537, 3769681090]",1,4029182149,"{'used_budget': 40, 'candidate_edge_count': 40, 'effective_capacity': 160, 'dp_candidate_seed': 3229805457, 'dp_candidate_tree_counts': {0: 4, 1: 4, 2: 4, 3: 4}, 'dp_path_edge_count': 40, 'dp_allocation': {(0, 1): 0, (0, 5): 0, (1, 2): 2, (1, 6): 2, (2, 3): 2, (2, 7): 0, (3, 4): 2, (3, 8): 2, (4, 9): 2, (5, 6): 0, (5, 10): 1, (6, 7): 2, (6, 11): 2, (7, 8): 2, (7, 12): 2, (8, 9): 1, (8, 13): 1, (9, 14): 1, (10, 11): 0, (10, 15): 2, (11, 12): 2, (11, 16): 1, (12, 13): 2, (12, 17): 1, (13, 14): 1, (13, 18): 2, (14, 19): 1, (15, 16): 0, (15, 20): 0, (16, 17): 0, (16, 21): 1, (17, 18): 1, (17, 22): 0, (18, 19): 1, (18, 23): 0, (19, 24): 0, (20, 21): 0, (21, 22): 1, (22, 23): 0, (23, 24): 0}, 'dp_value': 10.452890904527003, 'dp_parts': {'F_topo': {(3, 4): 0.6617981174942295, (3, 8): 0.9259980525802042, (8, 13): 0.9578059071728648, (13, 18): 0.9675430055175571, (4, 9): 0.5709185329437713, (8, 9): 0.2671210645893824, (9, 14): 0.40214216163577754, (13, 14): 0.3326841934436417, (14, 19): 0.4904251866276513, (18, 19): 0.72963323596225, (2, 3): 0.6975008114247667, (2, 7): 0.39857189224272405, (7, 12): 0.7182732878934429, (7, 8): 0.5443037974682803, (12, 13): 0.9999999999998637, (1, 2): 0.6062966569294855, (1, 6): 0.7705290490099567, (6, 11): 0.881207400194622, (11, 16): 0.6919831223627751, (16, 21): 0.7101590392728669, (6, 7): 0.7426160337551729, (11, 12): 0.6432976306393149, (12, 17): 0.5705939629989485, (16, 17): 0.7169750081141508, (17, 18): 0.8493995456019614, (17, 22): 0.20772476468676174, (21, 22): 0.372606296656879, (18, 23): 0.08893216488151985, (22, 23): 0.12690684842581848, (19, 24): 0.0, (23, 24): 0.0, (0, 1): 0.006815968841284368, (0, 5): 0.006815968841284368, (5, 10): 0.12236286919829556, (10, 15): 0.3612463485880717, (5, 6): 0.07757221681271256, (10, 11): 0.20090879584547738, (15, 16): 0.7215189873416737, (20, 21): 0.030185004868545064, (15, 20): 0.030185004868545064}, 'F_demand': {(0, 1): 0.16666666666663887, (0, 5): 0.16666666666663887, (1, 2): 0.6666666666665555, (1, 6): 0.6666666666665555, (2, 3): 0.8333333333331945, (2, 7): 0.16666666666663887, (3, 4): 0.6666666666665555, (3, 8): 0.4999999999999167, (4, 9): 0.6666666666665555, (5, 6): 0.16666666666663887, (5, 10): 0.33333333333327775, (6, 7): 0.4999999999999167, (6, 11): 0.6666666666665555, (7, 8): 0.4999999999999167, (7, 12): 0.6666666666665555, (8, 9): 0.33333333333327775, (8, 13): 0.33333333333327775, (9, 14): 0.33333333333327775, (10, 11): 0.16666666666663887, (10, 15): 0.4999999999999167, (11, 12): 0.4999999999999167, (11, 16): 0.33333333333327775, (12, 13): 0.9999999999998334, (12, 17): 0.4999999999999167, (13, 14): 0.4999999999999167, (13, 18): 0.6666666666665555, (14, 19): 0.4999999999999167, (15, 16): 0.16666666666663887, (15, 20): 0.0, (16, 17): 0.16666666666663887, (16, 21): 0.33333333333327775, (17, 18): 0.4999999999999167, (17, 22): 0.16666666666663887, (18, 19): 0.4999999999999167, (18, 23): 0.0, (19, 24): 0.16666666666663887, (20, 21): 0.0, (21, 22): 0.33333333333327775, (22, 23): 0.16666666666663887, (23, 24): 0.16666666666663887}, 'F_qual': {(0, 1): 0.0, (0, 5): 0.0, (1, 2): 0.0, (1, 6): 0.0, (2, 3): 0.0, (2, 7): 0.0, (3, 4): 0.0, (3, 8): 0.0, (4, 9): 0.0, (5, 6): 0.0, (5, 10): 0.0, (6, 7): 0.0, (6, 11): 0.0, (7, 8): 0.0, (7, 12): 0.0, (8, 9): 0.0, (8, 13): 0.0, (9, 14): 0.0, (10, 11): 0.0, (10, 15): 0.0, (11, 12): 0.0, (11, 16): 0.0, (12, 13): 0.0, (12, 17): 0.0, (13, 14): 0.0, (13, 18): 0.0, (14, 19): 0.0, (15, 16): 0.0, (15, 20): 0.0, (16, 17): 0.0, (16, 21): 0.0, (17, 18): 0.0, (17, 22): 0.0, (18, 19): 0.0, (18, 23): 0.0, (19, 24): 0.0, (20, 21): 0.0, (21, 22): 0.0, (22, 23): 0.0, (23, 24): 0.0}, 'F_overlap': {(0, 1): 0.0, (0, 5): 0.0, (1, 2): 0.0, (1, 6): 0.0, (2, 3): 0.0, (2, 7): 0.0, (3, 4): 0.0, (3, 8): 0.0, (4, 9): 0.0, (5, 6): 0.0, (5, 10): 0.0, (6, 7): 0.0, (6, 11): 0.0, (7, 8): 0.0, (7, 12): 0.0, (8, 9): 0.0, (8, 13): 0.0, (9, 14): 0.0, (10, 11): 0.0, (10, 15): 0.0, (11, 12): 0.0, (11, 16): 0.0, (12, 13): 0.0, (12, 17): 0.0, (13, 14): 0.0, (13, 18): 0.0, (14, 19): 0.0, (15, 16): 0.0, (15, 20): 0.0, (16, 17): 0.0, (16, 21): 0.0, (17, 18): 0.0, (17, 22): 0.0, (18, 19): 0.0, (18, 23): 0.0, (19, 24): 0.0, (20, 21): 0.0, (21, 22): 0.0, (22, 23): 0.0, (23, 24): 0.0}}, 'dp_total_pairs': 40}",,,,,,,,
DP-MP_t,operation_probability,0.95,0.95,593145736,,25,40,10.0,SUMMARY,1.0,1.0,1.0,,,,,,,,,,,,,,,0.0767825000000002,0.0005611999999999284,0.0020310999999999524,0.07881360000000015,0.08000020000000063,0.08000020000000063,,,,,,,1,,,0.0,0.0,0.0,0.0,0.0,0.0,0.0,0.0
LP_R-MP_t,operation_probability,0.95,0.95,593145736,,25,40,10.0,0,1.0,1.0,1.0,4000.3169265639685,0.316926563968128,4,7,40,1,3,"[1, 0, 0, 0]","[[4, 18, 12], [19, 13, 21], [3, 1, 15], [12, 6, 4]]","[[4, 18, 12], [19, 13, 21], [3, 1, 15], [12, 6, 4]]",40,40,40,160,0.4936374000000008,0.0004172000000011167,0.0014775999999994127,0.4951150000000002,0.4959737999999998,0.4959737999999998,"{(0, 1): 1, (0, 5): 1, (1, 2): 2, (1, 6): 1, (2, 3): 2, (3, 4): 3, (3, 8): 2, (4, 9): 2, (5, 10): 1, (6, 7): 3, (7, 8): 2, (7, 12): 3, (8, 9): 2, (8, 13): 2, (10, 15): 1, (11, 12): 1, (12, 13): 2, (13, 14): 1, (13, 18): 3, (14, 19): 1, (17, 18): 1, (17, 22): 1, (18, 19): 1, (21, 22): 1}",148139878,1899179786,2012288188,689960118,"[4265918666, 2813778286, 1199889537, 3769681090]",1,4029182149,"{'lp_objective': 4000.3169265639685, 'ilp_expected_objective': 4000.3169265639685, 'ilp_expected_throughput_term': 0.316926563968128, 'ilp_covered_requests': 4, 'ilp_selected_tree_count': 7, 'deployed_source_count': 40, 'ilp_objective_mode': 'coverage_expected_throughput', 'lp_status': 'OPTIMAL', 'lp_candidate_seed': 1934997417, 'lp_solver_seed': 1901584977, 'lp_selected_trees': 7, 'lp_candidate_tree_counts': {0: 10, 1: 8, 2: 5, 3: 11}, 'lp_minimum_routing_source_placement': None, 'lp_used_budget': 40, 'lp_memory_load': {0: 2, 1: 4, 2: 4, 3: 7, 4: 5, 5: 2, 6: 4, 7: 8, 8: 8, 9: 4, 10: 2, 11: 1, 12: 6, 13: 8, 14: 2, 15: 1, 17: 2, 18: 5, 19: 2, 21: 1, 22: 2}, 'used_budget': 40, 'candidate_edge_count': 40, 'effective_capacity': 160}",,,,,,,,
LP_R-MP_t,operation_probability,0.95,0.95,593145736,,25,40,10.0,SUMMARY,1.0,1.0,1.0,,,,,,,,,,,,,,,0.4936374000000008,0.0004172000000011167,0.0014775999999994127,0.4951150000000002,0.4959737999999998,0.4959737999999998,,,,,,,1,,,0.0,0.0,0.0,0.0,0.0,0.0,0.0,0.0
ILP_CG-MP_t,operation_probability,0.95,0.95,593145736,,25,40,10.0,0,1.0,1.0,1.0,4000.2497553245767,0.24975532457719207,4,7,40,1,3,"[0, 0, 1, 0]","[[4, 18, 12], [19, 13, 21], [3, 1, 15], [12, 6, 4]]","[[4, 18, 12], [19, 13, 21], [3, 1, 15], [12, 6, 4]]",40,40,40,160,0.49540140000000044,0.000712299999999999,0.002367299999999517,0.49776869999999995,0.4987864999999996,0.4987864999999996,"{(0, 1): 1, (0, 5): 1, (1, 2): 2, (1, 6): 1, (2, 3): 3, (2, 7): 1, (3, 4): 2, (3, 8): 1, (4, 9): 1, (5, 10): 1, (6, 7): 2, (6, 11): 1, (7, 8): 2, (7, 12): 3, (8, 9): 1, (10, 15): 1, (11, 16): 1, (12, 17): 1, (13, 14): 2, (13, 18): 1, (14, 19): 2, (15, 16): 1, (17, 18): 2, (17, 22): 1, (19, 24): 1, (21, 22): 2, (22, 23): 1, (23, 24): 1}",3403111947,1899179786,2012288188,689960118,"[4265918666, 2813778286, 1199889537, 3769681090]",1,4029182149,"{'ilp_objective': 4000.2497553245767, 'ilp_expected_objective': 4000.2497553245767, 'ilp_expected_throughput_term': 0.24975532457719207, 'ilp_covered_requests': 4, 'ilp_selected_tree_count': 7, 'deployed_source_count': 40, 'ilp_objective_mode': 'coverage_expected_throughput', 'ilp_use_redundancy_reward': False, 'ilp_spend_remaining_budget_after_solve': True, 'ilp_status': 'OPTIMAL', 'ilp_cg_iterations': 1, 'ilp_cg_added_columns': 4, 'ilp_cg_pricing_mode': 'candidate_pool_exact', 'ilp_cg_pricing_pool_trees': 32, 'ilp_cg_pricing_pool_seed': 1934997417, 'ilp_cg_initial_seed': 1934997417, 'ilp_cg_final_solver_seed': 4122478884, 'ilp_cg_max_trees_per_request': 2, 'ilp_cg_max_pricing_columns_per_request': 1, 'ilp_selected_trees': 7, 'ilp_candidate_tree_counts': {0: 3, 1: 3, 2: 3, 3: 3}, 'ilp_minimum_routing_source_placement': {(0, 1): 1, (0, 5): 1, (1, 2): 2, (1, 6): 1, (2, 3): 3, (2, 7): 1, (3, 4): 2, (3, 8): 1, (4, 9): 1, (5, 10): 1, (6, 7): 2, (6, 11): 1, (7, 8): 2, (7, 12): 3, (8, 9): 1, (10, 15): 1, (11, 16): 1, (12, 17): 1, (13, 14): 2, (13, 18): 1, (14, 19): 2, (15, 16): 1, (17, 18): 2, (17, 22): 1, (19, 24): 1, (21, 22): 2, (22, 23): 1, (23, 24): 1}, 'ilp_optimized_z_used_budget': 40, 'ilp_deployed_used_budget': 40, 'ilp_redundant_used_budget': 40, 'ilp_redundant_routing_source_placement': {(0, 1): 1, (0, 5): 1, (1, 2): 2, (1, 6): 1, (2, 3): 3, (2, 7): 1, (3, 4): 2, (3, 8): 1, (4, 9): 1, (5, 10): 1, (6, 7): 2, (6, 11): 1, (7, 8): 2, (7, 12): 3, (8, 9): 1, (10, 15): 1, (11, 16): 1, (12, 17): 1, (13, 14): 2, (13, 18): 1, (14, 19): 2, (15, 16): 1, (17, 18): 2, (17, 22): 1, (19, 24): 1, (21, 22): 2, (22, 23): 1, (23, 24): 1}, 'ilp_redundant_memory_load': {0: 2, 1: 4, 2: 6, 3: 6, 4: 3, 5: 2, 6: 4, 7: 8, 8: 4, 9: 2, 10: 2, 11: 2, 12: 4, 13: 3, 14: 4, 15: 2, 16: 2, 17: 4, 18: 3, 19: 3, 21: 2, 22: 4, 23: 2, 24: 2}, 'used_budget': 40, 'candidate_edge_count': 40, 'effective_capacity': 160}",,,,,,,,
ILP_CG-MP_t,operation_probability,0.95,0.95,593145736,,25,40,10.0,SUMMARY,1.0,1.0,1.0,,,,,,,,,,,,,,,0.49540140000000044,0.000712299999999999,0.002367299999999517,0.49776869999999995,0.4987864999999996,0.4987864999999996,,,,,,,1,,,0.0,0.0,0.0,0.0,0.0,0.0,0.0,0.0
ILP-MP_t,operation_probability,0.95,0.95,593145736,,25,40,10.0,0,1.0,1.0,1.0,4000.249755324577,0.24975532457719204,4,7,40,1,3,"[1, 0, 0, 0]","[[4, 18, 12], [19, 13, 21], [3, 1, 15], [12, 6, 4]]","[[4, 18, 12], [19, 13, 21], [3, 1, 15], [12, 6, 4]]",40,40,40,160,0.04042670000000115,0.0005916999999993067,0.0028021000000002516,0.0432288000000014,0.04435689999999859,0.04435689999999859,"{(0, 1): 1, (0, 5): 1, (1, 2): 1, (2, 3): 1, (3, 4): 2, (3, 8): 2, (4, 9): 3, (5, 10): 1, (6, 7): 1, (6, 11): 1, (7, 8): 2, (7, 12): 2, (8, 9): 2, (8, 13): 2, (9, 14): 1, (10, 15): 1, (11, 12): 1, (12, 13): 3, (12, 17): 1, (13, 14): 1, (13, 18): 2, (14, 19): 2, (17, 18): 1, (18, 19): 1, (19, 24): 1, (21, 22): 1, (22, 23): 1, (23, 24): 1}",314954152,1899179786,2012288188,689960118,"[4265918666, 2813778286, 1199889537, 3769681090]",1,4029182149,"{'ilp_objective': 4000.249755324577, 'ilp_expected_objective': 4000.249755324577, 'ilp_expected_throughput_term': 0.24975532457719204, 'ilp_covered_requests': 4, 'ilp_selected_tree_count': 7, 'deployed_source_count': 40, 'ilp_objective_mode': 'coverage_expected_throughput', 'ilp_use_redundancy_reward': False, 'ilp_spend_remaining_budget_after_solve': True, 'ilp_status': 'OPTIMAL', 'ilp_candidate_seed': 1934997417, 'ilp_solver_seed': 1714257075, 'ilp_selected_trees': 7, 'ilp_candidate_tree_counts': {0: 4, 1: 4, 2: 4, 3: 4}, 'ilp_minimum_routing_source_placement': {(0, 1): 1, (0, 5): 1, (1, 2): 1, (2, 3): 1, (3, 4): 2, (3, 8): 2, (4, 9): 3, (5, 10): 1, (6, 7): 1, (6, 11): 1, (7, 8): 2, (7, 12): 2, (8, 9): 2, (8, 13): 2, (9, 14): 1, (10, 15): 1, (11, 12): 1, (12, 13): 3, (12, 17): 1, (13, 14): 1, (13, 18): 2, (14, 19): 2, (17, 18): 1, (18, 19): 1, (19, 24): 1, (21, 22): 1, (22, 23): 1, (23, 24): 1}, 'ilp_optimized_z_used_budget': 40, 'ilp_deployed_used_budget': 40, 'ilp_redundant_used_budget': 40, 'ilp_redundant_routing_source_placement': {(0, 1): 1, (0, 5): 1, (1, 2): 1, (2, 3): 1, (3, 4): 2, (3, 8): 2, (4, 9): 3, (5, 10): 1, (6, 7): 1, (6, 11): 1, (7, 8): 2, (7, 12): 2, (8, 9): 2, (8, 13): 2, (9, 14): 1, (10, 15): 1, (11, 12): 1, (12, 13): 3, (12, 17): 1, (13, 14): 1, (13, 18): 2, (14, 19): 2, (17, 18): 1, (18, 19): 1, (19, 24): 1, (21, 22): 1, (22, 23): 1, (23, 24): 1}, 'ilp_redundant_memory_load': {0: 2, 1: 2, 2: 2, 3: 5, 4: 5, 5: 2, 6: 2, 7: 5, 8: 8, 9: 6, 10: 2, 11: 2, 12: 7, 13: 8, 14: 4, 15: 1, 17: 2, 18: 4, 19: 4, 21: 1, 22: 2, 23: 2, 24: 2}, 'used_budget': 40, 'candidate_edge_count': 40, 'effective_capacity': 160}",,,,,,,,
ILP-MP_t,operation_probability,0.95,0.95,593145736,,25,40,10.0,SUMMARY,1.0,1.0,1.0,,,,,,,,,,,,,,,0.04042670000000115,0.0005916999999993067,0.0028021000000002516,0.0432288000000014,0.04435689999999859,0.04435689999999859,,,,,,,1,,,0.0,0.0,0.0,0.0,0.0,0.0,0.0,0.0
BT-MP_t,operation_probability,1.0,1.0,593145736,,25,40,10.0,0,1.0,1.0,1.0,,,,,40,1,3,"[1, 0, 0, 0]","[[4, 18, 12], [19, 13, 21], [3, 1, 15], [12, 6, 4]]","[[4, 18, 12], [19, 13, 21], [3, 1, 15], [12, 6, 4]]",40,40,40,160,0.00243530000000014,0.0007406000000003132,0.0023041999999993124,0.0047394999999994525,0.006023199999999562,0.006023199999999562,"{(12, 13): 1, (7, 12): 1, (11, 12): 1, (12, 17): 1, (6, 7): 1, (7, 8): 1, (6, 11): 1, (8, 13): 1, (11, 16): 1, (13, 18): 1, (16, 17): 1, (17, 18): 1, (2, 7): 1, (10, 11): 1, (13, 14): 1, (17, 22): 1, (16, 21): 1, (18, 19): 1, (18, 23): 1, (3, 8): 1, (5, 6): 1, (8, 9): 1, (15, 16): 1, (1, 6): 1, (1, 2): 1, (2, 3): 1, (5, 10): 1, (9, 14): 1, (10, 15): 1, (14, 19): 1, (21, 22): 1, (22, 23): 1, (4, 9): 1, (0, 1): 1, (0, 5): 1, (3, 4): 1, (15, 20): 1, (19, 24): 1, (20, 21): 1, (23, 24): 1}",1917356134,3074377297,2012288188,689960118,"[4265918666, 2813778286, 1199889537, 3769681090]",1,4029182149,"{'betweenness_scores': {(0, 1): 0.04896031746031746, (0, 5): 0.04896031746031746, (1, 2): 0.06992857142857144, (1, 6): 0.0758253968253968, (5, 6): 0.07582539682539681, (5, 10): 0.06992857142857144, (2, 3): 0.06992857142857144, (2, 7): 0.08376190476190479, (6, 7): 0.11528571428571432, (6, 11): 0.11528571428571428, (3, 4): 0.04896031746031746, (3, 8): 0.07582539682539681, (7, 8): 0.11528571428571431, (7, 12): 0.12957142857142856, (4, 9): 0.04896031746031747, (8, 9): 0.07582539682539681, (8, 13): 0.11528571428571428, (9, 14): 0.06992857142857144, (10, 11): 0.08376190476190479, (10, 15): 0.06992857142857144, (11, 12): 0.12957142857142856, (11, 16): 0.11528571428571428, (12, 13): 0.1295714285714286, (12, 17): 0.12957142857142856, (13, 14): 0.08376190476190479, (13, 18): 0.11528571428571428, (14, 19): 0.06992857142857144, (15, 16): 0.07582539682539681, (15, 20): 0.04896031746031746, (16, 17): 0.11528571428571428, (16, 21): 0.07582539682539682, (17, 18): 0.11528571428571428, (17, 22): 0.08376190476190476, (18, 19): 0.07582539682539682, (18, 23): 0.07582539682539682, (19, 24): 0.04896031746031746, (20, 21): 0.04896031746031746, (21, 22): 0.06992857142857144, (22, 23): 0.06992857142857144, (23, 24): 0.04896031746031746}, 'allocation': {(0, 1): 1, (0, 5): 1, (1, 2): 1, (1, 6): 1, (2, 3): 1, (2, 7): 1, (3, 4): 1, (3, 8): 1, (4, 9): 1, (5, 6): 1, (5, 10): 1, (6, 7): 1, (6, 11): 1, (7, 8): 1, (7, 12): 1, (8, 9): 1, (8, 13): 1, (9, 14): 1, (10, 11): 1, (10, 15): 1, (11, 12): 1, (11, 16): 1, (12, 13): 1, (12, 17): 1, (13, 14): 1, (13, 18): 1, (14, 19): 1, (15, 16): 1, (15, 20): 1, (16, 17): 1, (16, 21): 1, (17, 18): 1, (17, 22): 1, (18, 19): 1, (18, 23): 1, (19, 24): 1, (20, 21): 1, (21, 22): 1, (22, 23): 1, (23, 24): 1}, 'used_budget': 40, 'candidate_edge_count': 40, 'effective_capacity': 160}",,,,,,,,
BT-MP_t,operation_probability,1.0,1.0,593145736,,25,40,10.0,SUMMARY,1.0,1.0,1.0,,,,,,,,,,,,,,,0.00243530000000014,0.0007406000000003132,0.0023041999999993124,0.0047394999999994525,0.006023199999999562,0.006023199999999562,,,,,,,1,,,0.0,0.0,0.0,0.0,0.0,0.0,0.0,0.0
DP-MP_t,operation_probability,1.0,1.0,593145736,,25,40,10.0,0,2.0,2.0,2.0,,,,,40,2,2,"[1, 1, 0, 0]","[[4, 18, 12], [19, 13, 21], [3, 1, 15], [12, 6, 4]]","[[4, 18, 12], [19, 13, 21], [3, 1, 15], [12, 6, 4]]",40,40,40,160,0.03016989999999886,0.0004598999999991804,0.0023645000000005467,0.03253439999999941,0.0333401999999996,0.0333401999999996,"{(1, 2): 2, (1, 6): 2, (2, 3): 2, (3, 4): 2, (3, 8): 2, (4, 9): 2, (5, 10): 1, (6, 7): 1, (6, 11): 2, (7, 8): 2, (7, 12): 2, (8, 9): 1, (8, 13): 1, (9, 14): 1, (10, 15): 1, (11, 12): 1, (11, 16): 1, (12, 13): 2, (12, 17): 2, (13, 14): 2, (13, 18): 2, (14, 19): 2, (16, 21): 1, (17, 18): 1, (18, 19): 1, (21, 22): 1}",1401080234,1198487884,2012288188,689960118,"[4265918666, 2813778286, 1199889537, 3769681090]",1,4029182149,"{'used_budget': 40, 'candidate_edge_count': 40, 'effective_capacity': 160, 'dp_candidate_seed': 3229805457, 'dp_candidate_tree_counts': {0: 4, 1: 4, 2: 4, 3: 4}, 'dp_path_edge_count': 40, 'dp_allocation': {(0, 1): 0, (0, 5): 0, (1, 2): 2, (1, 6): 2, (2, 3): 2, (2, 7): 0, (3, 4): 2, (3, 8): 2, (4, 9): 2, (5, 6): 0, (5, 10): 1, (6, 7): 1, (6, 11): 2, (7, 8): 2, (7, 12): 2, (8, 9): 1, (8, 13): 1, (9, 14): 1, (10, 11): 0, (10, 15): 1, (11, 12): 1, (11, 16): 1, (12, 13): 2, (12, 17): 2, (13, 14): 2, (13, 18): 2, (14, 19): 2, (15, 16): 0, (15, 20): 0, (16, 17): 0, (16, 21): 1, (17, 18): 1, (17, 22): 0, (18, 19): 1, (18, 23): 0, (19, 24): 0, (20, 21): 0, (21, 22): 1, (22, 23): 0, (23, 24): 0}, 'dp_value': 10.823894830647797, 'dp_parts': {'F_topo': {(3, 4): 0.6617981174942295, (3, 8): 0.9259980525802042, (8, 13): 0.9578059071728648, (13, 18): 0.9675430055175571, (4, 9): 0.5709185329437713, (8, 9): 0.2671210645893824, (9, 14): 0.40214216163577754, (13, 14): 0.3326841934436417, (14, 19): 0.4904251866276513, (18, 19): 0.72963323596225, (2, 3): 0.6975008114247667, (2, 7): 0.39857189224272405, (7, 12): 0.7182732878934429, (7, 8): 0.5443037974682803, (12, 13): 0.9999999999998637, (1, 2): 0.6062966569294855, (1, 6): 0.7705290490099567, (6, 11): 0.881207400194622, (11, 16): 0.6919831223627751, (16, 21): 0.7101590392728669, (6, 7): 0.7426160337551729, (11, 12): 0.6432976306393149, (12, 17): 0.5705939629989485, (16, 17): 0.7169750081141508, (17, 18): 0.8493995456019614, (17, 22): 0.20772476468676174, (21, 22): 0.372606296656879, (18, 23): 0.08893216488151985, (22, 23): 0.12690684842581848, (19, 24): 0.0, (23, 24): 0.0, (0, 1): 0.006815968841284368, (0, 5): 0.006815968841284368, (5, 10): 0.12236286919829556, (10, 15): 0.3612463485880717, (5, 6): 0.07757221681271256, (10, 11): 0.20090879584547738, (15, 16): 0.7215189873416737, (20, 21): 0.030185004868545064, (15, 20): 0.030185004868545064}, 'F_demand': {(0, 1): 0.16666666666663887, (0, 5): 0.16666666666663887, (1, 2): 0.6666666666665555, (1, 6): 0.6666666666665555, (2, 3): 0.8333333333331945, (2, 7): 0.16666666666663887, (3, 4): 0.6666666666665555, (3, 8): 0.4999999999999167, (4, 9): 0.6666666666665555, (5, 6): 0.16666666666663887, (5, 10): 0.33333333333327775, (6, 7): 0.4999999999999167, (6, 11): 0.6666666666665555, (7, 8): 0.4999999999999167, (7, 12): 0.6666666666665555, (8, 9): 0.33333333333327775, (8, 13): 0.33333333333327775, (9, 14): 0.33333333333327775, (10, 11): 0.16666666666663887, (10, 15): 0.4999999999999167, (11, 12): 0.4999999999999167, (11, 16): 0.33333333333327775, (12, 13): 0.9999999999998334, (12, 17): 0.4999999999999167, (13, 14): 0.4999999999999167, (13, 18): 0.6666666666665555, (14, 19): 0.4999999999999167, (15, 16): 0.16666666666663887, (15, 20): 0.0, (16, 17): 0.16666666666663887, (16, 21): 0.33333333333327775, (17, 18): 0.4999999999999167, (17, 22): 0.16666666666663887, (18, 19): 0.4999999999999167, (18, 23): 0.0, (19, 24): 0.16666666666663887, (20, 21): 0.0, (21, 22): 0.33333333333327775, (22, 23): 0.16666666666663887, (23, 24): 0.16666666666663887}, 'F_qual': {(0, 1): 0.0, (0, 5): 0.0, (1, 2): 0.0, (1, 6): 0.0, (2, 3): 0.0, (2, 7): 0.0, (3, 4): 0.0, (3, 8): 0.0, (4, 9): 0.0, (5, 6): 0.0, (5, 10): 0.0, (6, 7): 0.0, (6, 11): 0.0, (7, 8): 0.0, (7, 12): 0.0, (8, 9): 0.0, (8, 13): 0.0, (9, 14): 0.0, (10, 11): 0.0, (10, 15): 0.0, (11, 12): 0.0, (11, 16): 0.0, (12, 13): 0.0, (12, 17): 0.0, (13, 14): 0.0, (13, 18): 0.0, (14, 19): 0.0, (15, 16): 0.0, (15, 20): 0.0, (16, 17): 0.0, (16, 21): 0.0, (17, 18): 0.0, (17, 22): 0.0, (18, 19): 0.0, (18, 23): 0.0, (19, 24): 0.0, (20, 21): 0.0, (21, 22): 0.0, (22, 23): 0.0, (23, 24): 0.0}, 'F_overlap': {(0, 1): 0.0, (0, 5): 0.0, (1, 2): 0.0, (1, 6): 0.0, (2, 3): 0.0, (2, 7): 0.0, (3, 4): 0.0, (3, 8): 0.0, (4, 9): 0.0, (5, 6): 0.0, (5, 10): 0.0, (6, 7): 0.0, (6, 11): 0.0, (7, 8): 0.0, (7, 12): 0.0, (8, 9): 0.0, (8, 13): 0.0, (9, 14): 0.0, (10, 11): 0.0, (10, 15): 0.0, (11, 12): 0.0, (11, 16): 0.0, (12, 13): 0.0, (12, 17): 0.0, (13, 14): 0.0, (13, 18): 0.0, (14, 19): 0.0, (15, 16): 0.0, (15, 20): 0.0, (16, 17): 0.0, (16, 21): 0.0, (17, 18): 0.0, (17, 22): 0.0, (18, 19): 0.0, (18, 23): 0.0, (19, 24): 0.0, (20, 21): 0.0, (21, 22): 0.0, (22, 23): 0.0, (23, 24): 0.0}}, 'dp_total_pairs': 40}",,,,,,,,
DP-MP_t,operation_probability,1.0,1.0,593145736,,25,40,10.0,SUMMARY,2.0,2.0,2.0,,,,,,,,,,,,,,,0.03016989999999886,0.0004598999999991804,0.0023645000000005467,0.03253439999999941,0.0333401999999996,0.0333401999999996,,,,,,,1,,,0.0,0.0,0.0,0.0,0.0,0.0,0.0,0.0
LP_R-MP_t,operation_probability,1.0,1.0,593145736,,25,40,10.0,0,1.0,1.0,1.0,4000.415791334114,0.41579133411403646,4,7,40,1,3,"[1, 0, 0, 0]","[[4, 18, 12], [19, 13, 21], [3, 1, 15], [12, 6, 4]]","[[4, 18, 12], [19, 13, 21], [3, 1, 15], [12, 6, 4]]",40,40,40,160,0.4861734999999996,0.0008164999999991096,0.002058400000001015,0.4882319000000006,0.4893938999999996,0.4893938999999996,"{(0, 1): 1, (0, 5): 1, (1, 2): 2, (1, 6): 1, (2, 3): 2, (3, 4): 3, (3, 8): 2, (4, 9): 2, (5, 10): 1, (6, 7): 2, (6, 11): 1, (7, 8): 2, (7, 12): 2, (8, 9): 2, (8, 13): 2, (10, 15): 1, (11, 12): 1, (12, 13): 2, (12, 17): 1, (13, 14): 1, (13, 18): 3, (14, 19): 1, (17, 18): 1, (17, 22): 1, (18, 19): 1, (21, 22): 1}",148139878,1899179786,2012288188,689960118,"[4265918666, 2813778286, 1199889537, 3769681090]",1,4029182149,"{'lp_objective': 4000.415791334114, 'ilp_expected_objective': 4000.415791334114, 'ilp_expected_throughput_term': 0.41579133411403646, 'ilp_covered_requests': 4, 'ilp_selected_tree_count': 7, 'deployed_source_count': 40, 'ilp_objective_mode': 'coverage_expected_throughput', 'lp_status': 'OPTIMAL', 'lp_candidate_seed': 1934997417, 'lp_solver_seed': 1901584977, 'lp_selected_trees': 7, 'lp_candidate_tree_counts': {0: 10, 1: 8, 2: 5, 3: 11}, 'lp_minimum_routing_source_placement': None, 'lp_used_budget': 40, 'lp_memory_load': {0: 2, 1: 4, 2: 4, 3: 7, 4: 5, 5: 2, 6: 4, 7: 6, 8: 8, 9: 4, 10: 2, 11: 2, 12: 6, 13: 8, 14: 2, 15: 1, 17: 3, 18: 5, 19: 2, 21: 1, 22: 2}, 'used_budget': 40, 'candidate_edge_count': 40, 'effective_capacity': 160}",,,,,,,,
LP_R-MP_t,operation_probability,1.0,1.0,593145736,,25,40,10.0,SUMMARY,1.0,1.0,1.0,,,,,,,,,,,,,,,0.4861734999999996,0.0008164999999991096,0.002058400000001015,0.4882319000000006,0.4893938999999996,0.4893938999999996,,,,,,,1,,,0.0,0.0,0.0,0.0,0.0,0.0,0.0,0.0
ILP_CG-MP_t,operation_probability,1.0,1.0,593145736,,25,40,10.0,0,1.0,1.0,1.0,4000.332087001171,0.3320870011710547,4,7,40,1,3,"[0, 0, 1, 0]","[[4, 18, 12], [19, 13, 21], [3, 1, 15], [12, 6, 4]]","[[4, 18, 12], [19, 13, 21], [3, 1, 15], [12, 6, 4]]",40,40,40,160,0.5223397999999992,0.0004323999999993333,0.0016206999999983651,0.5239604999999976,0.5247900999999988,0.5247900999999988,"{(0, 1): 1, (0, 5): 1, (1, 2): 2, (1, 6): 1, (2, 3): 3, (2, 7): 1, (3, 4): 2, (3, 8): 1, (4, 9): 1, (5, 10): 1, (6, 7): 2, (6, 11): 1, (7, 8): 2, (7, 12): 3, (8, 9): 1, (10, 15): 1, (11, 16): 1, (12, 17): 1, (13, 14): 2, (13, 18): 1, (14, 19): 2, (15, 16): 1, (17, 18): 2, (17, 22): 1, (19, 24): 1, (21, 22): 2, (22, 23): 1, (23, 24): 1}",3403111947,1899179786,2012288188,689960118,"[4265918666, 2813778286, 1199889537, 3769681090]",1,4029182149,"{'ilp_objective': 4000.332087001171, 'ilp_expected_objective': 4000.332087001171, 'ilp_expected_throughput_term': 0.3320870011710547, 'ilp_covered_requests': 4, 'ilp_selected_tree_count': 7, 'deployed_source_count': 40, 'ilp_objective_mode': 'coverage_expected_throughput', 'ilp_use_redundancy_reward': False, 'ilp_spend_remaining_budget_after_solve': True, 'ilp_status': 'OPTIMAL', 'ilp_cg_iterations': 1, 'ilp_cg_added_columns': 4, 'ilp_cg_pricing_mode': 'candidate_pool_exact', 'ilp_cg_pricing_pool_trees': 32, 'ilp_cg_pricing_pool_seed': 1934997417, 'ilp_cg_initial_seed': 1934997417, 'ilp_cg_final_solver_seed': 4122478884, 'ilp_cg_max_trees_per_request': 2, 'ilp_cg_max_pricing_columns_per_request': 1, 'ilp_selected_trees': 7, 'ilp_candidate_tree_counts': {0: 3, 1: 3, 2: 3, 3: 3}, 'ilp_minimum_routing_source_placement': {(0, 1): 1, (0, 5): 1, (1, 2): 2, (1, 6): 1, (2, 3): 3, (2, 7): 1, (3, 4): 2, (3, 8): 1, (4, 9): 1, (5, 10): 1, (6, 7): 2, (6, 11): 1, (7, 8): 2, (7, 12): 3, (8, 9): 1, (10, 15): 1, (11, 16): 1, (12, 17): 1, (13, 14): 2, (13, 18): 1, (14, 19): 2, (15, 16): 1, (17, 18): 2, (17, 22): 1, (19, 24): 1, (21, 22): 2, (22, 23): 1, (23, 24): 1}, 'ilp_optimized_z_used_budget': 40, 'ilp_deployed_used_budget': 40, 'ilp_redundant_used_budget': 40, 'ilp_redundant_routing_source_placement': {(0, 1): 1, (0, 5): 1, (1, 2): 2, (1, 6): 1, (2, 3): 3, (2, 7): 1, (3, 4): 2, (3, 8): 1, (4, 9): 1, (5, 10): 1, (6, 7): 2, (6, 11): 1, (7, 8): 2, (7, 12): 3, (8, 9): 1, (10, 15): 1, (11, 16): 1, (12, 17): 1, (13, 14): 2, (13, 18): 1, (14, 19): 2, (15, 16): 1, (17, 18): 2, (17, 22): 1, (19, 24): 1, (21, 22): 2, (22, 23): 1, (23, 24): 1}, 'ilp_redundant_memory_load': {0: 2, 1: 4, 2: 6, 3: 6, 4: 3, 5: 2, 6: 4, 7: 8, 8: 4, 9: 2, 10: 2, 11: 2, 12: 4, 13: 3, 14: 4, 15: 2, 16: 2, 17: 4, 18: 3, 19: 3, 21: 2, 22: 4, 23: 2, 24: 2}, 'used_budget': 40, 'candidate_edge_count': 40, 'effective_capacity': 160}",,,,,,,,
ILP_CG-MP_t,operation_probability,1.0,1.0,593145736,,25,40,10.0,SUMMARY,1.0,1.0,1.0,,,,,,,,,,,,,,,0.5223397999999992,0.0004323999999993333,0.0016206999999983651,0.5239604999999976,0.5247900999999988,0.5247900999999988,,,,,,,1,,,0.0,0.0,0.0,0.0,0.0,0.0,0.0,0.0
ILP-MP_t,operation_probability,1.0,1.0,593145736,,25,40,10.0,0,1.0,1.0,1.0,4000.332087001171,0.33208700117105466,4,7,40,1,3,"[1, 0, 0, 0]","[[4, 18, 12], [19, 13, 21], [3, 1, 15], [12, 6, 4]]","[[4, 18, 12], [19, 13, 21], [3, 1, 15], [12, 6, 4]]",40,40,40,160,0.03562589999999943,0.0018375000000006025,0.0017747999999997432,0.037400699999999176,0.039554000000000755,0.039554000000000755,"{(1, 2): 1, (1, 6): 1, (2, 3): 2, (2, 7): 1, (3, 4): 3, (3, 8): 2, (4, 9): 2, (5, 6): 1, (5, 10): 1, (6, 7): 1, (7, 8): 2, (7, 12): 3, (8, 9): 1, (8, 13): 1, (9, 14): 1, (10, 15): 1, (12, 13): 2, (12, 17): 2, (13, 14): 1, (13, 18): 2, (14, 19): 2, (17, 18): 2, (18, 19): 1, (19, 24): 1, (21, 22): 1, (22, 23): 1, (23, 24): 1}",314954152,1899179786,2012288188,689960118,"[4265918666, 2813778286, 1199889537, 3769681090]",1,4029182149,"{'ilp_objective': 4000.332087001171, 'ilp_expected_objective': 4000.332087001171, 'ilp_expected_throughput_term': 0.33208700117105466, 'ilp_covered_requests': 4, 'ilp_selected_tree_count': 7, 'deployed_source_count': 40, 'ilp_objective_mode': 'coverage_expected_throughput', 'ilp_use_redundancy_reward': False, 'ilp_spend_remaining_budget_after_solve': True, 'ilp_status': 'OPTIMAL', 'ilp_candidate_seed': 1934997417, 'ilp_solver_seed': 1714257075, 'ilp_selected_trees': 7, 'ilp_candidate_tree_counts': {0: 4, 1: 4, 2: 4, 3: 4}, 'ilp_minimum_routing_source_placement': {(1, 2): 1, (1, 6): 1, (2, 3): 2, (2, 7): 1, (3, 4): 3, (3, 8): 2, (4, 9): 2, (5, 6): 1, (5, 10): 1, (6, 7): 1, (7, 8): 2, (7, 12): 3, (8, 9): 1, (8, 13): 1, (9, 14): 1, (10, 15): 1, (12, 13): 2, (12, 17): 2, (13, 14): 1, (13, 18): 2, (14, 19): 2, (17, 18): 2, (18, 19): 1, (19, 24): 1, (21, 22): 1, (22, 23): 1, (23, 24): 1}, 'ilp_optimized_z_used_budget': 40, 'ilp_deployed_used_budget': 40, 'ilp_redundant_used_budget': 40, 'ilp_redundant_routing_source_placement': {(1, 2): 1, (1, 6): 1, (2, 3): 2, (2, 7): 1, (3, 4): 3, (3, 8): 2, (4, 9): 2, (5, 6): 1, (5, 10): 1, (6, 7): 1, (7, 8): 2, (7, 12): 3, (8, 9): 1, (8, 13): 1, (9, 14): 1, (10, 15): 1, (12, 13): 2, (12, 17): 2, (13, 14): 1, (13, 18): 2, (14, 19): 2, (17, 18): 2, (18, 19): 1, (19, 24): 1, (21, 22): 1, (22, 23): 1, (23, 24): 1}, 'ilp_redundant_memory_load': {1: 2, 2: 4, 3: 7, 4: 5, 5: 2, 6: 3, 7: 7, 8: 6, 9: 4, 10: 2, 12: 7, 13: 6, 14: 4, 15: 1, 17: 4, 18: 5, 19: 4, 21: 1, 22: 2, 23: 2, 24: 2}, 'used_budget': 40, 'candidate_edge_count': 40, 'effective_capacity': 160}",,,,,,,,
ILP-MP_t,operation_probability,1.0,1.0,593145736,,25,40,10.0,SUMMARY,1.0,1.0,1.0,,,,,,,,,,,,,,,0.03562589999999943,0.0018375000000006025,0.0017747999999997432,0.037400699999999176,0.039554000000000755,0.039554000000000755,,,,,,,1,,,0.0,0.0,0.0,0.0,0.0,0.0,0.0,0.0
