algorithm,sweep_parameter,sweep_value,quantum_memory_capacity,request_seed,topology_seed,num_nodes,num_edges,average_edge_length_km,trial,throughput_qbps,realized_throughput,realized_successful_ghz_count,ilp_expected_objective,ilp_expected_throughput_term,ilp_covered_requests,ilp_selected_tree_count,deployed_source_count,served_requests,failed_requests,per_request_ghz,request_batch,ordered_requests,cost,used_budget,candidate_edge_count,effective_capacity,placement_runtime,link_deployment_runtime,routing_runtime,placement_and_routing_runtime,algorithm_running_time,total_runtime,deployed_dict,seed,source_seed,link_seed,operation_seed_base,request_operation_seeds,master_seed,request_order_seed,source_metadata,ci95_halfwidth,throughput_ci95_halfwidth,placement_runtime_ci95_halfwidth,link_deployment_runtime_ci95_halfwidth,routing_runtime_ci95_halfwidth,placement_and_routing_runtime_ci95_halfwidth,algorithm_running_time_ci95_halfwidth,total_runtime_ci95_halfwidth
BT-MP_t,quantum_memory_capacity,6,6,593145736,,25,40,10.0,0,1.0,1.0,1.0,,,,,40,1,3,"[1, 0, 0, 0]","[[4, 18, 12], [19, 13, 21], [3, 1, 15], [12, 6, 4]]","[[4, 18, 12], [19, 13, 21], [3, 1, 15], [12, 6, 4]]",40,40,40,160,0.0031324999999995384,0.0006279000000013468,0.0018305000000005123,0.004963000000000051,0.006187000000000609,0.006187000000000609,"{(12, 13): 1, (7, 12): 1, (11, 12): 1, (12, 17): 1, (6, 7): 1, (7, 8): 1, (6, 11): 1, (8, 13): 1, (11, 16): 1, (13, 18): 1, (16, 17): 1, (17, 18): 1, (2, 7): 1, (10, 11): 1, (13, 14): 1, (17, 22): 1, (16, 21): 1, (18, 19): 1, (18, 23): 1, (3, 8): 1, (5, 6): 1, (8, 9): 1, (15, 16): 1, (1, 6): 1, (1, 2): 1, (2, 3): 1, (5, 10): 1, (9, 14): 1, (10, 15): 1, (14, 19): 1, (21, 22): 1, (22, 23): 1, (4, 9): 1, (0, 1): 1, (0, 5): 1, (3, 4): 1, (15, 20): 1, (19, 24): 1, (20, 21): 1, (23, 24): 1}",1917356134,3074377297,2012288188,689960118,"[4265918666, 2813778286, 1199889537, 3769681090]",1,4029182149,"{'betweenness_scores': {(0, 1): 0.04896031746031746, (0, 5): 0.04896031746031746, (1, 2): 0.06992857142857144, (1, 6): 0.0758253968253968, (5, 6): 0.07582539682539681, (5, 10): 0.06992857142857144, (2, 3): 0.06992857142857144, (2, 7): 0.08376190476190479, (6, 7): 0.11528571428571432, (6, 11): 0.11528571428571428, (3, 4): 0.04896031746031746, (3, 8): 0.07582539682539681, (7, 8): 0.11528571428571431, (7, 12): 0.12957142857142856, (4, 9): 0.04896031746031747, (8, 9): 0.07582539682539681, (8, 13): 0.11528571428571428, (9, 14): 0.06992857142857144, (10, 11): 0.08376190476190479, (10, 15): 0.06992857142857144, (11, 12): 0.12957142857142856, (11, 16): 0.11528571428571428, (12, 13): 0.1295714285714286, (12, 17): 0.12957142857142856, (13, 14): 0.08376190476190479, (13, 18): 0.11528571428571428, (14, 19): 0.06992857142857144, (15, 16): 0.07582539682539681, (15, 20): 0.04896031746031746, (16, 17): 0.11528571428571428, (16, 21): 0.07582539682539682, (17, 18): 0.11528571428571428, (17, 22): 0.08376190476190476, (18, 19): 0.07582539682539682, (18, 23): 0.07582539682539682, (19, 24): 0.04896031746031746, (20, 21): 0.04896031746031746, (21, 22): 0.06992857142857144, (22, 23): 0.06992857142857144, (23, 24): 0.04896031746031746}, 'allocation': {(0, 1): 1, (0, 5): 1, (1, 2): 1, (1, 6): 1, (2, 3): 1, (2, 7): 1, (3, 4): 1, (3, 8): 1, (4, 9): 1, (5, 6): 1, (5, 10): 1, (6, 7): 1, (6, 11): 1, (7, 8): 1, (7, 12): 1, (8, 9): 1, (8, 13): 1, (9, 14): 1, (10, 11): 1, (10, 15): 1, (11, 12): 1, (11, 16): 1, (12, 13): 1, (12, 17): 1, (13, 14): 1, (13, 18): 1, (14, 19): 1, (15, 16): 1, (15, 20): 1, (16, 17): 1, (16, 21): 1, (17, 18): 1, (17, 22): 1, (18, 19): 1, (18, 23): 1, (19, 24): 1, (20, 21): 1, (21, 22): 1, (22, 23): 1, (23, 24): 1}, 'used_budget': 40, 'candidate_edge_count': 40, 'effective_capacity': 160}",,,,,,,,
BT-MP_t,quantum_memory_capacity,6,6,593145736,,25,40,10.0,SUMMARY,1.0,1.0,1.0,,,,,,,,,,,,,,,0.0031324999999995384,0.0006279000000013468,0.0018305000000005123,0.004963000000000051,0.006187000000000609,0.006187000000000609,,,,,,,1,,,0.0,0.0,0.0,0.0,0.0,0.0,0.0,0.0
DP-MP_t,quantum_memory_capacity,6,6,593145736,,25,40,10.0,0,1.0,1.0,1.0,,,,,40,1,3,"[1, 0, 0, 0]","[[4, 18, 12], [19, 13, 21], [3, 1, 15], [12, 6, 4]]","[[4, 18, 12], [19, 13, 21], [3, 1, 15], [12, 6, 4]]",40,40,40,160,0.031077200000002136,0.00046109999999899287,0.0016277000000002317,0.03270490000000237,0.03356280000000211,0.03356280000000211,"{(1, 2): 2, (1, 6): 2, (2, 3): 2, (3, 4): 2, (3, 8): 1, (4, 9): 2, (5, 10): 1, (6, 7): 1, (6, 11): 2, (7, 8): 2, (7, 12): 2, (8, 9): 1, (8, 13): 1, (9, 14): 1, (10, 15): 2, (11, 12): 2, (11, 16): 1, (12, 13): 2, (12, 17): 2, (13, 14): 2, (13, 18): 2, (14, 19): 1, (16, 21): 1, (17, 18): 1, (18, 19): 1, (21, 22): 1}",1401080234,1198487884,2012288188,689960118,"[4265918666, 2813778286, 1199889537, 3769681090]",1,4029182149,"{'used_budget': 40, 'candidate_edge_count': 40, 'effective_capacity': 160, 'dp_candidate_seed': 3229805457, 'dp_candidate_tree_counts': {0: 4, 1: 4, 2: 4, 3: 4}, 'dp_path_edge_count': 40, 'dp_allocation': {(0, 1): 0, (0, 5): 0, (1, 2): 2, (1, 6): 2, (2, 3): 2, (2, 7): 0, (3, 4): 2, (3, 8): 1, (4, 9): 2, (5, 6): 0, (5, 10): 1, (6, 7): 1, (6, 11): 2, (7, 8): 2, (7, 12): 2, (8, 9): 1, (8, 13): 1, (9, 14): 1, (10, 11): 0, (10, 15): 2, (11, 12): 2, (11, 16): 1, (12, 13): 2, (12, 17): 2, (13, 14): 2, (13, 18): 2, (14, 19): 1, (15, 16): 0, (15, 20): 0, (16, 17): 0, (16, 21): 1, (17, 18): 1, (17, 22): 0, (18, 19): 1, (18, 23): 0, (19, 24): 0, (20, 21): 0, (21, 22): 1, (22, 23): 0, (23, 24): 0}, 'dp_value': 10.063972155731298, 'dp_parts': {'F_topo': {(3, 4): 0.6617981174942295, (3, 8): 0.9259980525802042, (8, 13): 0.9578059071728648, (13, 18): 0.9675430055175571, (4, 9): 0.5709185329437713, (8, 9): 0.2671210645893824, (9, 14): 0.40214216163577754, (13, 14): 0.3326841934436417, (14, 19): 0.4904251866276513, (18, 19): 0.72963323596225, (2, 3): 0.6975008114247667, (2, 7): 0.39857189224272405, (7, 12): 0.7182732878934429, (7, 8): 0.5443037974682803, (12, 13): 0.9999999999998637, (1, 2): 0.6062966569294855, (1, 6): 0.7705290490099567, (6, 11): 0.881207400194622, (11, 16): 0.6919831223627751, (16, 21): 0.7101590392728669, (6, 7): 0.7426160337551729, (11, 12): 0.6432976306393149, (12, 17): 0.5705939629989485, (16, 17): 0.7169750081141508, (17, 18): 0.8493995456019614, (17, 22): 0.20772476468676174, (21, 22): 0.372606296656879, (18, 23): 0.08893216488151985, (22, 23): 0.12690684842581848, (19, 24): 0.0, (23, 24): 0.0, (0, 1): 0.006815968841284368, (0, 5): 0.006815968841284368, (5, 10): 0.12236286919829556, (10, 15): 0.3612463485880717, (5, 6): 0.07757221681271256, (10, 11): 0.20090879584547738, (15, 16): 0.7215189873416737, (20, 21): 0.030185004868545064, (15, 20): 0.030185004868545064}, 'F_demand': {(0, 1): 0.16666666666663887, (0, 5): 0.16666666666663887, (1, 2): 0.6666666666665555, (1, 6): 0.6666666666665555, (2, 3): 0.8333333333331945, (2, 7): 0.16666666666663887, (3, 4): 0.6666666666665555, (3, 8): 0.4999999999999167, (4, 9): 0.6666666666665555, (5, 6): 0.16666666666663887, (5, 10): 0.33333333333327775, (6, 7): 0.4999999999999167, (6, 11): 0.6666666666665555, (7, 8): 0.4999999999999167, (7, 12): 0.6666666666665555, (8, 9): 0.33333333333327775, (8, 13): 0.33333333333327775, (9, 14): 0.33333333333327775, (10, 11): 0.16666666666663887, (10, 15): 0.4999999999999167, (11, 12): 0.4999999999999167, (11, 16): 0.33333333333327775, (12, 13): 0.9999999999998334, (12, 17): 0.4999999999999167, (13, 14): 0.4999999999999167, (13, 18): 0.6666666666665555, (14, 19): 0.4999999999999167, (15, 16): 0.16666666666663887, (15, 20): 0.0, (16, 17): 0.16666666666663887, (16, 21): 0.33333333333327775, (17, 18): 0.4999999999999167, (17, 22): 0.16666666666663887, (18, 19): 0.4999999999999167, (18, 23): 0.0, (19, 24): 0.16666666666663887, (20, 21): 0.0, (21, 22): 0.33333333333327775, (22, 23): 0.16666666666663887, (23, 24): 0.16666666666663887}, 'F_qual': {(0, 1): 0.0, (0, 5): 0.0, (1, 2): 0.0, (1, 6): 0.0, (2, 3): 0.0, (2, 7): 0.0, (3, 4): 0.0, (3, 8): 0.0, (4, 9): 0.0, (5, 6): 0.0, (5, 10): 0.0, (6, 7): 0.0, (6, 11): 0.0, (7, 8): 0.0, (7, 12): 0.0, (8, 9): 0.0, (8, 13): 0.0, (9, 14): 0.0, (10, 11): 0.0, (10, 15): 0.0, (11, 12): 0.0, (11, 16): 0.0, (12, 13): 0.0, (12, 17): 0.0, (13, 14): 0.0, (13, 18): 0.0, (14, 19): 0.0, (15, 16): 0.0, (15, 20): 0.0, (16, 17): 0.0, (16, 21): 0.0, (17, 18): 0.0, (17, 22): 0.0, (18, 19): 0.0, (18, 23): 0.0, (19, 24): 0.0, (20, 21): 0.0, (21, 22): 0.0, (22, 23): 0.0, (23, 24): 0.0}, 'F_overlap': {(0, 1): 0.0, (0, 5): 0.0, (1, 2): 0.0, (1, 6): 0.0, (2, 3): 0.0, (2, 7): 0.0, (3, 4): 0.0, (3, 8): 0.0, (4, 9): 0.0, (5, 6): 0.0, (5, 10): 0.0, (6, 7): 0.0, (6, 11): 0.0, (7, 8): 0.0, (7, 12): 0.0, (8, 9): 0.0, (8, 13): 0.0, (9, 14): 0.0, (10, 11): 0.0, (10, 15): 0.0, (11, 12): 0.0, (11, 16): 0.0, (12, 13): 0.0, (12, 17): 0.0, (13, 14): 0.0, (13, 18): 0.0, (14, 19): 0.0, (15, 16): 0.0, (15, 20): 0.0, (16, 17): 0.0, (16, 21): 0.0, (17, 18): 0.0, (17, 22): 0.0, (18, 19): 0.0, (18, 23): 0.0, (19, 24): 0.0, (20, 21): 0.0, (21, 22): 0.0, (22, 23): 0.0, (23, 24): 0.0}}, 'dp_total_pairs': 40}",,,,,,,,
DP-MP_t,quantum_memory_capacity,6,6,593145736,,25,40,10.0,SUMMARY,1.0,1.0,1.0,,,,,,,,,,,,,,,0.031077200000002136,0.00046109999999899287,0.0016277000000002317,0.03270490000000237,0.03356280000000211,0.03356280000000211,,,,,,,1,,,0.0,0.0,0.0,0.0,0.0,0.0,0.0,0.0
LP_R-MP_t,quantum_memory_capacity,6,6,593145736,,25,40,10.0,0,1.0,1.0,1.0,4000.211640621492,0.21164062149112212,4,7,40,1,3,"[1, 0, 0, 0]","[[4, 18, 12], [19, 13, 21], [3, 1, 15], [12, 6, 4]]","[[4, 18, 12], [19, 13, 21], [3, 1, 15], [12, 6, 4]]",40,40,40,160,0.5276169999999993,0.00045680000000203336,0.0022844000000006304,0.5299014,0.5306691999999984,0.5306691999999984,"{(0, 1): 1, (0, 5): 1, (1, 2): 3, (1, 6): 2, (2, 3): 3, (3, 4): 1, (4, 9): 3, (5, 6): 1, (5, 10): 2, (6, 7): 2, (7, 8): 1, (7, 12): 2, (8, 9): 2, (8, 13): 1, (9, 14): 1, (10, 15): 2, (12, 13): 1, (12, 17): 1, (13, 14): 1, (13, 18): 1, (14, 19): 2, (17, 18): 1, (18, 19): 2, (18, 23): 1, (21, 22): 1, (22, 23): 1}",148139878,1899179786,2012288188,689960118,"[4265918666, 2813778286, 1199889537, 3769681090]",1,4029182149,"{'lp_objective': 4000.211640621492, 'ilp_expected_objective': 4000.211640621492, 'ilp_expected_throughput_term': 0.21164062149112212, 'ilp_covered_requests': 4, 'ilp_selected_tree_count': 7, 'deployed_source_count': 40, 'ilp_objective_mode': 'coverage_expected_throughput', 'lp_status': 'OPTIMAL', 'lp_candidate_seed': 1934997417, 'lp_solver_seed': 1901584977, 'lp_selected_trees': 7, 'lp_candidate_tree_counts': {0: 10, 1: 8, 2: 5, 3: 11}, 'lp_minimum_routing_source_placement': None, 'lp_used_budget': 40, 'lp_memory_load': {0: 2, 1: 6, 2: 6, 3: 4, 4: 4, 5: 4, 6: 5, 7: 5, 8: 4, 9: 6, 10: 4, 12: 4, 13: 4, 14: 4, 15: 2, 17: 2, 18: 5, 19: 4, 21: 1, 22: 2, 23: 2}, 'used_budget': 40, 'candidate_edge_count': 40, 'effective_capacity': 160}",,,,,,,,
LP_R-MP_t,quantum_memory_capacity,6,6,593145736,,25,40,10.0,SUMMARY,1.0,1.0,1.0,,,,,,,,,,,,,,,0.5276169999999993,0.00045680000000203336,0.0022844000000006304,0.5299014,0.5306691999999984,0.5306691999999984,,,,,,,1,,,0.0,0.0,0.0,0.0,0.0,0.0,0.0,0.0
ILP_CG-MP_t,quantum_memory_capacity,6,6,593145736,,25,40,10.0,0,1.0,1.0,1.0,4000.2083406031516,0.20834060315147723,4,7,40,1,3,"[1, 0, 0, 0]","[[4, 18, 12], [19, 13, 21], [3, 1, 15], [12, 6, 4]]","[[4, 18, 12], [19, 13, 21], [3, 1, 15], [12, 6, 4]]",40,40,40,160,0.5144932000000004,0.0005871000000006177,0.0017096000000016431,0.5162028000000021,0.5171904000000005,0.5171904000000005,"{(1, 2): 2, (1, 6): 2, (2, 3): 2, (3, 4): 1, (3, 8): 1, (4, 9): 2, (5, 6): 1, (5, 10): 1, (6, 7): 2, (6, 11): 1, (7, 8): 2, (7, 12): 2, (8, 9): 2, (8, 13): 1, (10, 15): 1, (11, 16): 1, (12, 13): 1, (12, 17): 1, (13, 14): 2, (13, 18): 2, (14, 19): 2, (15, 16): 1, (17, 18): 1, (17, 22): 1, (19, 24): 1, (21, 22): 2, (22, 23): 1, (23, 24): 1}",3403111947,1899179786,2012288188,689960118,"[4265918666, 2813778286, 1199889537, 3769681090]",1,4029182149,"{'ilp_objective': 4000.2083406031516, 'ilp_expected_objective': 4000.2083406031516, 'ilp_expected_throughput_term': 0.20834060315147723, 'ilp_covered_requests': 4, 'ilp_selected_tree_count': 7, 'deployed_source_count': 40, 'ilp_objective_mode': 'coverage_expected_throughput', 'ilp_use_redundancy_reward': False, 'ilp_spend_remaining_budget_after_solve': True, 'ilp_status': 'OPTIMAL', 'ilp_cg_iterations': 1, 'ilp_cg_added_columns': 4, 'ilp_cg_pricing_mode': 'candidate_pool_exact', 'ilp_cg_pricing_pool_trees': 32, 'ilp_cg_pricing_pool_seed': 1934997417, 'ilp_cg_initial_seed': 1934997417, 'ilp_cg_final_solver_seed': 4122478884, 'ilp_cg_max_trees_per_request': 2, 'ilp_cg_max_pricing_columns_per_request': 1, 'ilp_selected_trees': 7, 'ilp_candidate_tree_counts': {0: 3, 1: 3, 2: 3, 3: 3}, 'ilp_minimum_routing_source_placement': {(1, 2): 2, (1, 6): 2, (2, 3): 2, (3, 4): 1, (3, 8): 1, (4, 9): 2, (5, 6): 1, (5, 10): 1, (6, 7): 2, (6, 11): 1, (7, 8): 2, (7, 12): 2, (8, 9): 2, (8, 13): 1, (10, 15): 1, (11, 16): 1, (12, 13): 1, (13, 14): 2, (13, 18): 2, (14, 19): 2, (15, 16): 1, (17, 18): 1, (17, 22): 1, (19, 24): 1, (21, 22): 2, (22, 23): 1, (23, 24): 1}, 'ilp_optimized_z_used_budget': 39, 'ilp_deployed_used_budget': 40, 'ilp_redundant_used_budget': 40, 'ilp_redundant_routing_source_placement': {(1, 2): 2, (1, 6): 2, (2, 3): 2, (3, 4): 1, (3, 8): 1, (4, 9): 2, (5, 6): 1, (5, 10): 1, (6, 7): 2, (6, 11): 1, (7, 8): 2, (7, 12): 2, (8, 9): 2, (8, 13): 1, (10, 15): 1, (11, 16): 1, (12, 13): 1, (12, 17): 1, (13, 14): 2, (13, 18): 2, (14, 19): 2, (15, 16): 1, (17, 18): 1, (17, 22): 1, (19, 24): 1, (21, 22): 2, (22, 23): 1, (23, 24): 1}, 'ilp_redundant_memory_load': {1: 4, 2: 4, 3: 4, 4: 3, 5: 2, 6: 6, 7: 6, 8: 6, 9: 4, 10: 2, 11: 2, 12: 4, 13: 6, 14: 4, 15: 2, 16: 2, 17: 3, 18: 3, 19: 3, 21: 2, 22: 4, 23: 2, 24: 2}, 'used_budget': 40, 'candidate_edge_count': 40, 'effective_capacity': 160}",,,,,,,,
ILP_CG-MP_t,quantum_memory_capacity,6,6,593145736,,25,40,10.0,SUMMARY,1.0,1.0,1.0,,,,,,,,,,,,,,,0.5144932000000004,0.0005871000000006177,0.0017096000000016431,0.5162028000000021,0.5171904000000005,0.5171904000000005,,,,,,,1,,,0.0,0.0,0.0,0.0,0.0,0.0,0.0,0.0
ILP-MP_t,quantum_memory_capacity,6,6,593145736,,25,40,10.0,0,1.0,1.0,1.0,4000.185093992189,0.18509399218934652,4,7,40,1,3,"[1, 0, 0, 0]","[[4, 18, 12], [19, 13, 21], [3, 1, 15], [12, 6, 4]]","[[4, 18, 12], [19, 13, 21], [3, 1, 15], [12, 6, 4]]",40,40,40,160,0.038548399999999816,0.0009751999999991767,0.0016782000000006292,0.040226600000000445,0.041605600000000464,0.041605600000000464,"{(0, 1): 1, (0, 5): 1, (1, 2): 3, (1, 6): 2, (2, 3): 3, (3, 4): 1, (3, 8): 1, (4, 9): 2, (5, 6): 1, (5, 10): 2, (6, 7): 1, (6, 11): 1, (7, 8): 1, (7, 12): 1, (8, 9): 1, (8, 13): 1, (9, 14): 1, (10, 15): 2, (11, 16): 1, (12, 13): 2, (13, 14): 1, (13, 18): 2, (14, 19): 2, (15, 16): 1, (18, 19): 1, (19, 24): 1, (21, 22): 1, (22, 23): 1, (23, 24): 1}",314954152,1899179786,2012288188,689960118,"[4265918666, 2813778286, 1199889537, 3769681090]",1,4029182149,"{'ilp_objective': 4000.185093992189, 'ilp_expected_objective': 4000.185093992189, 'ilp_expected_throughput_term': 0.18509399218934652, 'ilp_covered_requests': 4, 'ilp_selected_tree_count': 7, 'deployed_source_count': 40, 'ilp_objective_mode': 'coverage_expected_throughput', 'ilp_use_redundancy_reward': False, 'ilp_spend_remaining_budget_after_solve': True, 'ilp_status': 'OPTIMAL', 'ilp_candidate_seed': 1934997417, 'ilp_solver_seed': 1714257075, 'ilp_selected_trees': 7, 'ilp_candidate_tree_counts': {0: 4, 1: 4, 2: 4, 3: 4}, 'ilp_minimum_routing_source_placement': {(0, 1): 1, (0, 5): 1, (1, 2): 3, (1, 6): 2, (2, 3): 3, (3, 4): 1, (3, 8): 1, (4, 9): 2, (5, 6): 1, (5, 10): 2, (6, 7): 1, (6, 11): 1, (7, 8): 1, (7, 12): 1, (8, 9): 1, (8, 13): 1, (9, 14): 1, (10, 15): 2, (11, 16): 1, (12, 13): 2, (13, 14): 1, (13, 18): 2, (14, 19): 2, (15, 16): 1, (18, 19): 1, (19, 24): 1, (21, 22): 1, (22, 23): 1, (23, 24): 1}, 'ilp_optimized_z_used_budget': 40, 'ilp_deployed_used_budget': 40, 'ilp_redundant_used_budget': 40, 'ilp_redundant_routing_source_placement': {(0, 1): 1, (0, 5): 1, (1, 2): 3, (1, 6): 2, (2, 3): 3, (3, 4): 1, (3, 8): 1, (4, 9): 2, (5, 6): 1, (5, 10): 2, (6, 7): 1, (6, 11): 1, (7, 8): 1, (7, 12): 1, (8, 9): 1, (8, 13): 1, (9, 14): 1, (10, 15): 2, (11, 16): 1, (12, 13): 2, (13, 14): 1, (13, 18): 2, (14, 19): 2, (15, 16): 1, (18, 19): 1, (19, 24): 1, (21, 22): 1, (22, 23): 1, (23, 24): 1}, 'ilp_redundant_memory_load': {0: 2, 1: 6, 2: 6, 3: 5, 4: 3, 5: 4, 6: 5, 7: 3, 8: 4, 9: 4, 10: 4, 11: 2, 12: 3, 13: 6, 14: 4, 15: 3, 16: 2, 18: 3, 19: 4, 21: 1, 22: 2, 23: 2, 24: 2}, 'used_budget': 40, 'candidate_edge_count': 40, 'effective_capacity': 160}",,,,,,,,
ILP-MP_t,quantum_memory_capacity,6,6,593145736,,25,40,10.0,SUMMARY,1.0,1.0,1.0,,,,,,,,,,,,,,,0.038548399999999816,0.0009751999999991767,0.0016782000000006292,0.040226600000000445,0.041605600000000464,0.041605600000000464,,,,,,,1,,,0.0,0.0,0.0,0.0,0.0,0.0,0.0,0.0
BT-MP_t,quantum_memory_capacity,7,7,593145736,,25,40,10.0,0,1.0,1.0,1.0,,,,,40,1,3,"[1, 0, 0, 0]","[[4, 18, 12], [19, 13, 21], [3, 1, 15], [12, 6, 4]]","[[4, 18, 12], [19, 13, 21], [3, 1, 15], [12, 6, 4]]",40,40,40,160,0.00249600000000072,0.00045870000000292066,0.0014856999999999232,0.003981700000000643,0.004987599999999759,0.004987599999999759,"{(12, 13): 1, (7, 12): 1, (11, 12): 1, (12, 17): 1, (6, 7): 1, (7, 8): 1, (6, 11): 1, (8, 13): 1, (11, 16): 1, (13, 18): 1, (16, 17): 1, (17, 18): 1, (2, 7): 1, (10, 11): 1, (13, 14): 1, (17, 22): 1, (16, 21): 1, (18, 19): 1, (18, 23): 1, (3, 8): 1, (5, 6): 1, (8, 9): 1, (15, 16): 1, (1, 6): 1, (1, 2): 1, (2, 3): 1, (5, 10): 1, (9, 14): 1, (10, 15): 1, (14, 19): 1, (21, 22): 1, (22, 23): 1, (4, 9): 1, (0, 1): 1, (0, 5): 1, (3, 4): 1, (15, 20): 1, (19, 24): 1, (20, 21): 1, (23, 24): 1}",1917356134,3074377297,2012288188,689960118,"[4265918666, 2813778286, 1199889537, 3769681090]",1,4029182149,"{'betweenness_scores': {(0, 1): 0.04896031746031746, (0, 5): 0.04896031746031746, (1, 2): 0.06992857142857144, (1, 6): 0.0758253968253968, (5, 6): 0.07582539682539681, (5, 10): 0.06992857142857144, (2, 3): 0.06992857142857144, (2, 7): 0.08376190476190479, (6, 7): 0.11528571428571432, (6, 11): 0.11528571428571428, (3, 4): 0.04896031746031746, (3, 8): 0.07582539682539681, (7, 8): 0.11528571428571431, (7, 12): 0.12957142857142856, (4, 9): 0.04896031746031747, (8, 9): 0.07582539682539681, (8, 13): 0.11528571428571428, (9, 14): 0.06992857142857144, (10, 11): 0.08376190476190479, (10, 15): 0.06992857142857144, (11, 12): 0.12957142857142856, (11, 16): 0.11528571428571428, (12, 13): 0.1295714285714286, (12, 17): 0.12957142857142856, (13, 14): 0.08376190476190479, (13, 18): 0.11528571428571428, (14, 19): 0.06992857142857144, (15, 16): 0.07582539682539681, (15, 20): 0.04896031746031746, (16, 17): 0.11528571428571428, (16, 21): 0.07582539682539682, (17, 18): 0.11528571428571428, (17, 22): 0.08376190476190476, (18, 19): 0.07582539682539682, (18, 23): 0.07582539682539682, (19, 24): 0.04896031746031746, (20, 21): 0.04896031746031746, (21, 22): 0.06992857142857144, (22, 23): 0.06992857142857144, (23, 24): 0.04896031746031746}, 'allocation': {(0, 1): 1, (0, 5): 1, (1, 2): 1, (1, 6): 1, (2, 3): 1, (2, 7): 1, (3, 4): 1, (3, 8): 1, (4, 9): 1, (5, 6): 1, (5, 10): 1, (6, 7): 1, (6, 11): 1, (7, 8): 1, (7, 12): 1, (8, 9): 1, (8, 13): 1, (9, 14): 1, (10, 11): 1, (10, 15): 1, (11, 12): 1, (11, 16): 1, (12, 13): 1, (12, 17): 1, (13, 14): 1, (13, 18): 1, (14, 19): 1, (15, 16): 1, (15, 20): 1, (16, 17): 1, (16, 21): 1, (17, 18): 1, (17, 22): 1, (18, 19): 1, (18, 23): 1, (19, 24): 1, (20, 21): 1, (21, 22): 1, (22, 23): 1, (23, 24): 1}, 'used_budget': 40, 'candidate_edge_count': 40, 'effective_capacity': 160}",,,,,,,,
BT-MP_t,quantum_memory_capacity,7,7,593145736,,25,40,10.0,SUMMARY,1.0,1.0,1.0,,,,,,,,,,,,,,,0.00249600000000072,0.00045870000000292066,0.0014856999999999232,0.003981700000000643,0.004987599999999759,0.004987599999999759,,,,,,,1,,,0.0,0.0,0.0,0.0,0.0,0.0,0.0,0.0
DP-MP_t,quantum_memory_capacity,7,7,593145736,,25,40,10.0,0,1.0,1.0,1.0,,,,,40,1,3,"[1, 0, 0, 0]","[[4, 18, 12], [19, 13, 21], [3, 1, 15], [12, 6, 4]]","[[4, 18, 12], [19, 13, 21], [3, 1, 15], [12, 6, 4]]",40,40,40,160,0.029934100000001962,0.00047620000000136997,0.0016216999999976167,0.03155579999999958,0.03237720000000266,0.03237720000000266,"{(1, 2): 2, (1, 6): 2, (2, 3): 2, (3, 4): 2, (3, 8): 1, (4, 9): 2, (5, 10): 1, (6, 7): 1, (6, 11): 2, (7, 8): 2, (7, 12): 2, (8, 9): 1, (8, 13): 1, (9, 14): 1, (10, 15): 2, (11, 12): 2, (11, 16): 1, (12, 13): 2, (12, 17): 2, (13, 14): 2, (13, 18): 2, (14, 19): 1, (16, 21): 1, (17, 18): 1, (18, 19): 1, (21, 22): 1}",1401080234,1198487884,2012288188,689960118,"[4265918666, 2813778286, 1199889537, 3769681090]",1,4029182149,"{'used_budget': 40, 'candidate_edge_count': 40, 'effective_capacity': 160, 'dp_candidate_seed': 3229805457, 'dp_candidate_tree_counts': {0: 4, 1: 4, 2: 4, 3: 4}, 'dp_path_edge_count': 40, 'dp_allocation': {(0, 1): 0, (0, 5): 0, (1, 2): 2, (1, 6): 2, (2, 3): 2, (2, 7): 0, (3, 4): 2, (3, 8): 1, (4, 9): 2, (5, 6): 0, (5, 10): 1, (6, 7): 1, (6, 11): 2, (7, 8): 2, (7, 12): 2, (8, 9): 1, (8, 13): 1, (9, 14): 1, (10, 11): 0, (10, 15): 2, (11, 12): 2, (11, 16): 1, (12, 13): 2, (12, 17): 2, (13, 14): 2, (13, 18): 2, (14, 19): 1, (15, 16): 0, (15, 20): 0, (16, 17): 0, (16, 21): 1, (17, 18): 1, (17, 22): 0, (18, 19): 1, (18, 23): 0, (19, 24): 0, (20, 21): 0, (21, 22): 1, (22, 23): 0, (23, 24): 0}, 'dp_value': 10.063972155731298, 'dp_parts': {'F_topo': {(3, 4): 0.6617981174942295, (3, 8): 0.9259980525802042, (8, 13): 0.9578059071728648, (13, 18): 0.9675430055175571, (4, 9): 0.5709185329437713, (8, 9): 0.2671210645893824, (9, 14): 0.40214216163577754, (13, 14): 0.3326841934436417, (14, 19): 0.4904251866276513, (18, 19): 0.72963323596225, (2, 3): 0.6975008114247667, (2, 7): 0.39857189224272405, (7, 12): 0.7182732878934429, (7, 8): 0.5443037974682803, (12, 13): 0.9999999999998637, (1, 2): 0.6062966569294855, (1, 6): 0.7705290490099567, (6, 11): 0.881207400194622, (11, 16): 0.6919831223627751, (16, 21): 0.7101590392728669, (6, 7): 0.7426160337551729, (11, 12): 0.6432976306393149, (12, 17): 0.5705939629989485, (16, 17): 0.7169750081141508, (17, 18): 0.8493995456019614, (17, 22): 0.20772476468676174, (21, 22): 0.372606296656879, (18, 23): 0.08893216488151985, (22, 23): 0.12690684842581848, (19, 24): 0.0, (23, 24): 0.0, (0, 1): 0.006815968841284368, (0, 5): 0.006815968841284368, (5, 10): 0.12236286919829556, (10, 15): 0.3612463485880717, (5, 6): 0.07757221681271256, (10, 11): 0.20090879584547738, (15, 16): 0.7215189873416737, (20, 21): 0.030185004868545064, (15, 20): 0.030185004868545064}, 'F_demand': {(0, 1): 0.16666666666663887, (0, 5): 0.16666666666663887, (1, 2): 0.6666666666665555, (1, 6): 0.6666666666665555, (2, 3): 0.8333333333331945, (2, 7): 0.16666666666663887, (3, 4): 0.6666666666665555, (3, 8): 0.4999999999999167, (4, 9): 0.6666666666665555, (5, 6): 0.16666666666663887, (5, 10): 0.33333333333327775, (6, 7): 0.4999999999999167, (6, 11): 0.6666666666665555, (7, 8): 0.4999999999999167, (7, 12): 0.6666666666665555, (8, 9): 0.33333333333327775, (8, 13): 0.33333333333327775, (9, 14): 0.33333333333327775, (10, 11): 0.16666666666663887, (10, 15): 0.4999999999999167, (11, 12): 0.4999999999999167, (11, 16): 0.33333333333327775, (12, 13): 0.9999999999998334, (12, 17): 0.4999999999999167, (13, 14): 0.4999999999999167, (13, 18): 0.6666666666665555, (14, 19): 0.4999999999999167, (15, 16): 0.16666666666663887, (15, 20): 0.0, (16, 17): 0.16666666666663887, (16, 21): 0.33333333333327775, (17, 18): 0.4999999999999167, (17, 22): 0.16666666666663887, (18, 19): 0.4999999999999167, (18, 23): 0.0, (19, 24): 0.16666666666663887, (20, 21): 0.0, (21, 22): 0.33333333333327775, (22, 23): 0.16666666666663887, (23, 24): 0.16666666666663887}, 'F_qual': {(0, 1): 0.0, (0, 5): 0.0, (1, 2): 0.0, (1, 6): 0.0, (2, 3): 0.0, (2, 7): 0.0, (3, 4): 0.0, (3, 8): 0.0, (4, 9): 0.0, (5, 6): 0.0, (5, 10): 0.0, (6, 7): 0.0, (6, 11): 0.0, (7, 8): 0.0, (7, 12): 0.0, (8, 9): 0.0, (8, 13): 0.0, (9, 14): 0.0, (10, 11): 0.0, (10, 15): 0.0, (11, 12): 0.0, (11, 16): 0.0, (12, 13): 0.0, (12, 17): 0.0, (13, 14): 0.0, (13, 18): 0.0, (14, 19): 0.0, (15, 16): 0.0, (15, 20): 0.0, (16, 17): 0.0, (16, 21): 0.0, (17, 18): 0.0, (17, 22): 0.0, (18, 19): 0.0, (18, 23): 0.0, (19, 24): 0.0, (20, 21): 0.0, (21, 22): 0.0, (22, 23): 0.0, (23, 24): 0.0}, 'F_overlap': {(0, 1): 0.0, (0, 5): 0.0, (1, 2): 0.0, (1, 6): 0.0, (2, 3): 0.0, (2, 7): 0.0, (3, 4): 0.0, (3, 8): 0.0, (4, 9): 0.0, (5, 6): 0.0, (5, 10): 0.0, (6, 7): 0.0, (6, 11): 0.0, (7, 8): 0.0, (7, 12): 0.0, (8, 9): 0.0, (8, 13): 0.0, (9, 14): 0.0, (10, 11): 0.0, (10, 15): 0.0, (11, 12): 0.0, (11, 16): 0.0, (12, 13): 0.0, (12, 17): 0.0, (13, 14): 0.0, (13, 18): 0.0, (14, 19): 0.0, (15, 16): 0.0, (15, 20): 0.0, (16, 17): 0.0, (16, 21): 0.0, (17, 18): 0.0, (17, 22): 0.0, (18, 19): 0.0, (18, 23): 0.0, (19, 24): 0.0, (20, 21): 0.0, (21, 22): 0.0, (22, 23): 0.0, (23, 24): 0.0}}, 'dp_total_pairs': 40}",,,,,,,,
DP-MP_t,quantum_memory_capacity,7,7,593145736,,25,40,10.0,SUMMARY,1.0,1.0,1.0,,,,,,,,,,,,,,,0.029934100000001962,0.00047620000000136997,0.0016216999999976167,0.03155579999999958,0.03237720000000266,0.03237720000000266,,,,,,,1,,,0.0,0.0,0.0,0.0,0.0,0.0,0.0,0.0
LP_R-MP_t,quantum_memory_capacity,7,7,593145736,,25,40,10.0,0,1.0,1.0,1.0,4000.224913936142,0.22491393614200994,4,7,40,1,3,"[1, 0, 0, 0]","[[4, 18, 12], [19, 13, 21], [3, 1, 15], [12, 6, 4]]","[[4, 18, 12], [19, 13, 21], [3, 1, 15], [12, 6, 4]]",40,40,40,160,0.5047344000000002,0.0004654000000030578,0.0012404000000003634,0.5059748000000006,0.5068450999999996,0.5068450999999996,"{(0, 1): 1, (0, 5): 1, (1, 2): 2, (1, 6): 1, (2, 3): 2, (3, 4): 2, (3, 8): 1, (4, 9): 3, (5, 10): 1, (6, 7): 2, (6, 11): 1, (7, 8): 2, (7, 12): 2, (8, 9): 2, (8, 13): 1, (9, 14): 1, (10, 15): 1, (11, 12): 1, (11, 16): 1, (12, 13): 1, (12, 17): 1, (13, 14): 1, (13, 18): 2, (14, 19): 2, (17, 18): 2, (17, 22): 1, (18, 19): 1, (21, 22): 1}",148139878,1899179786,2012288188,689960118,"[4265918666, 2813778286, 1199889537, 3769681090]",1,4029182149,"{'lp_objective': 4000.224913936142, 'ilp_expected_objective': 4000.224913936142, 'ilp_expected_throughput_term': 0.22491393614200994, 'ilp_covered_requests': 4, 'ilp_selected_tree_count': 7, 'deployed_source_count': 40, 'ilp_objective_mode': 'coverage_expected_throughput', 'lp_status': 'OPTIMAL', 'lp_candidate_seed': 1934997417, 'lp_solver_seed': 1901584977, 'lp_selected_trees': 7, 'lp_candidate_tree_counts': {0: 10, 1: 8, 2: 5, 3: 11}, 'lp_minimum_routing_source_placement': None, 'lp_used_budget': 40, 'lp_memory_load': {0: 2, 1: 4, 2: 4, 3: 5, 4: 5, 5: 2, 6: 4, 7: 6, 8: 6, 9: 6, 10: 2, 11: 3, 12: 5, 13: 5, 14: 4, 15: 1, 16: 1, 17: 4, 18: 5, 19: 3, 21: 1, 22: 2}, 'used_budget': 40, 'candidate_edge_count': 40, 'effective_capacity': 160}",,,,,,,,
LP_R-MP_t,quantum_memory_capacity,7,7,593145736,,25,40,10.0,SUMMARY,1.0,1.0,1.0,,,,,,,,,,,,,,,0.5047344000000002,0.0004654000000030578,0.0012404000000003634,0.5059748000000006,0.5068450999999996,0.5068450999999996,,,,,,,1,,,0.0,0.0,0.0,0.0,0.0,0.0,0.0,0.0
ILP_CG-MP_t,quantum_memory_capacity,7,7,593145736,,25,40,10.0,0,1.0,1.0,1.0,4000.2083406031516,0.20834060315147723,4,7,40,1,3,"[1, 0, 0, 0]","[[4, 18, 12], [19, 13, 21], [3, 1, 15], [12, 6, 4]]","[[4, 18, 12], [19, 13, 21], [3, 1, 15], [12, 6, 4]]",40,40,40,160,0.49114349999999973,0.0006066000000011229,0.0018415000000011617,0.4929850000000009,0.4939656000000028,0.4939656000000028,"{(1, 2): 2, (1, 6): 2, (2, 3): 2, (3, 4): 1, (3, 8): 1, (4, 9): 2, (5, 6): 1, (5, 10): 1, (6, 7): 2, (6, 11): 1, (7, 8): 2, (7, 12): 2, (8, 9): 2, (8, 13): 1, (10, 15): 1, (11, 16): 1, (12, 13): 1, (12, 17): 1, (13, 14): 2, (13, 18): 2, (14, 19): 2, (15, 16): 1, (17, 18): 1, (17, 22): 1, (19, 24): 1, (21, 22): 2, (22, 23): 1, (23, 24): 1}",3403111947,1899179786,2012288188,689960118,"[4265918666, 2813778286, 1199889537, 3769681090]",1,4029182149,"{'ilp_objective': 4000.2083406031516, 'ilp_expected_objective': 4000.2083406031516, 'ilp_expected_throughput_term': 0.20834060315147723, 'ilp_covered_requests': 4, 'ilp_selected_tree_count': 7, 'deployed_source_count': 40, 'ilp_objective_mode': 'coverage_expected_throughput', 'ilp_use_redundancy_reward': False, 'ilp_spend_remaining_budget_after_solve': True, 'ilp_status': 'OPTIMAL', 'ilp_cg_iterations': 1, 'ilp_cg_added_columns': 4, 'ilp_cg_pricing_mode': 'candidate_pool_exact', 'ilp_cg_pricing_pool_trees': 32, 'ilp_cg_pricing_pool_seed': 1934997417, 'ilp_cg_initial_seed': 1934997417, 'ilp_cg_final_solver_seed': 4122478884, 'ilp_cg_max_trees_per_request': 2, 'ilp_cg_max_pricing_columns_per_request': 1, 'ilp_selected_trees': 7, 'ilp_candidate_tree_counts': {0: 3, 1: 3, 2: 3, 3: 3}, 'ilp_minimum_routing_source_placement': {(1, 2): 2, (1, 6): 2, (2, 3): 2, (3, 4): 1, (3, 8): 1, (4, 9): 2, (5, 6): 1, (5, 10): 1, (6, 7): 2, (6, 11): 1, (7, 8): 2, (7, 12): 2, (8, 9): 2, (8, 13): 1, (10, 15): 1, (11, 16): 1, (12, 13): 1, (13, 14): 2, (13, 18): 2, (14, 19): 2, (15, 16): 1, (17, 18): 1, (17, 22): 1, (19, 24): 1, (21, 22): 2, (22, 23): 1, (23, 24): 1}, 'ilp_optimized_z_used_budget': 39, 'ilp_deployed_used_budget': 40, 'ilp_redundant_used_budget': 40, 'ilp_redundant_routing_source_placement': {(1, 2): 2, (1, 6): 2, (2, 3): 2, (3, 4): 1, (3, 8): 1, (4, 9): 2, (5, 6): 1, (5, 10): 1, (6, 7): 2, (6, 11): 1, (7, 8): 2, (7, 12): 2, (8, 9): 2, (8, 13): 1, (10, 15): 1, (11, 16): 1, (12, 13): 1, (12, 17): 1, (13, 14): 2, (13, 18): 2, (14, 19): 2, (15, 16): 1, (17, 18): 1, (17, 22): 1, (19, 24): 1, (21, 22): 2, (22, 23): 1, (23, 24): 1}, 'ilp_redundant_memory_load': {1: 4, 2: 4, 3: 4, 4: 3, 5: 2, 6: 6, 7: 6, 8: 6, 9: 4, 10: 2, 11: 2, 12: 4, 13: 6, 14: 4, 15: 2, 16: 2, 17: 3, 18: 3, 19: 3, 21: 2, 22: 4, 23: 2, 24: 2}, 'used_budget': 40, 'candidate_edge_count': 40, 'effective_capacity': 160}",,,,,,,,
ILP_CG-MP_t,quantum_memory_capacity,7,7,593145736,,25,40,10.0,SUMMARY,1.0,1.0,1.0,,,,,,,,,,,,,,,0.49114349999999973,0.0006066000000011229,0.0018415000000011617,0.4929850000000009,0.4939656000000028,0.4939656000000028,,,,,,,1,,,0.0,0.0,0.0,0.0,0.0,0.0,0.0,0.0
ILP-MP_t,quantum_memory_capacity,7,7,593145736,,25,40,10.0,0,1.0,1.0,1.0,4000.1850939921896,0.18509399218934652,4,7,40,1,3,"[1, 0, 0, 0]","[[4, 18, 12], [19, 13, 21], [3, 1, 15], [12, 6, 4]]","[[4, 18, 12], [19, 13, 21], [3, 1, 15], [12, 6, 4]]",40,40,40,160,0.038749100000000425,0.0004765000000013231,0.0012044000000024369,0.03995350000000286,0.040784200000000936,0.040784200000000936,"{(0, 1): 1, (0, 5): 1, (1, 2): 2, (1, 6): 1, (2, 3): 2, (3, 4): 2, (3, 8): 2, (4, 9): 1, (5, 6): 1, (5, 10): 2, (6, 7): 1, (7, 8): 2, (7, 12): 2, (8, 9): 1, (8, 13): 1, (10, 15): 2, (12, 13): 2, (12, 17): 2, (13, 14): 1, (13, 18): 2, (14, 19): 1, (16, 17): 1, (16, 21): 1, (17, 18): 1, (18, 19): 1, (19, 24): 1, (21, 22): 1, (22, 23): 1, (23, 24): 1}",314954152,1899179786,2012288188,689960118,"[4265918666, 2813778286, 1199889537, 3769681090]",1,4029182149,"{'ilp_objective': 4000.1850939921896, 'ilp_expected_objective': 4000.1850939921896, 'ilp_expected_throughput_term': 0.18509399218934652, 'ilp_covered_requests': 4, 'ilp_selected_tree_count': 7, 'deployed_source_count': 40, 'ilp_objective_mode': 'coverage_expected_throughput', 'ilp_use_redundancy_reward': False, 'ilp_spend_remaining_budget_after_solve': True, 'ilp_status': 'OPTIMAL', 'ilp_candidate_seed': 1934997417, 'ilp_solver_seed': 1714257075, 'ilp_selected_trees': 7, 'ilp_candidate_tree_counts': {0: 4, 1: 4, 2: 4, 3: 4}, 'ilp_minimum_routing_source_placement': {(0, 1): 1, (0, 5): 1, (1, 2): 2, (1, 6): 1, (2, 3): 2, (3, 4): 2, (3, 8): 2, (4, 9): 1, (5, 6): 1, (5, 10): 2, (6, 7): 1, (7, 8): 2, (7, 12): 2, (8, 9): 1, (8, 13): 1, (10, 15): 2, (12, 13): 2, (12, 17): 2, (13, 14): 1, (13, 18): 2, (14, 19): 1, (16, 17): 1, (16, 21): 1, (17, 18): 1, (18, 19): 1, (19, 24): 1, (21, 22): 1, (22, 23): 1, (23, 24): 1}, 'ilp_optimized_z_used_budget': 40, 'ilp_deployed_used_budget': 40, 'ilp_redundant_used_budget': 40, 'ilp_redundant_routing_source_placement': {(0, 1): 1, (0, 5): 1, (1, 2): 2, (1, 6): 1, (2, 3): 2, (3, 4): 2, (3, 8): 2, (4, 9): 1, (5, 6): 1, (5, 10): 2, (6, 7): 1, (7, 8): 2, (7, 12): 2, (8, 9): 1, (8, 13): 1, (10, 15): 2, (12, 13): 2, (12, 17): 2, (13, 14): 1, (13, 18): 2, (14, 19): 1, (16, 17): 1, (16, 21): 1, (17, 18): 1, (18, 19): 1, (19, 24): 1, (21, 22): 1, (22, 23): 1, (23, 24): 1}, 'ilp_redundant_memory_load': {0: 2, 1: 4, 2: 4, 3: 6, 4: 3, 5: 4, 6: 3, 7: 5, 8: 6, 9: 2, 10: 4, 12: 6, 13: 6, 14: 2, 15: 2, 16: 2, 17: 4, 18: 4, 19: 3, 21: 2, 22: 2, 23: 2, 24: 2}, 'used_budget': 40, 'candidate_edge_count': 40, 'effective_capacity': 160}",,,,,,,,
ILP-MP_t,quantum_memory_capacity,7,7,593145736,,25,40,10.0,SUMMARY,1.0,1.0,1.0,,,,,,,,,,,,,,,0.038749100000000425,0.0004765000000013231,0.0012044000000024369,0.03995350000000286,0.040784200000000936,0.040784200000000936,,,,,,,1,,,0.0,0.0,0.0,0.0,0.0,0.0,0.0,0.0
BT-MP_t,quantum_memory_capacity,8,8,593145736,,25,40,10.0,0,1.0,1.0,1.0,,,,,40,1,3,"[1, 0, 0, 0]","[[4, 18, 12], [19, 13, 21], [3, 1, 15], [12, 6, 4]]","[[4, 18, 12], [19, 13, 21], [3, 1, 15], [12, 6, 4]]",40,40,40,160,0.004081200000001672,0.0007295999999996639,0.0023297000000006562,0.006410900000002329,0.0075059999999993465,0.0075059999999993465,"{(12, 13): 1, (7, 12): 1, (11, 12): 1, (12, 17): 1, (6, 7): 1, (7, 8): 1, (6, 11): 1, (8, 13): 1, (11, 16): 1, (13, 18): 1, (16, 17): 1, (17, 18): 1, (2, 7): 1, (10, 11): 1, (13, 14): 1, (17, 22): 1, (16, 21): 1, (18, 19): 1, (18, 23): 1, (3, 8): 1, (5, 6): 1, (8, 9): 1, (15, 16): 1, (1, 6): 1, (1, 2): 1, (2, 3): 1, (5, 10): 1, (9, 14): 1, (10, 15): 1, (14, 19): 1, (21, 22): 1, (22, 23): 1, (4, 9): 1, (0, 1): 1, (0, 5): 1, (3, 4): 1, (15, 20): 1, (19, 24): 1, (20, 21): 1, (23, 24): 1}",1917356134,3074377297,2012288188,689960118,"[4265918666, 2813778286, 1199889537, 3769681090]",1,4029182149,"{'betweenness_scores': {(0, 1): 0.04896031746031746, (0, 5): 0.04896031746031746, (1, 2): 0.06992857142857144, (1, 6): 0.0758253968253968, (5, 6): 0.07582539682539681, (5, 10): 0.06992857142857144, (2, 3): 0.06992857142857144, (2, 7): 0.08376190476190479, (6, 7): 0.11528571428571432, (6, 11): 0.11528571428571428, (3, 4): 0.04896031746031746, (3, 8): 0.07582539682539681, (7, 8): 0.11528571428571431, (7, 12): 0.12957142857142856, (4, 9): 0.04896031746031747, (8, 9): 0.07582539682539681, (8, 13): 0.11528571428571428, (9, 14): 0.06992857142857144, (10, 11): 0.08376190476190479, (10, 15): 0.06992857142857144, (11, 12): 0.12957142857142856, (11, 16): 0.11528571428571428, (12, 13): 0.1295714285714286, (12, 17): 0.12957142857142856, (13, 14): 0.08376190476190479, (13, 18): 0.11528571428571428, (14, 19): 0.06992857142857144, (15, 16): 0.07582539682539681, (15, 20): 0.04896031746031746, (16, 17): 0.11528571428571428, (16, 21): 0.07582539682539682, (17, 18): 0.11528571428571428, (17, 22): 0.08376190476190476, (18, 19): 0.07582539682539682, (18, 23): 0.07582539682539682, (19, 24): 0.04896031746031746, (20, 21): 0.04896031746031746, (21, 22): 0.06992857142857144, (22, 23): 0.06992857142857144, (23, 24): 0.04896031746031746}, 'allocation': {(0, 1): 1, (0, 5): 1, (1, 2): 1, (1, 6): 1, (2, 3): 1, (2, 7): 1, (3, 4): 1, (3, 8): 1, (4, 9): 1, (5, 6): 1, (5, 10): 1, (6, 7): 1, (6, 11): 1, (7, 8): 1, (7, 12): 1, (8, 9): 1, (8, 13): 1, (9, 14): 1, (10, 11): 1, (10, 15): 1, (11, 12): 1, (11, 16): 1, (12, 13): 1, (12, 17): 1, (13, 14): 1, (13, 18): 1, (14, 19): 1, (15, 16): 1, (15, 20): 1, (16, 17): 1, (16, 21): 1, (17, 18): 1, (17, 22): 1, (18, 19): 1, (18, 23): 1, (19, 24): 1, (20, 21): 1, (21, 22): 1, (22, 23): 1, (23, 24): 1}, 'used_budget': 40, 'candidate_edge_count': 40, 'effective_capacity': 160}",,,,,,,,
BT-MP_t,quantum_memory_capacity,8,8,593145736,,25,40,10.0,SUMMARY,1.0,1.0,1.0,,,,,,,,,,,,,,,0.004081200000001672,0.0007295999999996639,0.0023297000000006562,0.006410900000002329,0.0075059999999993465,0.0075059999999993465,,,,,,,1,,,0.0,0.0,0.0,0.0,0.0,0.0,0.0,0.0
DP-MP_t,quantum_memory_capacity,8,8,593145736,,25,40,10.0,0,1.0,1.0,1.0,,,,,40,1,3,"[1, 0, 0, 0]","[[4, 18, 12], [19, 13, 21], [3, 1, 15], [12, 6, 4]]","[[4, 18, 12], [19, 13, 21], [3, 1, 15], [12, 6, 4]]",40,40,40,160,0.029738099999999434,0.00044160000000204036,0.0016417000000004123,0.03137979999999985,0.03226730000000089,0.03226730000000089,"{(1, 2): 2, (1, 6): 2, (2, 3): 2, (3, 4): 2, (3, 8): 1, (4, 9): 2, (5, 10): 1, (6, 7): 1, (6, 11): 2, (7, 8): 2, (7, 12): 2, (8, 9): 1, (8, 13): 1, (9, 14): 1, (10, 15): 2, (11, 12): 2, (11, 16): 1, (12, 13): 2, (12, 17): 2, (13, 14): 2, (13, 18): 2, (14, 19): 1, (16, 21): 1, (17, 18): 1, (18, 19): 1, (21, 22): 1}",1401080234,1198487884,2012288188,689960118,"[4265918666, 2813778286, 1199889537, 3769681090]",1,4029182149,"{'used_budget': 40, 'candidate_edge_count': 40, 'effective_capacity': 160, 'dp_candidate_seed': 3229805457, 'dp_candidate_tree_counts': {0: 4, 1: 4, 2: 4, 3: 4}, 'dp_path_edge_count': 40, 'dp_allocation': {(0, 1): 0, (0, 5): 0, (1, 2): 2, (1, 6): 2, (2, 3): 2, (2, 7): 0, (3, 4): 2, (3, 8): 1, (4, 9): 2, (5, 6): 0, (5, 10): 1, (6, 7): 1, (6, 11): 2, (7, 8): 2, (7, 12): 2, (8, 9): 1, (8, 13): 1, (9, 14): 1, (10, 11): 0, (10, 15): 2, (11, 12): 2, (11, 16): 1, (12, 13): 2, (12, 17): 2, (13, 14): 2, (13, 18): 2, (14, 19): 1, (15, 16): 0, (15, 20): 0, (16, 17): 0, (16, 21): 1, (17, 18): 1, (17, 22): 0, (18, 19): 1, (18, 23): 0, (19, 24): 0, (20, 21): 0, (21, 22): 1, (22, 23): 0, (23, 24): 0}, 'dp_value': 10.063972155731298, 'dp_parts': {'F_topo': {(3, 4): 0.6617981174942295, (3, 8): 0.9259980525802042, (8, 13): 0.9578059071728648, (13, 18): 0.9675430055175571, (4, 9): 0.5709185329437713, (8, 9): 0.2671210645893824, (9, 14): 0.40214216163577754, (13, 14): 0.3326841934436417, (14, 19): 0.4904251866276513, (18, 19): 0.72963323596225, (2, 3): 0.6975008114247667, (2, 7): 0.39857189224272405, (7, 12): 0.7182732878934429, (7, 8): 0.5443037974682803, (12, 13): 0.9999999999998637, (1, 2): 0.6062966569294855, (1, 6): 0.7705290490099567, (6, 11): 0.881207400194622, (11, 16): 0.6919831223627751, (16, 21): 0.7101590392728669, (6, 7): 0.7426160337551729, (11, 12): 0.6432976306393149, (12, 17): 0.5705939629989485, (16, 17): 0.7169750081141508, (17, 18): 0.8493995456019614, (17, 22): 0.20772476468676174, (21, 22): 0.372606296656879, (18, 23): 0.08893216488151985, (22, 23): 0.12690684842581848, (19, 24): 0.0, (23, 24): 0.0, (0, 1): 0.006815968841284368, (0, 5): 0.006815968841284368, (5, 10): 0.12236286919829556, (10, 15): 0.3612463485880717, (5, 6): 0.07757221681271256, (10, 11): 0.20090879584547738, (15, 16): 0.7215189873416737, (20, 21): 0.030185004868545064, (15, 20): 0.030185004868545064}, 'F_demand': {(0, 1): 0.16666666666663887, (0, 5): 0.16666666666663887, (1, 2): 0.6666666666665555, (1, 6): 0.6666666666665555, (2, 3): 0.8333333333331945, (2, 7): 0.16666666666663887, (3, 4): 0.6666666666665555, (3, 8): 0.4999999999999167, (4, 9): 0.6666666666665555, (5, 6): 0.16666666666663887, (5, 10): 0.33333333333327775, (6, 7): 0.4999999999999167, (6, 11): 0.6666666666665555, (7, 8): 0.4999999999999167, (7, 12): 0.6666666666665555, (8, 9): 0.33333333333327775, (8, 13): 0.33333333333327775, (9, 14): 0.33333333333327775, (10, 11): 0.16666666666663887, (10, 15): 0.4999999999999167, (11, 12): 0.4999999999999167, (11, 16): 0.33333333333327775, (12, 13): 0.9999999999998334, (12, 17): 0.4999999999999167, (13, 14): 0.4999999999999167, (13, 18): 0.6666666666665555, (14, 19): 0.4999999999999167, (15, 16): 0.16666666666663887, (15, 20): 0.0, (16, 17): 0.16666666666663887, (16, 21): 0.33333333333327775, (17, 18): 0.4999999999999167, (17, 22): 0.16666666666663887, (18, 19): 0.4999999999999167, (18, 23): 0.0, (19, 24): 0.16666666666663887, (20, 21): 0.0, (21, 22): 0.33333333333327775, (22, 23): 0.16666666666663887, (23, 24): 0.16666666666663887}, 'F_qual': {(0, 1): 0.0, (0, 5): 0.0, (1, 2): 0.0, (1, 6): 0.0, (2, 3): 0.0, (2, 7): 0.0, (3, 4): 0.0, (3, 8): 0.0, (4, 9): 0.0, (5, 6): 0.0, (5, 10): 0.0, (6, 7): 0.0, (6, 11): 0.0, (7, 8): 0.0, (7, 12): 0.0, (8, 9): 0.0, (8, 13): 0.0, (9, 14): 0.0, (10, 11): 0.0, (10, 15): 0.0, (11, 12): 0.0, (11, 16): 0.0, (12, 13): 0.0, (12, 17): 0.0, (13, 14): 0.0, (13, 18): 0.0, (14, 19): 0.0, (15, 16): 0.0, (15, 20): 0.0, (16, 17): 0.0, (16, 21): 0.0, (17, 18): 0.0, (17, 22): 0.0, (18, 19): 0.0, (18, 23): 0.0, (19, 24): 0.0, (20, 21): 0.0, (21, 22): 0.0, (22, 23): 0.0, (23, 24): 0.0}, 'F_overlap': {(0, 1): 0.0, (0, 5): 0.0, (1, 2): 0.0, (1, 6): 0.0, (2, 3): 0.0, (2, 7): 0.0, (3, 4): 0.0, (3, 8): 0.0, (4, 9): 0.0, (5, 6): 0.0, (5, 10): 0.0, (6, 7): 0.0, (6, 11): 0.0, (7, 8): 0.0, (7, 12): 0.0, (8, 9): 0.0, (8, 13): 0.0, (9, 14): 0.0, (10, 11): 0.0, (10, 15): 0.0, (11, 12): 0.0, (11, 16): 0.0, (12, 13): 0.0, (12, 17): 0.0, (13, 14): 0.0, (13, 18): 0.0, (14, 19): 0.0, (15, 16): 0.0, (15, 20): 0.0, (16, 17): 0.0, (16, 21): 0.0, (17, 18): 0.0, (17, 22): 0.0, (18, 19): 0.0, (18, 23): 0.0, (19, 24): 0.0, (20, 21): 0.0, (21, 22): 0.0, (22, 23): 0.0, (23, 24): 0.0}}, 'dp_total_pairs': 40}",,,,,,,,
DP-MP_t,quantum_memory_capacity,8,8,593145736,,25,40,10.0,SUMMARY,1.0,1.0,1.0,,,,,,,,,,,,,,,0.029738099999999434,0.00044160000000204036,0.0016417000000004123,0.03137979999999985,0.03226730000000089,0.03226730000000089,,,,,,,1,,,0.0,0.0,0.0,0.0,0.0,0.0,0.0,0.0
LP_R-MP_t,quantum_memory_capacity,8,8,593145736,,25,40,10.0,0,1.0,1.0,1.0,4000.238187250793,0.2381872507928977,4,7,40,1,3,"[1, 0, 0, 0]","[[4, 18, 12], [19, 13, 21], [3, 1, 15], [12, 6, 4]]","[[4, 18, 12], [19, 13, 21], [3, 1, 15], [12, 6, 4]]",40,40,40,160,0.4954894000000003,0.0004708000000022139,0.0015815000000003465,0.49707090000000065,0.49783860000000146,0.49783860000000146,"{(0, 1): 1, (0, 5): 1, (1, 2): 2, (1, 6): 1, (2, 3): 2, (3, 4): 3, (3, 8): 2, (4, 9): 2, (5, 10): 1, (6, 7): 2, (6, 11): 1, (7, 8): 2, (7, 12): 2, (8, 9): 2, (8, 13): 2, (10, 15): 1, (11, 12): 1, (12, 13): 2, (12, 17): 1, (13, 14): 1, (13, 18): 3, (14, 19): 1, (17, 18): 1, (17, 22): 1, (18, 19): 1, (21, 22): 1}",148139878,1899179786,2012288188,689960118,"[4265918666, 2813778286, 1199889537, 3769681090]",1,4029182149,"{'lp_objective': 4000.238187250793, 'ilp_expected_objective': 4000.238187250793, 'ilp_expected_throughput_term': 0.2381872507928977, 'ilp_covered_requests': 4, 'ilp_selected_tree_count': 7, 'deployed_source_count': 40, 'ilp_objective_mode': 'coverage_expected_throughput', 'lp_status': 'OPTIMAL', 'lp_candidate_seed': 1934997417, 'lp_solver_seed': 1901584977, 'lp_selected_trees': 7, 'lp_candidate_tree_counts': {0: 10, 1: 8, 2: 5, 3: 11}, 'lp_minimum_routing_source_placement': None, 'lp_used_budget': 40, 'lp_memory_load': {0: 2, 1: 4, 2: 4, 3: 7, 4: 5, 5: 2, 6: 4, 7: 6, 8: 8, 9: 4, 10: 2, 11: 2, 12: 6, 13: 8, 14: 2, 15: 1, 17: 3, 18: 5, 19: 2, 21: 1, 22: 2}, 'used_budget': 40, 'candidate_edge_count': 40, 'effective_capacity': 160}",,,,,,,,
LP_R-MP_t,quantum_memory_capacity,8,8,593145736,,25,40,10.0,SUMMARY,1.0,1.0,1.0,,,,,,,,,,,,,,,0.4954894000000003,0.0004708000000022139,0.0015815000000003465,0.49707090000000065,0.49783860000000146,0.49783860000000146,,,,,,,1,,,0.0,0.0,0.0,0.0,0.0,0.0,0.0,0.0
ILP_CG-MP_t,quantum_memory_capacity,8,8,593145736,,25,40,10.0,0,0.0,0.0,0.0,4000.1850939921896,0.18509399218934652,4,7,40,0,4,"[0, 0, 0, 0]","[[4, 18, 12], [19, 13, 21], [3, 1, 15], [12, 6, 4]]","[[4, 18, 12], [19, 13, 21], [3, 1, 15], [12, 6, 4]]",40,40,40,160,0.5003842000000027,0.0005491999999982511,0.000798100000000801,0.5011823000000035,0.5020763000000024,0.5020763000000024,"{(0, 1): 1, (0, 5): 1, (1, 2): 2, (1, 6): 1, (2, 3): 3, (2, 7): 1, (3, 4): 2, (3, 8): 1, (4, 9): 1, (5, 10): 1, (6, 7): 2, (6, 11): 1, (7, 8): 2, (7, 12): 3, (8, 9): 1, (10, 15): 1, (11, 16): 1, (12, 17): 1, (13, 14): 2, (13, 18): 1, (14, 19): 2, (15, 16): 1, (17, 18): 2, (17, 22): 1, (19, 24): 1, (21, 22): 2, (22, 23): 1, (23, 24): 1}",3403111947,1899179786,2012288188,689960118,"[4265918666, 2813778286, 1199889537, 3769681090]",1,4029182149,"{'ilp_objective': 4000.1850939921896, 'ilp_expected_objective': 4000.1850939921896, 'ilp_expected_throughput_term': 0.18509399218934652, 'ilp_covered_requests': 4, 'ilp_selected_tree_count': 7, 'deployed_source_count': 40, 'ilp_objective_mode': 'coverage_expected_throughput', 'ilp_use_redundancy_reward': False, 'ilp_spend_remaining_budget_after_solve': True, 'ilp_status': 'OPTIMAL', 'ilp_cg_iterations': 1, 'ilp_cg_added_columns': 4, 'ilp_cg_pricing_mode': 'candidate_pool_exact', 'ilp_cg_pricing_pool_trees': 32, 'ilp_cg_pricing_pool_seed': 1934997417, 'ilp_cg_initial_seed': 1934997417, 'ilp_cg_final_solver_seed': 4122478884, 'ilp_cg_max_trees_per_request': 2, 'ilp_cg_max_pricing_columns_per_request': 1, 'ilp_selected_trees': 7, 'ilp_candidate_tree_counts': {0: 3, 1: 3, 2: 3, 3: 3}, 'ilp_minimum_routing_source_placement': {(0, 1): 1, (0, 5): 1, (1, 2): 2, (1, 6): 1, (2, 3): 3, (2, 7): 1, (3, 4): 2, (3, 8): 1, (4, 9): 1, (5, 10): 1, (6, 7): 2, (6, 11): 1, (7, 8): 2, (7, 12): 3, (8, 9): 1, (10, 15): 1, (11, 16): 1, (12, 17): 1, (13, 14): 2, (13, 18): 1, (14, 19): 2, (15, 16): 1, (17, 18): 2, (17, 22): 1, (19, 24): 1, (21, 22): 2, (22, 23): 1, (23, 24): 1}, 'ilp_optimized_z_used_budget': 40, 'ilp_deployed_used_budget': 40, 'ilp_redundant_used_budget': 40, 'ilp_redundant_routing_source_placement': {(0, 1): 1, (0, 5): 1, (1, 2): 2, (1, 6): 1, (2, 3): 3, (2, 7): 1, (3, 4): 2, (3, 8): 1, (4, 9): 1, (5, 10): 1, (6, 7): 2, (6, 11): 1, (7, 8): 2, (7, 12): 3, (8, 9): 1, (10, 15): 1, (11, 16): 1, (12, 17): 1, (13, 14): 2, (13, 18): 1, (14, 19): 2, (15, 16): 1, (17, 18): 2, (17, 22): 1, (19, 24): 1, (21, 22): 2, (22, 23): 1, (23, 24): 1}, 'ilp_redundant_memory_load': {0: 2, 1: 4, 2: 6, 3: 6, 4: 3, 5: 2, 6: 4, 7: 8, 8: 4, 9: 2, 10: 2, 11: 2, 12: 4, 13: 3, 14: 4, 15: 2, 16: 2, 17: 4, 18: 3, 19: 3, 21: 2, 22: 4, 23: 2, 24: 2}, 'used_budget': 40, 'candidate_edge_count': 40, 'effective_capacity': 160}",,,,,,,,
ILP_CG-MP_t,quantum_memory_capacity,8,8,593145736,,25,40,10.0,SUMMARY,0.0,0.0,0.0,,,,,,,,,,,,,,,0.5003842000000027,0.0005491999999982511,0.000798100000000801,0.5011823000000035,0.5020763000000024,0.5020763000000024,,,,,,,1,,,0.0,0.0,0.0,0.0,0.0,0.0,0.0,0.0
ILP-MP_t,quantum_memory_capacity,8,8,593145736,,25,40,10.0,0,1.0,1.0,1.0,4000.1850939921896,0.18509399218934652,4,7,40,1,3,"[1, 0, 0, 0]","[[4, 18, 12], [19, 13, 21], [3, 1, 15], [12, 6, 4]]","[[4, 18, 12], [19, 13, 21], [3, 1, 15], [12, 6, 4]]",40,40,40,160,0.0353420999999976,0.0007679999999972154,0.0017692999999994186,0.03711139999999702,0.03838020000000242,0.03838020000000242,"{(0, 1): 1, (0, 5): 1, (1, 2): 1, (2, 3): 1, (3, 4): 2, (3, 8): 2, (4, 9): 3, (5, 10): 1, (6, 7): 1, (6, 11): 1, (7, 8): 2, (7, 12): 2, (8, 9): 2, (8, 13): 2, (9, 14): 1, (10, 15): 1, (11, 12): 1, (12, 13): 3, (12, 17): 1, (13, 14): 1, (13, 18): 2, (14, 19): 2, (17, 18): 1, (18, 19): 1, (19, 24): 1, (21, 22): 1, (22, 23): 1, (23, 24): 1}",314954152,1899179786,2012288188,689960118,"[4265918666, 2813778286, 1199889537, 3769681090]",1,4029182149,"{'ilp_objective': 4000.1850939921896, 'ilp_expected_objective': 4000.1850939921896, 'ilp_expected_throughput_term': 0.18509399218934652, 'ilp_covered_requests': 4, 'ilp_selected_tree_count': 7, 'deployed_source_count': 40, 'ilp_objective_mode': 'coverage_expected_throughput', 'ilp_use_redundancy_reward': False, 'ilp_spend_remaining_budget_after_solve': True, 'ilp_status': 'OPTIMAL', 'ilp_candidate_seed': 1934997417, 'ilp_solver_seed': 1714257075, 'ilp_selected_trees': 7, 'ilp_candidate_tree_counts': {0: 4, 1: 4, 2: 4, 3: 4}, 'ilp_minimum_routing_source_placement': {(0, 1): 1, (0, 5): 1, (1, 2): 1, (2, 3): 1, (3, 4): 2, (3, 8): 2, (4, 9): 3, (5, 10): 1, (6, 7): 1, (6, 11): 1, (7, 8): 2, (7, 12): 2, (8, 9): 2, (8, 13): 2, (9, 14): 1, (10, 15): 1, (11, 12): 1, (12, 13): 3, (12, 17): 1, (13, 14): 1, (13, 18): 2, (14, 19): 2, (17, 18): 1, (18, 19): 1, (19, 24): 1, (21, 22): 1, (22, 23): 1, (23, 24): 1}, 'ilp_optimized_z_used_budget': 40, 'ilp_deployed_used_budget': 40, 'ilp_redundant_used_budget': 40, 'ilp_redundant_routing_source_placement': {(0, 1): 1, (0, 5): 1, (1, 2): 1, (2, 3): 1, (3, 4): 2, (3, 8): 2, (4, 9): 3, (5, 10): 1, (6, 7): 1, (6, 11): 1, (7, 8): 2, (7, 12): 2, (8, 9): 2, (8, 13): 2, (9, 14): 1, (10, 15): 1, (11, 12): 1, (12, 13): 3, (12, 17): 1, (13, 14): 1, (13, 18): 2, (14, 19): 2, (17, 18): 1, (18, 19): 1, (19, 24): 1, (21, 22): 1, (22, 23): 1, (23, 24): 1}, 'ilp_redundant_memory_load': {0: 2, 1: 2, 2: 2, 3: 5, 4: 5, 5: 2, 6: 2, 7: 5, 8: 8, 9: 6, 10: 2, 11: 2, 12: 7, 13: 8, 14: 4, 15: 1, 17: 2, 18: 4, 19: 4, 21: 1, 22: 2, 23: 2, 24: 2}, 'used_budget': 40, 'candidate_edge_count': 40, 'effective_capacity': 160}",,,,,,,,
ILP-MP_t,quantum_memory_capacity,8,8,593145736,,25,40,10.0,SUMMARY,1.0,1.0,1.0,,,,,,,,,,,,,,,0.0353420999999976,0.0007679999999972154,0.0017692999999994186,0.03711139999999702,0.03838020000000242,0.03838020000000242,,,,,,,1,,,0.0,0.0,0.0,0.0,0.0,0.0,0.0,0.0
BT-MP_t,quantum_memory_capacity,9,9,593145736,,25,40,10.0,0,1.0,1.0,1.0,,,,,40,1,3,"[1, 0, 0, 0]","[[4, 18, 12], [19, 13, 21], [3, 1, 15], [12, 6, 4]]","[[4, 18, 12], [19, 13, 21], [3, 1, 15], [12, 6, 4]]",40,40,40,160,0.0022367999999985955,0.00043020000000026926,0.0024559999999986815,0.004692799999997277,0.005474899999999394,0.005474899999999394,"{(12, 13): 1, (7, 12): 1, (11, 12): 1, (12, 17): 1, (6, 7): 1, (7, 8): 1, (6, 11): 1, (8, 13): 1, (11, 16): 1, (13, 18): 1, (16, 17): 1, (17, 18): 1, (2, 7): 1, (10, 11): 1, (13, 14): 1, (17, 22): 1, (16, 21): 1, (18, 19): 1, (18, 23): 1, (3, 8): 1, (5, 6): 1, (8, 9): 1, (15, 16): 1, (1, 6): 1, (1, 2): 1, (2, 3): 1, (5, 10): 1, (9, 14): 1, (10, 15): 1, (14, 19): 1, (21, 22): 1, (22, 23): 1, (4, 9): 1, (0, 1): 1, (0, 5): 1, (3, 4): 1, (15, 20): 1, (19, 24): 1, (20, 21): 1, (23, 24): 1}",1917356134,3074377297,2012288188,689960118,"[4265918666, 2813778286, 1199889537, 3769681090]",1,4029182149,"{'betweenness_scores': {(0, 1): 0.04896031746031746, (0, 5): 0.04896031746031746, (1, 2): 0.06992857142857144, (1, 6): 0.0758253968253968, (5, 6): 0.07582539682539681, (5, 10): 0.06992857142857144, (2, 3): 0.06992857142857144, (2, 7): 0.08376190476190479, (6, 7): 0.11528571428571432, (6, 11): 0.11528571428571428, (3, 4): 0.04896031746031746, (3, 8): 0.07582539682539681, (7, 8): 0.11528571428571431, (7, 12): 0.12957142857142856, (4, 9): 0.04896031746031747, (8, 9): 0.07582539682539681, (8, 13): 0.11528571428571428, (9, 14): 0.06992857142857144, (10, 11): 0.08376190476190479, (10, 15): 0.06992857142857144, (11, 12): 0.12957142857142856, (11, 16): 0.11528571428571428, (12, 13): 0.1295714285714286, (12, 17): 0.12957142857142856, (13, 14): 0.08376190476190479, (13, 18): 0.11528571428571428, (14, 19): 0.06992857142857144, (15, 16): 0.07582539682539681, (15, 20): 0.04896031746031746, (16, 17): 0.11528571428571428, (16, 21): 0.07582539682539682, (17, 18): 0.11528571428571428, (17, 22): 0.08376190476190476, (18, 19): 0.07582539682539682, (18, 23): 0.07582539682539682, (19, 24): 0.04896031746031746, (20, 21): 0.04896031746031746, (21, 22): 0.06992857142857144, (22, 23): 0.06992857142857144, (23, 24): 0.04896031746031746}, 'allocation': {(0, 1): 1, (0, 5): 1, (1, 2): 1, (1, 6): 1, (2, 3): 1, (2, 7): 1, (3, 4): 1, (3, 8): 1, (4, 9): 1, (5, 6): 1, (5, 10): 1, (6, 7): 1, (6, 11): 1, (7, 8): 1, (7, 12): 1, (8, 9): 1, (8, 13): 1, (9, 14): 1, (10, 11): 1, (10, 15): 1, (11, 12): 1, (11, 16): 1, (12, 13): 1, (12, 17): 1, (13, 14): 1, (13, 18): 1, (14, 19): 1, (15, 16): 1, (15, 20): 1, (16, 17): 1, (16, 21): 1, (17, 18): 1, (17, 22): 1, (18, 19): 1, (18, 23): 1, (19, 24): 1, (20, 21): 1, (21, 22): 1, (22, 23): 1, (23, 24): 1}, 'used_budget': 40, 'candidate_edge_count': 40, 'effective_capacity': 160}",,,,,,,,
BT-MP_t,quantum_memory_capacity,9,9,593145736,,25,40,10.0,SUMMARY,1.0,1.0,1.0,,,,,,,,,,,,,,,0.0022367999999985955,0.00043020000000026926,0.0024559999999986815,0.004692799999997277,0.005474899999999394,0.005474899999999394,,,,,,,1,,,0.0,0.0,0.0,0.0,0.0,0.0,0.0,0.0
DP-MP_t,quantum_memory_capacity,9,9,593145736,,25,40,10.0,0,1.0,1.0,1.0,,,,,40,1,3,"[1, 0, 0, 0]","[[4, 18, 12], [19, 13, 21], [3, 1, 15], [12, 6, 4]]","[[4, 18, 12], [19, 13, 21], [3, 1, 15], [12, 6, 4]]",40,40,40,160,0.028452800000000167,0.0004387000000001251,0.0022476000000004603,0.030700400000000627,0.0314546,0.0314546,"{(1, 2): 2, (1, 6): 2, (2, 3): 2, (3, 4): 2, (3, 8): 1, (4, 9): 2, (5, 10): 1, (6, 7): 1, (6, 11): 2, (7, 8): 2, (7, 12): 2, (8, 9): 1, (8, 13): 1, (9, 14): 1, (10, 15): 2, (11, 12): 2, (11, 16): 1, (12, 13): 2, (12, 17): 2, (13, 14): 2, (13, 18): 2, (14, 19): 1, (16, 21): 1, (17, 18): 1, (18, 19): 1, (21, 22): 1}",1401080234,1198487884,2012288188,689960118,"[4265918666, 2813778286, 1199889537, 3769681090]",1,4029182149,"{'used_budget': 40, 'candidate_edge_count': 40, 'effective_capacity': 160, 'dp_candidate_seed': 3229805457, 'dp_candidate_tree_counts': {0: 4, 1: 4, 2: 4, 3: 4}, 'dp_path_edge_count': 40, 'dp_allocation': {(0, 1): 0, (0, 5): 0, (1, 2): 2, (1, 6): 2, (2, 3): 2, (2, 7): 0, (3, 4): 2, (3, 8): 1, (4, 9): 2, (5, 6): 0, (5, 10): 1, (6, 7): 1, (6, 11): 2, (7, 8): 2, (7, 12): 2, (8, 9): 1, (8, 13): 1, (9, 14): 1, (10, 11): 0, (10, 15): 2, (11, 12): 2, (11, 16): 1, (12, 13): 2, (12, 17): 2, (13, 14): 2, (13, 18): 2, (14, 19): 1, (15, 16): 0, (15, 20): 0, (16, 17): 0, (16, 21): 1, (17, 18): 1, (17, 22): 0, (18, 19): 1, (18, 23): 0, (19, 24): 0, (20, 21): 0, (21, 22): 1, (22, 23): 0, (23, 24): 0}, 'dp_value': 10.063972155731298, 'dp_parts': {'F_topo': {(3, 4): 0.6617981174942295, (3, 8): 0.9259980525802042, (8, 13): 0.9578059071728648, (13, 18): 0.9675430055175571, (4, 9): 0.5709185329437713, (8, 9): 0.2671210645893824, (9, 14): 0.40214216163577754, (13, 14): 0.3326841934436417, (14, 19): 0.4904251866276513, (18, 19): 0.72963323596225, (2, 3): 0.6975008114247667, (2, 7): 0.39857189224272405, (7, 12): 0.7182732878934429, (7, 8): 0.5443037974682803, (12, 13): 0.9999999999998637, (1, 2): 0.6062966569294855, (1, 6): 0.7705290490099567, (6, 11): 0.881207400194622, (11, 16): 0.6919831223627751, (16, 21): 0.7101590392728669, (6, 7): 0.7426160337551729, (11, 12): 0.6432976306393149, (12, 17): 0.5705939629989485, (16, 17): 0.7169750081141508, (17, 18): 0.8493995456019614, (17, 22): 0.20772476468676174, (21, 22): 0.372606296656879, (18, 23): 0.08893216488151985, (22, 23): 0.12690684842581848, (19, 24): 0.0, (23, 24): 0.0, (0, 1): 0.006815968841284368, (0, 5): 0.006815968841284368, (5, 10): 0.12236286919829556, (10, 15): 0.3612463485880717, (5, 6): 0.07757221681271256, (10, 11): 0.20090879584547738, (15, 16): 0.7215189873416737, (20, 21): 0.030185004868545064, (15, 20): 0.030185004868545064}, 'F_demand': {(0, 1): 0.16666666666663887, (0, 5): 0.16666666666663887, (1, 2): 0.6666666666665555, (1, 6): 0.6666666666665555, (2, 3): 0.8333333333331945, (2, 7): 0.16666666666663887, (3, 4): 0.6666666666665555, (3, 8): 0.4999999999999167, (4, 9): 0.6666666666665555, (5, 6): 0.16666666666663887, (5, 10): 0.33333333333327775, (6, 7): 0.4999999999999167, (6, 11): 0.6666666666665555, (7, 8): 0.4999999999999167, (7, 12): 0.6666666666665555, (8, 9): 0.33333333333327775, (8, 13): 0.33333333333327775, (9, 14): 0.33333333333327775, (10, 11): 0.16666666666663887, (10, 15): 0.4999999999999167, (11, 12): 0.4999999999999167, (11, 16): 0.33333333333327775, (12, 13): 0.9999999999998334, (12, 17): 0.4999999999999167, (13, 14): 0.4999999999999167, (13, 18): 0.6666666666665555, (14, 19): 0.4999999999999167, (15, 16): 0.16666666666663887, (15, 20): 0.0, (16, 17): 0.16666666666663887, (16, 21): 0.33333333333327775, (17, 18): 0.4999999999999167, (17, 22): 0.16666666666663887, (18, 19): 0.4999999999999167, (18, 23): 0.0, (19, 24): 0.16666666666663887, (20, 21): 0.0, (21, 22): 0.33333333333327775, (22, 23): 0.16666666666663887, (23, 24): 0.16666666666663887}, 'F_qual': {(0, 1): 0.0, (0, 5): 0.0, (1, 2): 0.0, (1, 6): 0.0, (2, 3): 0.0, (2, 7): 0.0, (3, 4): 0.0, (3, 8): 0.0, (4, 9): 0.0, (5, 6): 0.0, (5, 10): 0.0, (6, 7): 0.0, (6, 11): 0.0, (7, 8): 0.0, (7, 12): 0.0, (8, 9): 0.0, (8, 13): 0.0, (9, 14): 0.0, (10, 11): 0.0, (10, 15): 0.0, (11, 12): 0.0, (11, 16): 0.0, (12, 13): 0.0, (12, 17): 0.0, (13, 14): 0.0, (13, 18): 0.0, (14, 19): 0.0, (15, 16): 0.0, (15, 20): 0.0, (16, 17): 0.0, (16, 21): 0.0, (17, 18): 0.0, (17, 22): 0.0, (18, 19): 0.0, (18, 23): 0.0, (19, 24): 0.0, (20, 21): 0.0, (21, 22): 0.0, (22, 23): 0.0, (23, 24): 0.0}, 'F_overlap': {(0, 1): 0.0, (0, 5): 0.0, (1, 2): 0.0, (1, 6): 0.0, (2, 3): 0.0, (2, 7): 0.0, (3, 4): 0.0, (3, 8): 0.0, (4, 9): 0.0, (5, 6): 0.0, (5, 10): 0.0, (6, 7): 0.0, (6, 11): 0.0, (7, 8): 0.0, (7, 12): 0.0, (8, 9): 0.0, (8, 13): 0.0, (9, 14): 0.0, (10, 11): 0.0, (10, 15): 0.0, (11, 12): 0.0, (11, 16): 0.0, (12, 13): 0.0, (12, 17): 0.0, (13, 14): 0.0, (13, 18): 0.0, (14, 19): 0.0, (15, 16): 0.0, (15, 20): 0.0, (16, 17): 0.0, (16, 21): 0.0, (17, 18): 0.0, (17, 22): 0.0, (18, 19): 0.0, (18, 23): 0.0, (19, 24): 0.0, (20, 21): 0.0, (21, 22): 0.0, (22, 23): 0.0, (23, 24): 0.0}}, 'dp_total_pairs': 40}",,,,,,,,
DP-MP_t,quantum_memory_capacity,9,9,593145736,,25,40,10.0,SUMMARY,1.0,1.0,1.0,,,,,,,,,,,,,,,0.028452800000000167,0.0004387000000001251,0.0022476000000004603,0.030700400000000627,0.0314546,0.0314546,,,,,,,1,,,0.0,0.0,0.0,0.0,0.0,0.0,0.0,0.0
LP_R-MP_t,quantum_memory_capacity,9,9,593145736,,25,40,10.0,0,1.0,1.0,1.0,4000.238187250793,0.2381872507928977,4,7,40,1,3,"[1, 0, 0, 0]","[[4, 18, 12], [19, 13, 21], [3, 1, 15], [12, 6, 4]]","[[4, 18, 12], [19, 13, 21], [3, 1, 15], [12, 6, 4]]",40,40,40,160,0.4964271000000018,0.00047049999999870806,0.0016247999999983165,0.4980519000000001,0.4989770999999976,0.4989770999999976,"{(0, 1): 1, (0, 5): 1, (1, 2): 1, (2, 3): 1, (3, 4): 2, (3, 8): 2, (4, 9): 3, (5, 10): 1, (6, 7): 2, (6, 11): 1, (7, 8): 2, (7, 12): 2, (8, 9): 2, (8, 13): 2, (9, 14): 1, (10, 15): 1, (11, 12): 1, (12, 13): 2, (12, 17): 1, (13, 14): 1, (13, 18): 3, (14, 19): 2, (17, 18): 2, (17, 22): 1, (18, 19): 1, (21, 22): 1}",148139878,1899179786,2012288188,689960118,"[4265918666, 2813778286, 1199889537, 3769681090]",1,4029182149,"{'lp_objective': 4000.238187250793, 'ilp_expected_objective': 4000.238187250793, 'ilp_expected_throughput_term': 0.2381872507928977, 'ilp_covered_requests': 4, 'ilp_selected_tree_count': 7, 'deployed_source_count': 40, 'ilp_objective_mode': 'coverage_expected_throughput', 'lp_status': 'OPTIMAL', 'lp_candidate_seed': 1934997417, 'lp_solver_seed': 1901584977, 'lp_selected_trees': 7, 'lp_candidate_tree_counts': {0: 10, 1: 8, 2: 5, 3: 11}, 'lp_minimum_routing_source_placement': None, 'lp_used_budget': 40, 'lp_memory_load': {0: 2, 1: 2, 2: 2, 3: 5, 4: 5, 5: 2, 6: 3, 7: 6, 8: 8, 9: 6, 10: 2, 11: 2, 12: 6, 13: 8, 14: 4, 15: 1, 17: 4, 18: 6, 19: 3, 21: 1, 22: 2}, 'used_budget': 40, 'candidate_edge_count': 40, 'effective_capacity': 160}",,,,,,,,
LP_R-MP_t,quantum_memory_capacity,9,9,593145736,,25,40,10.0,SUMMARY,1.0,1.0,1.0,,,,,,,,,,,,,,,0.4964271000000018,0.00047049999999870806,0.0016247999999983165,0.4980519000000001,0.4989770999999976,0.4989770999999976,,,,,,,1,,,0.0,0.0,0.0,0.0,0.0,0.0,0.0,0.0
ILP_CG-MP_t,quantum_memory_capacity,9,9,593145736,,25,40,10.0,0,1.0,1.0,1.0,4000.1652938821517,0.16529388215147722,4,6,40,1,3,"[1, 0, 0, 0]","[[4, 18, 12], [19, 13, 21], [3, 1, 15], [12, 6, 4]]","[[4, 18, 12], [19, 13, 21], [3, 1, 15], [12, 6, 4]]",40,40,40,160,0.4973222999999969,0.000543799999999095,0.0013149000000005628,0.49863719999999745,0.49954709999999736,0.49954709999999736,"{(0, 1): 1, (0, 5): 1, (1, 2): 2, (1, 6): 1, (2, 3): 3, (2, 7): 1, (3, 4): 2, (3, 8): 1, (4, 9): 1, (5, 6): 1, (5, 10): 1, (6, 7): 2, (6, 11): 1, (7, 8): 2, (7, 12): 3, (8, 9): 1, (8, 13): 1, (9, 14): 1, (10, 15): 1, (11, 16): 1, (12, 13): 1, (12, 17): 1, (13, 14): 1, (13, 18): 1, (14, 19): 1, (15, 16): 1, (17, 18): 1, (18, 19): 1, (19, 24): 1, (21, 22): 1, (22, 23): 1, (23, 24): 1}",3403111947,1899179786,2012288188,689960118,"[4265918666, 2813778286, 1199889537, 3769681090]",1,4029182149,"{'ilp_objective': 4000.1652938821517, 'ilp_expected_objective': 4000.1652938821517, 'ilp_expected_throughput_term': 0.16529388215147722, 'ilp_covered_requests': 4, 'ilp_selected_tree_count': 6, 'deployed_source_count': 40, 'ilp_objective_mode': 'coverage_expected_throughput', 'ilp_use_redundancy_reward': False, 'ilp_spend_remaining_budget_after_solve': True, 'ilp_status': 'OPTIMAL', 'ilp_cg_iterations': 1, 'ilp_cg_added_columns': 4, 'ilp_cg_pricing_mode': 'candidate_pool_exact', 'ilp_cg_pricing_pool_trees': 32, 'ilp_cg_pricing_pool_seed': 1934997417, 'ilp_cg_initial_seed': 1934997417, 'ilp_cg_final_solver_seed': 4122478884, 'ilp_cg_max_trees_per_request': 2, 'ilp_cg_max_pricing_columns_per_request': 1, 'ilp_selected_trees': 6, 'ilp_candidate_tree_counts': {0: 3, 1: 3, 2: 3, 3: 3}, 'ilp_minimum_routing_source_placement': {(0, 1): 1, (0, 5): 1, (1, 2): 2, (1, 6): 1, (2, 3): 3, (2, 7): 1, (3, 4): 2, (3, 8): 1, (4, 9): 1, (5, 10): 1, (6, 7): 2, (6, 11): 1, (7, 8): 2, (7, 12): 3, (8, 9): 1, (10, 15): 1, (11, 16): 1, (12, 17): 1, (13, 14): 1, (14, 19): 1, (15, 16): 1, (17, 18): 1, (19, 24): 1, (21, 22): 1, (22, 23): 1, (23, 24): 1}, 'ilp_optimized_z_used_budget': 34, 'ilp_deployed_used_budget': 40, 'ilp_redundant_used_budget': 40, 'ilp_redundant_routing_source_placement': {(0, 1): 1, (0, 5): 1, (1, 2): 2, (1, 6): 1, (2, 3): 3, (2, 7): 1, (3, 4): 2, (3, 8): 1, (4, 9): 1, (5, 6): 1, (5, 10): 1, (6, 7): 2, (6, 11): 1, (7, 8): 2, (7, 12): 3, (8, 9): 1, (8, 13): 1, (9, 14): 1, (10, 15): 1, (11, 16): 1, (12, 13): 1, (12, 17): 1, (13, 14): 1, (13, 18): 1, (14, 19): 1, (15, 16): 1, (17, 18): 1, (18, 19): 1, (19, 24): 1, (21, 22): 1, (22, 23): 1, (23, 24): 1}, 'ilp_redundant_memory_load': {0: 2, 1: 4, 2: 6, 3: 6, 4: 3, 5: 3, 6: 5, 7: 8, 8: 5, 9: 3, 10: 2, 11: 2, 12: 5, 13: 4, 14: 3, 15: 2, 16: 2, 17: 2, 18: 3, 19: 3, 21: 1, 22: 2, 23: 2, 24: 2}, 'used_budget': 40, 'candidate_edge_count': 40, 'effective_capacity': 160}",,,,,,,,
ILP_CG-MP_t,quantum_memory_capacity,9,9,593145736,,25,40,10.0,SUMMARY,1.0,1.0,1.0,,,,,,,,,,,,,,,0.4973222999999969,0.000543799999999095,0.0013149000000005628,0.49863719999999745,0.49954709999999736,0.49954709999999736,,,,,,,1,,,0.0,0.0,0.0,0.0,0.0,0.0,0.0,0.0
ILP-MP_t,quantum_memory_capacity,9,9,593145736,,25,40,10.0,0,1.0,1.0,1.0,4000.1850939921896,0.18509399218934652,4,7,40,1,3,"[1, 0, 0, 0]","[[4, 18, 12], [19, 13, 21], [3, 1, 15], [12, 6, 4]]","[[4, 18, 12], [19, 13, 21], [3, 1, 15], [12, 6, 4]]",40,40,40,160,0.035013500000001585,0.0005202999999980307,0.0012457999999995195,0.036259300000001105,0.037112499999999216,0.037112499999999216,"{(0, 1): 1, (0, 5): 1, (1, 2): 1, (2, 3): 2, (2, 7): 1, (3, 4): 3, (3, 8): 2, (4, 9): 2, (5, 10): 1, (6, 7): 1, (7, 8): 2, (7, 12): 3, (8, 9): 1, (8, 13): 1, (9, 14): 1, (10, 15): 1, (12, 13): 2, (12, 17): 2, (13, 14): 1, (13, 18): 3, (14, 19): 2, (17, 18): 3, (17, 22): 1, (18, 19): 1, (21, 22): 1}",314954152,1899179786,2012288188,689960118,"[4265918666, 2813778286, 1199889537, 3769681090]",1,4029182149,"{'ilp_objective': 4000.1850939921896, 'ilp_expected_objective': 4000.1850939921896, 'ilp_expected_throughput_term': 0.18509399218934652, 'ilp_covered_requests': 4, 'ilp_selected_tree_count': 7, 'deployed_source_count': 40, 'ilp_objective_mode': 'coverage_expected_throughput', 'ilp_use_redundancy_reward': False, 'ilp_spend_remaining_budget_after_solve': True, 'ilp_status': 'OPTIMAL', 'ilp_candidate_seed': 1934997417, 'ilp_solver_seed': 1714257075, 'ilp_selected_trees': 7, 'ilp_candidate_tree_counts': {0: 4, 1: 4, 2: 4, 3: 4}, 'ilp_minimum_routing_source_placement': {(0, 1): 1, (0, 5): 1, (1, 2): 1, (2, 3): 2, (2, 7): 1, (3, 4): 3, (3, 8): 2, (4, 9): 2, (5, 10): 1, (6, 7): 1, (7, 8): 2, (7, 12): 3, (8, 9): 1, (8, 13): 1, (9, 14): 1, (10, 15): 1, (12, 13): 2, (12, 17): 2, (13, 14): 1, (13, 18): 3, (14, 19): 2, (17, 18): 3, (17, 22): 1, (18, 19): 1, (21, 22): 1}, 'ilp_optimized_z_used_budget': 40, 'ilp_deployed_used_budget': 40, 'ilp_redundant_used_budget': 40, 'ilp_redundant_routing_source_placement': {(0, 1): 1, (0, 5): 1, (1, 2): 1, (2, 3): 2, (2, 7): 1, (3, 4): 3, (3, 8): 2, (4, 9): 2, (5, 10): 1, (6, 7): 1, (7, 8): 2, (7, 12): 3, (8, 9): 1, (8, 13): 1, (9, 14): 1, (10, 15): 1, (12, 13): 2, (12, 17): 2, (13, 14): 1, (13, 18): 3, (14, 19): 2, (17, 18): 3, (17, 22): 1, (18, 19): 1, (21, 22): 1}, 'ilp_redundant_memory_load': {0: 2, 1: 2, 2: 4, 3: 7, 4: 5, 5: 2, 6: 1, 7: 7, 8: 6, 9: 4, 10: 2, 12: 7, 13: 7, 14: 4, 15: 1, 17: 6, 18: 7, 19: 3, 21: 1, 22: 2}, 'used_budget': 40, 'candidate_edge_count': 40, 'effective_capacity': 160}",,,,,,,,
ILP-MP_t,quantum_memory_capacity,9,9,593145736,,25,40,10.0,SUMMARY,1.0,1.0,1.0,,,,,,,,,,,,,,,0.035013500000001585,0.0005202999999980307,0.0012457999999995195,0.036259300000001105,0.037112499999999216,0.037112499999999216,,,,,,,1,,,0.0,0.0,0.0,0.0,0.0,0.0,0.0,0.0
BT-MP_t,quantum_memory_capacity,10,10,593145736,,25,40,10.0,0,1.0,1.0,1.0,,,,,40,1,3,"[1, 0, 0, 0]","[[4, 18, 12], [19, 13, 21], [3, 1, 15], [12, 6, 4]]","[[4, 18, 12], [19, 13, 21], [3, 1, 15], [12, 6, 4]]",40,40,40,160,0.002313199999999682,0.0004540000000012867,0.0019300999999991575,0.00424329999999884,0.005061200000000099,0.005061200000000099,"{(12, 13): 1, (7, 12): 1, (11, 12): 1, (12, 17): 1, (6, 7): 1, (7, 8): 1, (6, 11): 1, (8, 13): 1, (11, 16): 1, (13, 18): 1, (16, 17): 1, (17, 18): 1, (2, 7): 1, (10, 11): 1, (13, 14): 1, (17, 22): 1, (16, 21): 1, (18, 19): 1, (18, 23): 1, (3, 8): 1, (5, 6): 1, (8, 9): 1, (15, 16): 1, (1, 6): 1, (1, 2): 1, (2, 3): 1, (5, 10): 1, (9, 14): 1, (10, 15): 1, (14, 19): 1, (21, 22): 1, (22, 23): 1, (4, 9): 1, (0, 1): 1, (0, 5): 1, (3, 4): 1, (15, 20): 1, (19, 24): 1, (20, 21): 1, (23, 24): 1}",1917356134,3074377297,2012288188,689960118,"[4265918666, 2813778286, 1199889537, 3769681090]",1,4029182149,"{'betweenness_scores': {(0, 1): 0.04896031746031746, (0, 5): 0.04896031746031746, (1, 2): 0.06992857142857144, (1, 6): 0.0758253968253968, (5, 6): 0.07582539682539681, (5, 10): 0.06992857142857144, (2, 3): 0.06992857142857144, (2, 7): 0.08376190476190479, (6, 7): 0.11528571428571432, (6, 11): 0.11528571428571428, (3, 4): 0.04896031746031746, (3, 8): 0.07582539682539681, (7, 8): 0.11528571428571431, (7, 12): 0.12957142857142856, (4, 9): 0.04896031746031747, (8, 9): 0.07582539682539681, (8, 13): 0.11528571428571428, (9, 14): 0.06992857142857144, (10, 11): 0.08376190476190479, (10, 15): 0.06992857142857144, (11, 12): 0.12957142857142856, (11, 16): 0.11528571428571428, (12, 13): 0.1295714285714286, (12, 17): 0.12957142857142856, (13, 14): 0.08376190476190479, (13, 18): 0.11528571428571428, (14, 19): 0.06992857142857144, (15, 16): 0.07582539682539681, (15, 20): 0.04896031746031746, (16, 17): 0.11528571428571428, (16, 21): 0.07582539682539682, (17, 18): 0.11528571428571428, (17, 22): 0.08376190476190476, (18, 19): 0.07582539682539682, (18, 23): 0.07582539682539682, (19, 24): 0.04896031746031746, (20, 21): 0.04896031746031746, (21, 22): 0.06992857142857144, (22, 23): 0.06992857142857144, (23, 24): 0.04896031746031746}, 'allocation': {(0, 1): 1, (0, 5): 1, (1, 2): 1, (1, 6): 1, (2, 3): 1, (2, 7): 1, (3, 4): 1, (3, 8): 1, (4, 9): 1, (5, 6): 1, (5, 10): 1, (6, 7): 1, (6, 11): 1, (7, 8): 1, (7, 12): 1, (8, 9): 1, (8, 13): 1, (9, 14): 1, (10, 11): 1, (10, 15): 1, (11, 12): 1, (11, 16): 1, (12, 13): 1, (12, 17): 1, (13, 14): 1, (13, 18): 1, (14, 19): 1, (15, 16): 1, (15, 20): 1, (16, 17): 1, (16, 21): 1, (17, 18): 1, (17, 22): 1, (18, 19): 1, (18, 23): 1, (19, 24): 1, (20, 21): 1, (21, 22): 1, (22, 23): 1, (23, 24): 1}, 'used_budget': 40, 'candidate_edge_count': 40, 'effective_capacity': 160}",,,,,,,,
BT-MP_t,quantum_memory_capacity,10,10,593145736,,25,40,10.0,SUMMARY,1.0,1.0,1.0,,,,,,,,,,,,,,,0.002313199999999682,0.0004540000000012867,0.0019300999999991575,0.00424329999999884,0.005061200000000099,0.005061200000000099,,,,,,,1,,,0.0,0.0,0.0,0.0,0.0,0.0,0.0,0.0
DP-MP_t,quantum_memory_capacity,10,10,593145736,,25,40,10.0,0,1.0,1.0,1.0,,,,,40,1,3,"[1, 0, 0, 0]","[[4, 18, 12], [19, 13, 21], [3, 1, 15], [12, 6, 4]]","[[4, 18, 12], [19, 13, 21], [3, 1, 15], [12, 6, 4]]",40,40,40,160,0.02883939999999896,0.00046020000000268624,0.0018066999999994948,0.030646099999998455,0.03142040000000179,0.03142040000000179,"{(1, 2): 2, (1, 6): 2, (2, 3): 2, (3, 4): 2, (3, 8): 1, (4, 9): 2, (5, 10): 1, (6, 7): 1, (6, 11): 2, (7, 8): 2, (7, 12): 2, (8, 9): 1, (8, 13): 1, (9, 14): 1, (10, 15): 2, (11, 12): 2, (11, 16): 1, (12, 13): 2, (12, 17): 2, (13, 14): 2, (13, 18): 2, (14, 19): 1, (16, 21): 1, (17, 18): 1, (18, 19): 1, (21, 22): 1}",1401080234,1198487884,2012288188,689960118,"[4265918666, 2813778286, 1199889537, 3769681090]",1,4029182149,"{'used_budget': 40, 'candidate_edge_count': 40, 'effective_capacity': 160, 'dp_candidate_seed': 3229805457, 'dp_candidate_tree_counts': {0: 4, 1: 4, 2: 4, 3: 4}, 'dp_path_edge_count': 40, 'dp_allocation': {(0, 1): 0, (0, 5): 0, (1, 2): 2, (1, 6): 2, (2, 3): 2, (2, 7): 0, (3, 4): 2, (3, 8): 1, (4, 9): 2, (5, 6): 0, (5, 10): 1, (6, 7): 1, (6, 11): 2, (7, 8): 2, (7, 12): 2, (8, 9): 1, (8, 13): 1, (9, 14): 1, (10, 11): 0, (10, 15): 2, (11, 12): 2, (11, 16): 1, (12, 13): 2, (12, 17): 2, (13, 14): 2, (13, 18): 2, (14, 19): 1, (15, 16): 0, (15, 20): 0, (16, 17): 0, (16, 21): 1, (17, 18): 1, (17, 22): 0, (18, 19): 1, (18, 23): 0, (19, 24): 0, (20, 21): 0, (21, 22): 1, (22, 23): 0, (23, 24): 0}, 'dp_value': 10.063972155731298, 'dp_parts': {'F_topo': {(3, 4): 0.6617981174942295, (3, 8): 0.9259980525802042, (8, 13): 0.9578059071728648, (13, 18): 0.9675430055175571, (4, 9): 0.5709185329437713, (8, 9): 0.2671210645893824, (9, 14): 0.40214216163577754, (13, 14): 0.3326841934436417, (14, 19): 0.4904251866276513, (18, 19): 0.72963323596225, (2, 3): 0.6975008114247667, (2, 7): 0.39857189224272405, (7, 12): 0.7182732878934429, (7, 8): 0.5443037974682803, (12, 13): 0.9999999999998637, (1, 2): 0.6062966569294855, (1, 6): 0.7705290490099567, (6, 11): 0.881207400194622, (11, 16): 0.6919831223627751, (16, 21): 0.7101590392728669, (6, 7): 0.7426160337551729, (11, 12): 0.6432976306393149, (12, 17): 0.5705939629989485, (16, 17): 0.7169750081141508, (17, 18): 0.8493995456019614, (17, 22): 0.20772476468676174, (21, 22): 0.372606296656879, (18, 23): 0.08893216488151985, (22, 23): 0.12690684842581848, (19, 24): 0.0, (23, 24): 0.0, (0, 1): 0.006815968841284368, (0, 5): 0.006815968841284368, (5, 10): 0.12236286919829556, (10, 15): 0.3612463485880717, (5, 6): 0.07757221681271256, (10, 11): 0.20090879584547738, (15, 16): 0.7215189873416737, (20, 21): 0.030185004868545064, (15, 20): 0.030185004868545064}, 'F_demand': {(0, 1): 0.16666666666663887, (0, 5): 0.16666666666663887, (1, 2): 0.6666666666665555, (1, 6): 0.6666666666665555, (2, 3): 0.8333333333331945, (2, 7): 0.16666666666663887, (3, 4): 0.6666666666665555, (3, 8): 0.4999999999999167, (4, 9): 0.6666666666665555, (5, 6): 0.16666666666663887, (5, 10): 0.33333333333327775, (6, 7): 0.4999999999999167, (6, 11): 0.6666666666665555, (7, 8): 0.4999999999999167, (7, 12): 0.6666666666665555, (8, 9): 0.33333333333327775, (8, 13): 0.33333333333327775, (9, 14): 0.33333333333327775, (10, 11): 0.16666666666663887, (10, 15): 0.4999999999999167, (11, 12): 0.4999999999999167, (11, 16): 0.33333333333327775, (12, 13): 0.9999999999998334, (12, 17): 0.4999999999999167, (13, 14): 0.4999999999999167, (13, 18): 0.6666666666665555, (14, 19): 0.4999999999999167, (15, 16): 0.16666666666663887, (15, 20): 0.0, (16, 17): 0.16666666666663887, (16, 21): 0.33333333333327775, (17, 18): 0.4999999999999167, (17, 22): 0.16666666666663887, (18, 19): 0.4999999999999167, (18, 23): 0.0, (19, 24): 0.16666666666663887, (20, 21): 0.0, (21, 22): 0.33333333333327775, (22, 23): 0.16666666666663887, (23, 24): 0.16666666666663887}, 'F_qual': {(0, 1): 0.0, (0, 5): 0.0, (1, 2): 0.0, (1, 6): 0.0, (2, 3): 0.0, (2, 7): 0.0, (3, 4): 0.0, (3, 8): 0.0, (4, 9): 0.0, (5, 6): 0.0, (5, 10): 0.0, (6, 7): 0.0, (6, 11): 0.0, (7, 8): 0.0, (7, 12): 0.0, (8, 9): 0.0, (8, 13): 0.0, (9, 14): 0.0, (10, 11): 0.0, (10, 15): 0.0, (11, 12): 0.0, (11, 16): 0.0, (12, 13): 0.0, (12, 17): 0.0, (13, 14): 0.0, (13, 18): 0.0, (14, 19): 0.0, (15, 16): 0.0, (15, 20): 0.0, (16, 17): 0.0, (16, 21): 0.0, (17, 18): 0.0, (17, 22): 0.0, (18, 19): 0.0, (18, 23): 0.0, (19, 24): 0.0, (20, 21): 0.0, (21, 22): 0.0, (22, 23): 0.0, (23, 24): 0.0}, 'F_overlap': {(0, 1): 0.0, (0, 5): 0.0, (1, 2): 0.0, (1, 6): 0.0, (2, 3): 0.0, (2, 7): 0.0, (3, 4): 0.0, (3, 8): 0.0, (4, 9): 0.0, (5, 6): 0.0, (5, 10): 0.0, (6, 7): 0.0, (6, 11): 0.0, (7, 8): 0.0, (7, 12): 0.0, (8, 9): 0.0, (8, 13): 0.0, (9, 14): 0.0, (10, 11): 0.0, (10, 15): 0.0, (11, 12): 0.0, (11, 16): 0.0, (12, 13): 0.0, (12, 17): 0.0, (13, 14): 0.0, (13, 18): 0.0, (14, 19): 0.0, (15, 16): 0.0, (15, 20): 0.0, (16, 17): 0.0, (16, 21): 0.0, (17, 18): 0.0, (17, 22): 0.0, (18, 19): 0.0, (18, 23): 0.0, (19, 24): 0.0, (20, 21): 0.0, (21, 22): 0.0, (22, 23): 0.0, (23, 24): 0.0}}, 'dp_total_pairs': 40}",,,,,,,,
DP-MP_t,quantum_memory_capacity,10,10,593145736,,25,40,10.0,SUMMARY,1.0,1.0,1.0,,,,,,,,,,,,,,,0.02883939999999896,0.00046020000000268624,0.0018066999999994948,0.030646099999998455,0.03142040000000179,0.03142040000000179,,,,,,,1,,,0.0,0.0,0.0,0.0,0.0,0.0,0.0,0.0
LP_R-MP_t,quantum_memory_capacity,10,10,593145736,,25,40,10.0,0,1.0,1.0,1.0,4000.238187250793,0.2381872507928977,4,7,40,1,3,"[1, 0, 0, 0]","[[4, 18, 12], [19, 13, 21], [3, 1, 15], [12, 6, 4]]","[[4, 18, 12], [19, 13, 21], [3, 1, 15], [12, 6, 4]]",40,40,40,160,0.541579200000001,0.00048160000000052605,0.0012211999999998113,0.5428004000000008,0.5435857000000013,0.5435857000000013,"{(0, 1): 1, (0, 5): 1, (1, 2): 1, (2, 3): 2, (2, 7): 1, (3, 4): 3, (3, 8): 2, (4, 9): 2, (5, 10): 1, (6, 7): 2, (7, 8): 2, (7, 12): 3, (8, 9): 2, (8, 13): 2, (10, 15): 1, (11, 12): 1, (12, 13): 3, (13, 14): 1, (13, 18): 3, (14, 19): 1, (17, 18): 1, (18, 19): 1, (18, 23): 1, (21, 22): 1, (22, 23): 1}",148139878,1899179786,2012288188,689960118,"[4265918666, 2813778286, 1199889537, 3769681090]",1,4029182149,"{'lp_objective': 4000.238187250793, 'ilp_expected_objective': 4000.238187250793, 'ilp_expected_throughput_term': 0.2381872507928977, 'ilp_covered_requests': 4, 'ilp_selected_tree_count': 7, 'deployed_source_count': 40, 'ilp_objective_mode': 'coverage_expected_throughput', 'lp_status': 'OPTIMAL', 'lp_candidate_seed': 1934997417, 'lp_solver_seed': 1901584977, 'lp_selected_trees': 7, 'lp_candidate_tree_counts': {0: 10, 1: 8, 2: 5, 3: 11}, 'lp_minimum_routing_source_placement': None, 'lp_used_budget': 40, 'lp_memory_load': {0: 2, 1: 2, 2: 4, 3: 7, 4: 5, 5: 2, 6: 2, 7: 8, 8: 8, 9: 4, 10: 2, 11: 1, 12: 7, 13: 9, 14: 2, 15: 1, 17: 1, 18: 6, 19: 2, 21: 1, 22: 2, 23: 2}, 'used_budget': 40, 'candidate_edge_count': 40, 'effective_capacity': 160}",,,,,,,,
LP_R-MP_t,quantum_memory_capacity,10,10,593145736,,25,40,10.0,SUMMARY,1.0,1.0,1.0,,,,,,,,,,,,,,,0.541579200000001,0.00048160000000052605,0.0012211999999998113,0.5428004000000008,0.5435857000000013,0.5435857000000013,,,,,,,1,,,0.0,0.0,0.0,0.0,0.0,0.0,0.0,0.0
ILP_CG-MP_t,quantum_memory_capacity,10,10,593145736,,25,40,10.0,0,1.0,1.0,1.0,4000.1652938821517,0.16529388215147722,4,6,40,1,3,"[1, 0, 0, 0]","[[4, 18, 12], [19, 13, 21], [3, 1, 15], [12, 6, 4]]","[[4, 18, 12], [19, 13, 21], [3, 1, 15], [12, 6, 4]]",40,40,40,160,0.5086634999999973,0.00047740000000118243,0.0014180999999986454,0.5100815999999959,0.5109016000000004,0.5109016000000004,"{(0, 1): 1, (0, 5): 1, (1, 2): 2, (1, 6): 1, (2, 3): 3, (2, 7): 1, (3, 4): 2, (3, 8): 1, (4, 9): 1, (5, 6): 1, (5, 10): 1, (6, 7): 2, (6, 11): 1, (7, 8): 2, (7, 12): 3, (8, 9): 1, (8, 13): 1, (9, 14): 1, (10, 15): 1, (11, 16): 1, (12, 13): 1, (12, 17): 1, (13, 14): 1, (13, 18): 1, (14, 19): 1, (15, 16): 1, (17, 18): 1, (18, 19): 1, (19, 24): 1, (21, 22): 1, (22, 23): 1, (23, 24): 1}",3403111947,1899179786,2012288188,689960118,"[4265918666, 2813778286, 1199889537, 3769681090]",1,4029182149,"{'ilp_objective': 4000.1652938821517, 'ilp_expected_objective': 4000.1652938821517, 'ilp_expected_throughput_term': 0.16529388215147722, 'ilp_covered_requests': 4, 'ilp_selected_tree_count': 6, 'deployed_source_count': 40, 'ilp_objective_mode': 'coverage_expected_throughput', 'ilp_use_redundancy_reward': False, 'ilp_spend_remaining_budget_after_solve': True, 'ilp_status': 'OPTIMAL', 'ilp_cg_iterations': 1, 'ilp_cg_added_columns': 4, 'ilp_cg_pricing_mode': 'candidate_pool_exact', 'ilp_cg_pricing_pool_trees': 32, 'ilp_cg_pricing_pool_seed': 1934997417, 'ilp_cg_initial_seed': 1934997417, 'ilp_cg_final_solver_seed': 4122478884, 'ilp_cg_max_trees_per_request': 2, 'ilp_cg_max_pricing_columns_per_request': 1, 'ilp_selected_trees': 6, 'ilp_candidate_tree_counts': {0: 3, 1: 3, 2: 3, 3: 3}, 'ilp_minimum_routing_source_placement': {(0, 1): 1, (0, 5): 1, (1, 2): 2, (1, 6): 1, (2, 3): 3, (2, 7): 1, (3, 4): 2, (3, 8): 1, (4, 9): 1, (5, 10): 1, (6, 7): 2, (6, 11): 1, (7, 8): 2, (7, 12): 3, (8, 9): 1, (10, 15): 1, (11, 16): 1, (12, 17): 1, (13, 14): 1, (14, 19): 1, (15, 16): 1, (17, 18): 1, (19, 24): 1, (21, 22): 1, (22, 23): 1, (23, 24): 1}, 'ilp_optimized_z_used_budget': 34, 'ilp_deployed_used_budget': 40, 'ilp_redundant_used_budget': 40, 'ilp_redundant_routing_source_placement': {(0, 1): 1, (0, 5): 1, (1, 2): 2, (1, 6): 1, (2, 3): 3, (2, 7): 1, (3, 4): 2, (3, 8): 1, (4, 9): 1, (5, 6): 1, (5, 10): 1, (6, 7): 2, (6, 11): 1, (7, 8): 2, (7, 12): 3, (8, 9): 1, (8, 13): 1, (9, 14): 1, (10, 15): 1, (11, 16): 1, (12, 13): 1, (12, 17): 1, (13, 14): 1, (13, 18): 1, (14, 19): 1, (15, 16): 1, (17, 18): 1, (18, 19): 1, (19, 24): 1, (21, 22): 1, (22, 23): 1, (23, 24): 1}, 'ilp_redundant_memory_load': {0: 2, 1: 4, 2: 6, 3: 6, 4: 3, 5: 3, 6: 5, 7: 8, 8: 5, 9: 3, 10: 2, 11: 2, 12: 5, 13: 4, 14: 3, 15: 2, 16: 2, 17: 2, 18: 3, 19: 3, 21: 1, 22: 2, 23: 2, 24: 2}, 'used_budget': 40, 'candidate_edge_count': 40, 'effective_capacity': 160}",,,,,,,,
ILP_CG-MP_t,quantum_memory_capacity,10,10,593145736,,25,40,10.0,SUMMARY,1.0,1.0,1.0,,,,,,,,,,,,,,,0.5086634999999973,0.00047740000000118243,0.0014180999999986454,0.5100815999999959,0.5109016000000004,0.5109016000000004,,,,,,,1,,,0.0,0.0,0.0,0.0,0.0,0.0,0.0,0.0
ILP-MP_t,quantum_memory_capacity,10,10,593145736,,25,40,10.0,0,1.0,1.0,1.0,4000.1850939921896,0.18509399218934652,4,7,40,1,3,"[1, 0, 0, 0]","[[4, 18, 12], [19, 13, 21], [3, 1, 15], [12, 6, 4]]","[[4, 18, 12], [19, 13, 21], [3, 1, 15], [12, 6, 4]]",40,40,40,160,0.03958189999999817,0.0006030000000016855,0.002889499999998435,0.042471399999996606,0.04354269999999971,0.04354269999999971,"{(0, 1): 1, (0, 5): 1, (1, 2): 2, (1, 6): 1, (2, 3): 3, (2, 7): 1, (3, 4): 3, (3, 8): 1, (4, 9): 2, (5, 10): 1, (6, 7): 2, (7, 8): 1, (7, 12): 3, (8, 9): 1, (8, 13): 1, (9, 14): 1, (10, 15): 1, (12, 13): 2, (12, 17): 1, (13, 14): 1, (13, 18): 3, (14, 19): 2, (17, 18): 2, (17, 22): 1, (18, 19): 1, (21, 22): 1}",314954152,1899179786,2012288188,689960118,"[4265918666, 2813778286, 1199889537, 3769681090]",1,4029182149,"{'ilp_objective': 4000.1850939921896, 'ilp_expected_objective': 4000.1850939921896, 'ilp_expected_throughput_term': 0.18509399218934652, 'ilp_covered_requests': 4, 'ilp_selected_tree_count': 7, 'deployed_source_count': 40, 'ilp_objective_mode': 'coverage_expected_throughput', 'ilp_use_redundancy_reward': False, 'ilp_spend_remaining_budget_after_solve': True, 'ilp_status': 'OPTIMAL', 'ilp_candidate_seed': 1934997417, 'ilp_solver_seed': 1714257075, 'ilp_selected_trees': 7, 'ilp_candidate_tree_counts': {0: 4, 1: 4, 2: 4, 3: 4}, 'ilp_minimum_routing_source_placement': {(0, 1): 1, (0, 5): 1, (1, 2): 2, (1, 6): 1, (2, 3): 3, (2, 7): 1, (3, 4): 3, (3, 8): 1, (4, 9): 2, (5, 10): 1, (6, 7): 2, (7, 8): 1, (7, 12): 3, (8, 9): 1, (8, 13): 1, (9, 14): 1, (10, 15): 1, (12, 13): 2, (12, 17): 1, (13, 14): 1, (13, 18): 3, (14, 19): 2, (17, 18): 2, (17, 22): 1, (18, 19): 1, (21, 22): 1}, 'ilp_optimized_z_used_budget': 40, 'ilp_deployed_used_budget': 40, 'ilp_redundant_used_budget': 40, 'ilp_redundant_routing_source_placement': {(0, 1): 1, (0, 5): 1, (1, 2): 2, (1, 6): 1, (2, 3): 3, (2, 7): 1, (3, 4): 3, (3, 8): 1, (4, 9): 2, (5, 10): 1, (6, 7): 2, (7, 8): 1, (7, 12): 3, (8, 9): 1, (8, 13): 1, (9, 14): 1, (10, 15): 1, (12, 13): 2, (12, 17): 1, (13, 14): 1, (13, 18): 3, (14, 19): 2, (17, 18): 2, (17, 22): 1, (18, 19): 1, (21, 22): 1}, 'ilp_redundant_memory_load': {0: 2, 1: 4, 2: 6, 3: 7, 4: 5, 5: 2, 6: 3, 7: 7, 8: 4, 9: 4, 10: 2, 12: 6, 13: 7, 14: 4, 15: 1, 17: 4, 18: 6, 19: 3, 21: 1, 22: 2}, 'used_budget': 40, 'candidate_edge_count': 40, 'effective_capacity': 160}",,,,,,,,
ILP-MP_t,quantum_memory_capacity,10,10,593145736,,25,40,10.0,SUMMARY,1.0,1.0,1.0,,,,,,,,,,,,,,,0.03958189999999817,0.0006030000000016855,0.002889499999998435,0.042471399999996606,0.04354269999999971,0.04354269999999971,,,,,,,1,,,0.0,0.0,0.0,0.0,0.0,0.0,0.0,0.0
